order_id,customer_id,order_date,acquisition_channel,order_amount
ORD-000001,CUST-00001,2025-08-13,Paid Search,79.65
ORD-000002,CUST-00001,2025-08-20,Paid Search,146.59
ORD-000003,CUST-00001,2025-12-14,Paid Search,96.82
ORD-000004,CUST-00001,2025-09-08,Paid Search,121.61
ORD-000005,CUST-00001,2025-11-03,Paid Search,132.31
ORD-000006,CUST-00002,2025-08-14,Organic Social,60.32
ORD-000007,CUST-00002,2025-09-30,Organic Social,43.93
ORD-000008,CUST-00002,2025-08-22,Organic Social,81.4
ORD-000009,CUST-00003,2025-02-08,Affiliate,51.0
ORD-000010,CUST-00003,2025-02-18,Affiliate,200.05
ORD-000011,CUST-00003,2025-08-07,Affiliate,121.76
ORD-000012,CUST-00004,2025-07-18,Paid Social,115.31
ORD-000013,CUST-00004,2025-08-01,Paid Social,48.14
ORD-000014,CUST-00004,2025-08-23,Paid Social,85.09
ORD-000015,CUST-00005,2025-08-28,Paid Search,143.21
ORD-000016,CUST-00005,2025-10-20,Paid Search,74.99
ORD-000017,CUST-00006,2025-04-15,Organic Social,57.06
ORD-000018,CUST-00006,2025-05-07,Organic Social,63.76
ORD-000019,CUST-00006,2025-05-29,Organic Social,68.55
ORD-000020,CUST-00006,2025-06-02,Organic Social,80.8
ORD-000021,CUST-00006,2025-09-13,Organic Social,80.83
ORD-000022,CUST-00006,2025-08-10,Organic Social,52.93
ORD-000023,CUST-00007,2025-10-05,Paid Search,123.41
ORD-000024,CUST-00007,2025-11-03,Paid Search,132.77
ORD-000025,CUST-00008,2025-08-02,Paid Social,85.47
ORD-000026,CUST-00008,2025-09-06,Paid Social,86.55
ORD-000027,CUST-00009,2025-01-05,Paid Search,96.77
ORD-000028,CUST-00009,2025-03-10,Paid Search,87.98
ORD-000029,CUST-00010,2025-08-12,Organic Social,83.3
ORD-000030,CUST-00010,2025-10-10,Organic Social,68.5
ORD-000031,CUST-00011,2025-01-03,Email,124.07
ORD-000032,CUST-00011,2025-03-13,Email,100.57
ORD-000033,CUST-00011,2025-04-12,Email,49.21
ORD-000034,CUST-00011,2025-01-27,Email,105.16
ORD-000035,CUST-00011,2025-11-24,Email,85.77
ORD-000036,CUST-00012,2025-02-16,Paid Social,50.26
ORD-000037,CUST-00012,2025-03-17,Paid Social,125.45
ORD-000038,CUST-00012,2025-05-06,Paid Social,44.2
ORD-000039,CUST-00012,2025-03-26,Paid Social,114.57
ORD-000040,CUST-00013,2025-06-18,Paid Search,96.33
ORD-000041,CUST-00013,2025-08-18,Paid Search,94.87
ORD-000042,CUST-00013,2025-07-11,Paid Search,57.4
ORD-000043,CUST-00014,2025-05-20,Paid Social,89.71
ORD-000044,CUST-00014,2025-06-09,Paid Social,52.01
ORD-000045,CUST-00014,2025-08-19,Paid Social,78.1
ORD-000046,CUST-00014,2025-07-28,Paid Social,65.45
ORD-000047,CUST-00015,2025-03-25,Paid Search,90.45
ORD-000048,CUST-00015,2025-03-26,Paid Search,79.84
ORD-000049,CUST-00016,2025-05-19,Affiliate,46.05
ORD-000050,CUST-00016,2025-06-14,Affiliate,72.47
ORD-000051,CUST-00017,2025-10-03,Paid Social,109.7
ORD-000052,CUST-00017,2025-10-16,Paid Social,59.17
ORD-000053,CUST-00018,2025-02-06,Display,77.2
ORD-000054,CUST-00018,2025-02-08,Display,75.5
ORD-000055,CUST-00018,2025-05-13,Display,89.21
ORD-000056,CUST-00018,2025-02-10,Display,85.84
ORD-000057,CUST-00019,2025-08-19,Paid Search,61.45
ORD-000058,CUST-00019,2025-10-19,Paid Search,120.4
ORD-000059,CUST-00020,2025-07-30,Paid Social,68.34
ORD-000060,CUST-00020,2025-08-09,Paid Social,67.28
ORD-000061,CUST-00020,2025-08-03,Paid Social,94.54
ORD-000062,CUST-00021,2025-10-26,Paid Search,93.21
ORD-000063,CUST-00021,2025-11-15,Paid Search,87.12
ORD-000064,CUST-00022,2025-09-07,Affiliate,117.02
ORD-000065,CUST-00022,2025-10-19,Affiliate,140.45
ORD-000066,CUST-00023,2025-10-11,Affiliate,119.34
ORD-000067,CUST-00023,2025-10-13,Affiliate,141.16
ORD-000068,CUST-00023,2025-12-31,Affiliate,68.38
ORD-000069,CUST-00024,2025-08-20,Paid Search,76.65
ORD-000070,CUST-00024,2025-09-25,Paid Search,87.22
ORD-000071,CUST-00024,2025-10-28,Paid Search,60.74
ORD-000072,CUST-00024,2025-09-04,Paid Search,56.49
ORD-000073,CUST-00024,2025-09-07,Paid Search,68.88
ORD-000074,CUST-00025,2025-04-10,Paid Search,96.4
ORD-000075,CUST-00025,2025-04-25,Paid Search,134.46
ORD-000076,CUST-00025,2025-05-28,Paid Search,98.62
ORD-000077,CUST-00026,2025-10-19,Affiliate,86.34
ORD-000078,CUST-00026,2025-12-14,Affiliate,70.06
ORD-000079,CUST-00026,2025-12-11,Affiliate,97.0
ORD-000080,CUST-00027,2025-07-06,Paid Search,79.43
ORD-000081,CUST-00027,2025-08-05,Paid Search,123.01
ORD-000082,CUST-00027,2025-10-11,Paid Search,77.21
ORD-000083,CUST-00027,2025-08-20,Paid Search,129.75
ORD-000084,CUST-00028,2025-03-20,Email,59.39
ORD-000085,CUST-00028,2025-03-25,Email,92.11
ORD-000086,CUST-00028,2025-06-14,Email,60.19
ORD-000087,CUST-00029,2025-01-08,Email,97.48
ORD-000088,CUST-00030,2025-09-12,Paid Search,126.92
ORD-000089,CUST-00030,2025-09-17,Paid Search,69.61
ORD-000090,CUST-00031,2025-09-17,Email,101.39
ORD-000091,CUST-00031,2025-10-23,Email,80.18
ORD-000092,CUST-00032,2025-07-22,Paid Social,82.63
ORD-000093,CUST-00032,2025-07-28,Paid Social,82.49
ORD-000094,CUST-00032,2025-09-03,Paid Social,73.21
ORD-000095,CUST-00032,2025-08-04,Paid Social,84.52
ORD-000096,CUST-00033,2025-09-01,Paid Social,94.0
ORD-000097,CUST-00033,2025-09-03,Paid Social,87.13
ORD-000098,CUST-00034,2025-07-14,Paid Social,36.72
ORD-000099,CUST-00035,2025-08-21,Affiliate,93.12
ORD-000100,CUST-00035,2025-09-02,Affiliate,107.47
ORD-000101,CUST-00035,2025-09-22,Affiliate,124.52
ORD-000102,CUST-00035,2025-12-04,Affiliate,142.77
ORD-000103,CUST-00036,2025-08-07,Paid Search,124.66
ORD-000104,CUST-00036,2025-08-12,Paid Search,68.88
ORD-000105,CUST-00037,2025-06-30,Paid Social,77.21
ORD-000106,CUST-00037,2025-10-04,Paid Social,71.97
ORD-000107,CUST-00037,2025-11-17,Paid Social,70.9
ORD-000108,CUST-00037,2025-07-23,Paid Social,85.59
ORD-000109,CUST-00038,2025-09-19,Paid Search,137.25
ORD-000110,CUST-00038,2025-10-25,Paid Search,67.91
ORD-000111,CUST-00039,2025-04-11,Affiliate,82.49
ORD-000112,CUST-00039,2025-04-12,Affiliate,93.75
ORD-000113,CUST-00039,2025-11-03,Affiliate,90.61
ORD-000114,CUST-00039,2025-07-11,Affiliate,118.04
ORD-000115,CUST-00039,2025-04-17,Affiliate,97.41
ORD-000116,CUST-00040,2025-03-19,Paid Search,114.85
ORD-000117,CUST-00040,2025-04-23,Paid Search,143.13
ORD-000118,CUST-00040,2025-05-14,Paid Search,133.34
ORD-000119,CUST-00041,2025-07-07,Display,84.57
ORD-000120,CUST-00042,2025-06-01,Email,97.19
ORD-000121,CUST-00042,2025-07-29,Email,67.35
ORD-000122,CUST-00043,2025-05-10,Affiliate,81.27
ORD-000123,CUST-00043,2025-05-22,Affiliate,92.48
ORD-000124,CUST-00043,2025-07-19,Affiliate,81.11
ORD-000125,CUST-00043,2025-08-02,Affiliate,73.33
ORD-000126,CUST-00044,2025-07-13,Email,98.18
ORD-000127,CUST-00044,2025-12-15,Email,123.47
ORD-000128,CUST-00044,2025-08-18,Email,86.1
ORD-000129,CUST-00044,2025-08-19,Email,73.44
ORD-000130,CUST-00045,2025-01-12,Email,111.87
ORD-000131,CUST-00045,2025-02-20,Email,122.8
ORD-000132,CUST-00045,2025-05-10,Email,49.28
ORD-000133,CUST-00045,2025-01-25,Email,78.43
ORD-000134,CUST-00046,2025-10-18,Affiliate,99.07
ORD-000135,CUST-00046,2025-11-02,Affiliate,152.31
ORD-000136,CUST-00046,2025-10-18,Affiliate,121.29
ORD-000137,CUST-00047,2025-04-12,Email,111.6
ORD-000138,CUST-00047,2025-04-27,Email,119.25
ORD-000139,CUST-00047,2025-07-30,Email,104.46
ORD-000140,CUST-00047,2025-09-15,Email,72.52
ORD-000141,CUST-00047,2025-08-18,Email,95.79
ORD-000142,CUST-00048,2025-10-11,Affiliate,74.76
ORD-000143,CUST-00048,2025-11-23,Affiliate,141.1
ORD-000144,CUST-00049,2025-05-05,Paid Search,96.86
ORD-000145,CUST-00049,2025-05-09,Paid Search,98.39
ORD-000146,CUST-00049,2025-08-17,Paid Search,86.95
ORD-000147,CUST-00050,2025-04-22,Paid Social,42.59
ORD-000148,CUST-00050,2025-05-02,Paid Social,93.63
ORD-000149,CUST-00050,2025-07-29,Paid Social,53.84
ORD-000150,CUST-00050,2025-05-02,Paid Social,74.21
ORD-000151,CUST-00051,2025-08-21,Affiliate,64.35
ORD-000152,CUST-00051,2025-08-29,Affiliate,75.14
ORD-000153,CUST-00051,2025-09-08,Affiliate,68.71
ORD-000154,CUST-00052,2025-04-03,Affiliate,104.67
ORD-000155,CUST-00052,2025-04-15,Affiliate,109.67
ORD-000156,CUST-00052,2025-04-17,Affiliate,101.52
ORD-000157,CUST-00052,2025-04-30,Affiliate,163.1
ORD-000158,CUST-00052,2025-05-29,Affiliate,101.28
ORD-000159,CUST-00053,2025-03-11,Affiliate,96.57
ORD-000160,CUST-00053,2025-05-22,Affiliate,144.08
ORD-000161,CUST-00053,2025-03-11,Affiliate,109.06
ORD-000162,CUST-00054,2025-05-29,Email,65.44
ORD-000163,CUST-00054,2025-06-09,Email,106.0
ORD-000164,CUST-00054,2025-06-19,Email,82.22
ORD-000165,CUST-00054,2025-08-07,Email,80.17
ORD-000166,CUST-00054,2025-06-24,Email,83.8
ORD-000167,CUST-00055,2025-09-14,Organic Social,94.85
ORD-000168,CUST-00055,2025-11-19,Organic Social,61.42
ORD-000169,CUST-00056,2025-07-14,Paid Search,61.27
ORD-000170,CUST-00056,2025-09-18,Paid Search,86.6
ORD-000171,CUST-00056,2025-11-14,Paid Search,112.18
ORD-000172,CUST-00056,2025-10-13,Paid Search,111.42
ORD-000173,CUST-00057,2025-10-12,Paid Search,122.04
ORD-000174,CUST-00058,2025-04-29,Paid Search,93.53
ORD-000175,CUST-00058,2025-05-20,Paid Search,135.25
ORD-000176,CUST-00058,2025-06-13,Paid Search,65.0
ORD-000177,CUST-00059,2025-04-05,Organic Social,62.74
ORD-000178,CUST-00059,2025-07-17,Organic Social,50.44
ORD-000179,CUST-00059,2025-07-31,Organic Social,52.82
ORD-000180,CUST-00059,2025-05-06,Organic Social,66.52
ORD-000181,CUST-00059,2025-08-13,Organic Social,44.51
ORD-000182,CUST-00059,2025-12-16,Organic Social,78.78
ORD-000183,CUST-00060,2025-10-20,Paid Social,69.18
ORD-000184,CUST-00060,2025-10-27,Paid Social,85.68
ORD-000185,CUST-00061,2025-09-06,Display,63.76
ORD-000186,CUST-00061,2025-09-10,Display,66.31
ORD-000187,CUST-00061,2025-09-19,Display,72.24
ORD-000188,CUST-00062,2025-07-20,Paid Search,65.29
ORD-000189,CUST-00062,2025-08-24,Paid Search,92.85
ORD-000190,CUST-00062,2025-12-09,Paid Search,93.49
ORD-000191,CUST-00063,2025-05-26,Paid Search,105.06
ORD-000192,CUST-00063,2025-06-15,Paid Search,120.97
ORD-000193,CUST-00064,2025-11-17,Email,75.83
ORD-000194,CUST-00064,2025-12-28,Email,111.15
ORD-000195,CUST-00065,2025-01-21,Email,131.48
ORD-000196,CUST-00065,2025-01-31,Email,81.94
ORD-000197,CUST-00066,2025-08-06,Paid Search,141.98
ORD-000198,CUST-00066,2025-10-18,Paid Search,72.65
ORD-000199,CUST-00067,2025-07-21,Paid Social,41.12
ORD-000200,CUST-00067,2025-09-02,Paid Social,95.27
ORD-000201,CUST-00067,2025-08-16,Paid Social,59.67
ORD-000202,CUST-00068,2025-02-18,Paid Search,71.51
ORD-000203,CUST-00068,2025-04-26,Paid Search,101.05
ORD-000204,CUST-00069,2025-01-15,Email,97.26
ORD-000205,CUST-00069,2025-08-31,Email,78.09
ORD-000206,CUST-00069,2025-02-27,Email,83.17
ORD-000207,CUST-00070,2025-03-09,Paid Search,121.93
ORD-000208,CUST-00070,2025-06-27,Paid Search,87.95
ORD-000209,CUST-00070,2025-09-02,Paid Search,60.62
ORD-000210,CUST-00071,2025-02-25,Email,100.86
ORD-000211,CUST-00071,2025-04-18,Email,81.93
ORD-000212,CUST-00072,2025-04-29,Paid Search,133.89
ORD-000213,CUST-00072,2025-05-15,Paid Search,86.06
ORD-000214,CUST-00072,2025-05-03,Paid Search,137.51
ORD-000215,CUST-00073,2025-11-21,Email,96.25
ORD-000216,CUST-00073,2025-12-21,Email,91.16
ORD-000217,CUST-00074,2025-10-15,Paid Search,149.91
ORD-000218,CUST-00074,2025-11-24,Paid Search,97.86
ORD-000219,CUST-00074,2025-10-19,Paid Search,115.13
ORD-000220,CUST-00074,2025-12-04,Paid Search,124.86
ORD-000221,CUST-00075,2025-09-05,Paid Social,84.42
ORD-000222,CUST-00076,2025-07-04,Paid Social,84.31
ORD-000223,CUST-00076,2025-08-23,Paid Social,72.87
ORD-000224,CUST-00077,2025-10-17,Display,69.22
ORD-000225,CUST-00078,2025-08-28,Email,99.36
ORD-000226,CUST-00078,2025-10-13,Email,126.18
ORD-000227,CUST-00079,2025-04-16,Organic Social,78.77
ORD-000228,CUST-00079,2025-06-28,Organic Social,67.23
ORD-000229,CUST-00079,2025-07-28,Organic Social,41.96
ORD-000230,CUST-00079,2025-07-28,Organic Social,55.52
ORD-000231,CUST-00079,2025-08-02,Organic Social,77.17
ORD-000232,CUST-00080,2025-10-14,Organic Social,111.14
ORD-000233,CUST-00080,2025-11-13,Organic Social,58.5
ORD-000234,CUST-00080,2025-10-21,Organic Social,73.8
ORD-000235,CUST-00081,2025-07-18,Display,118.37
ORD-000236,CUST-00081,2025-11-13,Display,112.84
ORD-000237,CUST-00082,2025-07-02,Affiliate,89.71
ORD-000238,CUST-00082,2025-07-20,Affiliate,56.63
ORD-000239,CUST-00082,2025-11-26,Affiliate,132.78
ORD-000240,CUST-00083,2025-06-27,Email,77.01
ORD-000241,CUST-00083,2025-10-29,Email,72.4
ORD-000242,CUST-00083,2025-11-13,Email,154.68
ORD-000243,CUST-00083,2025-08-25,Email,89.52
ORD-000244,CUST-00084,2025-02-24,Display,52.22
ORD-000245,CUST-00084,2025-04-06,Display,81.09
ORD-000246,CUST-00084,2025-07-19,Display,97.96
ORD-000247,CUST-00085,2025-07-16,Email,121.84
ORD-000248,CUST-00085,2025-07-23,Email,58.85
ORD-000249,CUST-00086,2025-03-22,Paid Social,52.59
ORD-000250,CUST-00086,2025-03-30,Paid Social,99.82
ORD-000251,CUST-00086,2025-08-01,Paid Social,106.86
ORD-000252,CUST-00086,2025-09-11,Paid Social,93.14
ORD-000253,CUST-00086,2025-10-29,Paid Social,86.74
ORD-000254,CUST-00086,2025-12-10,Paid Social,59.37
ORD-000255,CUST-00087,2025-04-28,Paid Social,68.41
ORD-000256,CUST-00087,2025-08-23,Paid Social,69.59
ORD-000257,CUST-00087,2025-09-19,Paid Social,111.36
ORD-000258,CUST-00087,2025-06-28,Paid Social,89.05
ORD-000259,CUST-00088,2025-05-27,Email,118.89
ORD-000260,CUST-00088,2025-07-06,Email,70.68
ORD-000261,CUST-00088,2025-06-09,Email,145.07
ORD-000262,CUST-00088,2025-05-29,Email,57.91
ORD-000263,CUST-00088,2025-06-30,Email,69.19
ORD-000264,CUST-00088,2025-06-06,Email,49.34
ORD-000265,CUST-00089,2025-01-01,Display,46.52
ORD-000266,CUST-00090,2025-08-09,Paid Social,41.52
ORD-000267,CUST-00090,2025-08-09,Paid Social,69.89
ORD-000268,CUST-00090,2025-08-12,Paid Social,58.84
ORD-000269,CUST-00091,2025-01-07,Paid Search,92.63
ORD-000270,CUST-00091,2025-03-24,Paid Search,85.02
ORD-000271,CUST-00091,2025-03-24,Paid Search,56.32
ORD-000272,CUST-00092,2025-05-15,Paid Social,118.58
ORD-000273,CUST-00092,2025-07-24,Paid Social,68.83
ORD-000274,CUST-00092,2025-12-09,Paid Social,39.21
ORD-000275,CUST-00093,2025-10-31,Organic Social,50.07
ORD-000276,CUST-00093,2025-12-31,Organic Social,64.8
ORD-000277,CUST-00094,2025-11-03,Paid Search,116.45
ORD-000278,CUST-00094,2025-11-10,Paid Search,75.55
ORD-000279,CUST-00095,2025-05-01,Email,99.6
ORD-000280,CUST-00095,2025-06-23,Email,111.09
ORD-000281,CUST-00095,2025-11-11,Email,104.58
ORD-000282,CUST-00095,2025-06-26,Email,144.09
ORD-000283,CUST-00096,2025-09-12,Organic Social,121.62
ORD-000284,CUST-00096,2025-09-30,Organic Social,27.1
ORD-000285,CUST-00096,2025-12-16,Organic Social,37.71
ORD-000286,CUST-00096,2025-10-04,Organic Social,64.43
ORD-000287,CUST-00096,2025-10-16,Organic Social,75.81
ORD-000288,CUST-00097,2025-09-16,Paid Social,75.69
ORD-000289,CUST-00097,2025-10-15,Paid Social,54.96
ORD-000290,CUST-00098,2025-11-20,Affiliate,97.19
ORD-000291,CUST-00098,2025-12-17,Affiliate,63.57
ORD-000292,CUST-00099,2025-01-22,Affiliate,120.65
ORD-000293,CUST-00099,2025-02-08,Affiliate,108.52
ORD-000294,CUST-00099,2025-04-30,Affiliate,81.54
ORD-000295,CUST-00100,2025-06-11,Paid Social,78.01
ORD-000296,CUST-00100,2025-08-05,Paid Social,73.09
ORD-000297,CUST-00101,2025-02-14,Paid Search,90.69
ORD-000298,CUST-00101,2025-04-25,Paid Search,119.3
ORD-000299,CUST-00102,2025-02-07,Paid Search,118.54
ORD-000300,CUST-00102,2025-02-22,Paid Search,58.84
ORD-000301,CUST-00102,2025-03-26,Paid Search,100.22
ORD-000302,CUST-00102,2025-06-24,Paid Search,91.78
ORD-000303,CUST-00103,2025-08-26,Paid Social,71.81
ORD-000304,CUST-00103,2025-09-18,Paid Social,69.06
ORD-000305,CUST-00103,2025-10-18,Paid Social,129.04
ORD-000306,CUST-00103,2025-10-06,Paid Social,111.46
ORD-000307,CUST-00103,2025-08-28,Paid Social,126.42
ORD-000308,CUST-00103,2025-12-20,Paid Social,54.69
ORD-000309,CUST-00104,2025-04-06,Organic Social,82.19
ORD-000310,CUST-00104,2025-05-25,Organic Social,68.26
ORD-000311,CUST-00104,2025-06-11,Organic Social,104.37
ORD-000312,CUST-00105,2025-02-02,Paid Search,47.07
ORD-000313,CUST-00105,2025-03-02,Paid Search,87.43
ORD-000314,CUST-00106,2025-06-24,Organic Social,107.48
ORD-000315,CUST-00106,2025-07-15,Organic Social,89.76
ORD-000316,CUST-00106,2025-08-04,Organic Social,47.1
ORD-000317,CUST-00106,2025-09-09,Organic Social,69.65
ORD-000318,CUST-00107,2025-11-09,Paid Search,117.57
ORD-000319,CUST-00107,2025-12-10,Paid Search,124.14
ORD-000320,CUST-00108,2025-04-15,Organic Social,39.57
ORD-000321,CUST-00108,2025-06-13,Organic Social,73.39
ORD-000322,CUST-00108,2025-08-19,Organic Social,87.41
ORD-000323,CUST-00108,2025-04-26,Organic Social,47.64
ORD-000324,CUST-00109,2025-08-14,Paid Search,75.81
ORD-000325,CUST-00109,2025-10-02,Paid Search,104.73
ORD-000326,CUST-00110,2025-07-31,Email,101.57
ORD-000327,CUST-00110,2025-12-07,Email,115.51
ORD-000328,CUST-00110,2025-10-17,Email,83.88
ORD-000329,CUST-00111,2025-02-27,Paid Search,77.97
ORD-000330,CUST-00111,2025-05-04,Paid Search,114.96
ORD-000331,CUST-00111,2025-06-26,Paid Search,122.72
ORD-000332,CUST-00111,2025-05-30,Paid Search,123.83
ORD-000333,CUST-00112,2025-08-19,Paid Search,88.54
ORD-000334,CUST-00112,2025-10-12,Paid Search,69.92
ORD-000335,CUST-00112,2025-10-13,Paid Search,123.0
ORD-000336,CUST-00113,2025-08-12,Paid Search,106.1
ORD-000337,CUST-00113,2025-11-09,Paid Search,112.65
ORD-000338,CUST-00113,2025-08-27,Paid Search,83.74
ORD-000339,CUST-00114,2025-02-13,Paid Search,126.42
ORD-000340,CUST-00114,2025-03-12,Paid Search,119.59
ORD-000341,CUST-00115,2025-08-27,Paid Search,98.81
ORD-000342,CUST-00115,2025-09-24,Paid Search,82.61
ORD-000343,CUST-00115,2025-10-18,Paid Search,93.05
ORD-000344,CUST-00116,2025-11-01,Email,57.29
ORD-000345,CUST-00116,2025-12-31,Email,50.42
ORD-000346,CUST-00117,2025-02-06,Paid Social,70.83
ORD-000347,CUST-00117,2025-04-26,Paid Social,80.05
ORD-000348,CUST-00117,2025-04-04,Paid Social,41.76
ORD-000349,CUST-00118,2025-02-02,Display,99.83
ORD-000350,CUST-00119,2025-10-15,Display,73.57
ORD-000351,CUST-00119,2025-11-27,Display,81.43
ORD-000352,CUST-00120,2025-04-10,Affiliate,141.1
ORD-000353,CUST-00120,2025-05-03,Affiliate,138.47
ORD-000354,CUST-00120,2025-04-11,Affiliate,64.64
ORD-000355,CUST-00120,2025-06-23,Affiliate,81.88
ORD-000356,CUST-00121,2025-10-24,Affiliate,72.5
ORD-000357,CUST-00121,2025-10-25,Affiliate,81.97
ORD-000358,CUST-00122,2025-04-23,Affiliate,95.77
ORD-000359,CUST-00122,2025-04-24,Affiliate,158.83
ORD-000360,CUST-00122,2025-04-28,Affiliate,83.1
ORD-000361,CUST-00123,2025-05-04,Paid Social,56.75
ORD-000362,CUST-00123,2025-06-02,Paid Social,66.95
ORD-000363,CUST-00123,2025-07-02,Paid Social,89.76
ORD-000364,CUST-00124,2025-08-27,Paid Social,98.35
ORD-000365,CUST-00124,2025-11-14,Paid Social,72.0
ORD-000366,CUST-00124,2025-11-03,Paid Social,113.58
ORD-000367,CUST-00125,2025-10-12,Paid Social,85.22
ORD-000368,CUST-00125,2025-10-14,Paid Social,70.79
ORD-000369,CUST-00126,2025-01-28,Email,69.14
ORD-000370,CUST-00126,2025-02-24,Email,119.26
ORD-000371,CUST-00127,2025-08-24,Paid Social,78.48
ORD-000372,CUST-00127,2025-11-21,Paid Social,99.83
ORD-000373,CUST-00127,2025-09-18,Paid Social,43.87
ORD-000374,CUST-00127,2025-09-12,Paid Social,68.01
ORD-000375,CUST-00128,2025-10-14,Email,68.97
ORD-000376,CUST-00128,2025-10-22,Email,128.42
ORD-000377,CUST-00129,2025-05-22,Paid Search,100.7
ORD-000378,CUST-00129,2025-06-09,Paid Search,114.46
ORD-000379,CUST-00129,2025-06-16,Paid Search,149.37
ORD-000380,CUST-00130,2025-08-24,Paid Search,69.04
ORD-000381,CUST-00130,2025-10-23,Paid Search,116.83
ORD-000382,CUST-00131,2025-07-28,Display,62.07
ORD-000383,CUST-00131,2025-08-22,Display,67.03
ORD-000384,CUST-00131,2025-10-09,Display,111.18
ORD-000385,CUST-00131,2025-11-18,Display,77.7
ORD-000386,CUST-00132,2025-10-15,Paid Search,146.12
ORD-000387,CUST-00132,2025-10-28,Paid Search,95.23
ORD-000388,CUST-00133,2025-07-16,Paid Search,55.67
ORD-000389,CUST-00133,2025-11-02,Paid Search,133.13
ORD-000390,CUST-00133,2025-07-30,Paid Search,92.37
ORD-000391,CUST-00134,2025-02-13,Paid Search,73.14
ORD-000392,CUST-00134,2025-03-13,Paid Search,101.89
ORD-000393,CUST-00134,2025-03-02,Paid Search,133.95
ORD-000394,CUST-00134,2025-03-24,Paid Search,68.87
ORD-000395,CUST-00134,2025-12-13,Paid Search,108.54
ORD-000396,CUST-00135,2025-01-22,Paid Social,49.48
ORD-000397,CUST-00135,2025-03-20,Paid Social,49.67
ORD-000398,CUST-00135,2025-02-15,Paid Social,121.2
ORD-000399,CUST-00136,2025-09-07,Paid Social,68.42
ORD-000400,CUST-00136,2025-11-02,Paid Social,37.98
ORD-000401,CUST-00136,2025-12-24,Paid Social,58.32
ORD-000402,CUST-00137,2025-05-20,Paid Social,49.83
ORD-000403,CUST-00137,2025-05-27,Paid Social,88.4
ORD-000404,CUST-00137,2025-08-11,Paid Social,85.36
ORD-000405,CUST-00138,2025-03-14,Paid Search,121.69
ORD-000406,CUST-00138,2025-06-11,Paid Search,117.42
ORD-000407,CUST-00139,2025-05-06,Paid Search,136.79
ORD-000408,CUST-00139,2025-05-25,Paid Search,87.84
ORD-000409,CUST-00139,2025-05-28,Paid Search,69.72
ORD-000410,CUST-00140,2025-05-12,Paid Search,130.38
ORD-000411,CUST-00140,2025-07-03,Paid Search,89.01
ORD-000412,CUST-00141,2025-05-18,Paid Social,47.05
ORD-000413,CUST-00141,2025-05-21,Paid Social,63.62
ORD-000414,CUST-00141,2025-06-01,Paid Social,45.14
ORD-000415,CUST-00142,2025-09-19,Paid Social,68.98
ORD-000416,CUST-00142,2025-11-12,Paid Social,78.25
ORD-000417,CUST-00142,2025-10-25,Paid Social,87.32
ORD-000418,CUST-00143,2025-08-25,Affiliate,126.25
ORD-000419,CUST-00143,2025-09-28,Affiliate,126.25
ORD-000420,CUST-00144,2025-04-09,Email,103.62
ORD-000421,CUST-00145,2025-09-13,Email,116.35
ORD-000422,CUST-00145,2025-09-30,Email,47.94
ORD-000423,CUST-00145,2025-09-22,Email,56.9
ORD-000424,CUST-00146,2025-02-26,Email,113.79
ORD-000425,CUST-00146,2025-03-19,Email,87.72
ORD-000426,CUST-00146,2025-06-21,Email,113.91
ORD-000427,CUST-00147,2025-03-17,Paid Social,63.54
ORD-000428,CUST-00147,2025-04-24,Paid Social,50.98
ORD-000429,CUST-00147,2025-06-20,Paid Social,94.25
ORD-000430,CUST-00148,2025-09-05,Organic Social,92.67
ORD-000431,CUST-00148,2025-09-25,Organic Social,117.39
ORD-000432,CUST-00148,2025-12-08,Organic Social,68.62
ORD-000433,CUST-00148,2025-09-15,Organic Social,98.75
ORD-000434,CUST-00149,2025-03-01,Paid Search,60.36
ORD-000435,CUST-00149,2025-03-22,Paid Search,94.57
ORD-000436,CUST-00149,2025-09-21,Paid Search,73.87
ORD-000437,CUST-00149,2025-07-04,Paid Search,81.56
ORD-000438,CUST-00150,2025-06-06,Paid Search,62.93
ORD-000439,CUST-00150,2025-08-06,Paid Search,122.29
ORD-000440,CUST-00150,2025-07-24,Paid Search,153.78
ORD-000441,CUST-00150,2025-10-11,Paid Search,85.68
ORD-000442,CUST-00151,2025-04-14,Paid Search,70.87
ORD-000443,CUST-00151,2025-04-28,Paid Search,122.8
ORD-000444,CUST-00151,2025-07-06,Paid Search,71.58
ORD-000445,CUST-00151,2025-04-23,Paid Search,102.11
ORD-000446,CUST-00151,2025-06-03,Paid Search,59.79
ORD-000447,CUST-00152,2025-03-30,Affiliate,154.05
ORD-000448,CUST-00152,2025-04-18,Affiliate,91.4
ORD-000449,CUST-00153,2025-09-14,Organic Social,107.46
ORD-000450,CUST-00153,2025-10-18,Organic Social,62.37
ORD-000451,CUST-00154,2025-03-10,Affiliate,120.4
ORD-000452,CUST-00154,2025-04-17,Affiliate,144.91
ORD-000453,CUST-00154,2025-10-01,Affiliate,157.81
ORD-000454,CUST-00154,2025-05-28,Affiliate,140.12
ORD-000455,CUST-00155,2025-03-06,Paid Social,59.47
ORD-000456,CUST-00155,2025-04-29,Paid Social,78.63
ORD-000457,CUST-00155,2025-06-18,Paid Social,64.18
ORD-000458,CUST-00155,2025-12-03,Paid Social,71.76
ORD-000459,CUST-00156,2025-10-31,Organic Social,74.86
ORD-000460,CUST-00156,2025-11-15,Organic Social,105.33
ORD-000461,CUST-00157,2025-10-06,Paid Search,77.36
ORD-000462,CUST-00157,2025-11-05,Paid Search,124.55
ORD-000463,CUST-00158,2025-10-28,Email,84.42
ORD-000464,CUST-00158,2025-11-11,Email,80.51
ORD-000465,CUST-00159,2025-04-10,Organic Social,54.33
ORD-000466,CUST-00159,2025-04-20,Organic Social,73.93
ORD-000467,CUST-00159,2025-08-09,Organic Social,85.86
ORD-000468,CUST-00160,2025-02-23,Display,50.59
ORD-000469,CUST-00160,2025-07-22,Display,73.68
ORD-000470,CUST-00160,2025-02-26,Display,94.39
ORD-000471,CUST-00161,2025-01-05,Paid Search,73.5
ORD-000472,CUST-00161,2025-01-27,Paid Search,83.97
ORD-000473,CUST-00161,2025-05-29,Paid Search,74.02
ORD-000474,CUST-00162,2025-05-08,Display,63.47
ORD-000475,CUST-00163,2025-06-17,Paid Search,112.81
ORD-000476,CUST-00163,2025-12-04,Paid Search,70.17
ORD-000477,CUST-00163,2025-08-22,Paid Search,92.76
ORD-000478,CUST-00164,2025-05-04,Paid Search,114.25
ORD-000479,CUST-00164,2025-05-15,Paid Search,95.63
ORD-000480,CUST-00165,2025-04-09,Display,41.65
ORD-000481,CUST-00166,2025-04-20,Paid Search,73.41
ORD-000482,CUST-00166,2025-05-21,Paid Search,80.94
ORD-000483,CUST-00166,2025-04-22,Paid Search,161.55
ORD-000484,CUST-00167,2025-06-22,Paid Search,95.4
ORD-000485,CUST-00167,2025-11-15,Paid Search,109.39
ORD-000486,CUST-00167,2025-07-17,Paid Search,137.82
ORD-000487,CUST-00167,2025-08-10,Paid Search,119.85
ORD-000488,CUST-00168,2025-07-25,Email,92.3
ORD-000489,CUST-00168,2025-08-18,Email,48.83
ORD-000490,CUST-00169,2025-09-06,Email,118.6
ORD-000491,CUST-00170,2025-08-24,Paid Search,108.29
ORD-000492,CUST-00170,2025-12-30,Paid Search,108.16
ORD-000493,CUST-00170,2025-10-15,Paid Search,123.77
ORD-000494,CUST-00170,2025-09-05,Paid Search,92.22
ORD-000495,CUST-00171,2025-06-28,Paid Search,103.78
ORD-000496,CUST-00171,2025-08-10,Paid Search,82.49
ORD-000497,CUST-00171,2025-08-31,Paid Search,106.28
ORD-000498,CUST-00171,2025-09-05,Paid Search,54.17
ORD-000499,CUST-00172,2025-05-05,Affiliate,104.45
ORD-000500,CUST-00172,2025-05-31,Affiliate,88.67
ORD-000501,CUST-00172,2025-05-10,Affiliate,83.06
ORD-000502,CUST-00172,2025-10-22,Affiliate,119.19
ORD-000503,CUST-00173,2025-01-27,Paid Search,102.31
ORD-000504,CUST-00173,2025-02-04,Paid Search,85.44
ORD-000505,CUST-00173,2025-05-08,Paid Search,89.59
ORD-000506,CUST-00174,2025-03-28,Email,144.44
ORD-000507,CUST-00174,2025-04-04,Email,65.09
ORD-000508,CUST-00174,2025-03-31,Email,69.95
ORD-000509,CUST-00175,2025-10-19,Organic Social,60.35
ORD-000510,CUST-00176,2025-10-19,Paid Social,40.27
ORD-000511,CUST-00176,2025-10-28,Paid Social,43.53
ORD-000512,CUST-00176,2025-10-20,Paid Social,79.68
ORD-000513,CUST-00177,2025-04-22,Paid Search,100.38
ORD-000514,CUST-00177,2025-05-20,Paid Search,78.67
ORD-000515,CUST-00177,2025-05-09,Paid Search,84.79
ORD-000516,CUST-00177,2025-09-09,Paid Search,92.73
ORD-000517,CUST-00177,2025-05-05,Paid Search,164.45
ORD-000518,CUST-00178,2025-02-17,Paid Social,71.89
ORD-000519,CUST-00179,2025-09-19,Email,58.67
ORD-000520,CUST-00179,2025-09-26,Email,96.39
ORD-000521,CUST-00179,2025-09-22,Email,70.61
ORD-000522,CUST-00179,2025-10-05,Email,104.04
ORD-000523,CUST-00180,2025-01-14,Display,126.95
ORD-000524,CUST-00180,2025-03-20,Display,99.23
ORD-000525,CUST-00180,2025-03-15,Display,58.46
ORD-000526,CUST-00180,2025-11-27,Display,109.39
ORD-000527,CUST-00180,2025-10-31,Display,82.82
ORD-000528,CUST-00180,2025-04-29,Display,102.85
ORD-000529,CUST-00181,2025-06-01,Email,61.66
ORD-000530,CUST-00181,2025-07-07,Email,161.27
ORD-000531,CUST-00181,2025-08-08,Email,81.61
ORD-000532,CUST-00182,2025-11-11,Paid Search,79.29
ORD-000533,CUST-00183,2025-09-07,Paid Search,100.71
ORD-000534,CUST-00183,2025-12-02,Paid Search,47.96
ORD-000535,CUST-00183,2025-09-30,Paid Search,124.21
ORD-000536,CUST-00184,2025-06-10,Paid Social,53.52
ORD-000537,CUST-00184,2025-08-22,Paid Social,76.41
ORD-000538,CUST-00184,2025-09-07,Paid Social,77.88
ORD-000539,CUST-00184,2025-10-27,Paid Social,61.28
ORD-000540,CUST-00185,2025-08-03,Display,50.05
ORD-000541,CUST-00185,2025-09-19,Display,65.1
ORD-000542,CUST-00186,2025-07-18,Email,64.16
ORD-000543,CUST-00186,2025-08-06,Email,106.69
ORD-000544,CUST-00187,2025-06-29,Paid Search,66.08
ORD-000545,CUST-00188,2025-02-09,Affiliate,101.37
ORD-000546,CUST-00188,2025-04-29,Affiliate,89.39
ORD-000547,CUST-00188,2025-05-15,Affiliate,114.09
ORD-000548,CUST-00188,2025-10-15,Affiliate,136.06
ORD-000549,CUST-00189,2025-02-25,Email,77.86
ORD-000550,CUST-00189,2025-03-07,Email,80.53
ORD-000551,CUST-00190,2025-06-10,Affiliate,71.86
ORD-000552,CUST-00190,2025-08-04,Affiliate,55.99
ORD-000553,CUST-00190,2025-08-08,Affiliate,82.63
ORD-000554,CUST-00190,2025-07-20,Affiliate,121.1
ORD-000555,CUST-00191,2025-08-06,Paid Social,91.08
ORD-000556,CUST-00191,2025-08-20,Paid Social,48.96
ORD-000557,CUST-00192,2025-10-23,Paid Social,101.25
ORD-000558,CUST-00192,2025-11-26,Paid Social,68.24
ORD-000559,CUST-00193,2025-03-14,Paid Social,56.85
ORD-000560,CUST-00193,2025-04-16,Paid Social,48.73
ORD-000561,CUST-00193,2025-03-19,Paid Social,70.89
ORD-000562,CUST-00193,2025-08-08,Paid Social,85.94
ORD-000563,CUST-00194,2025-11-03,Display,75.65
ORD-000564,CUST-00194,2025-12-03,Display,95.42
ORD-000565,CUST-00195,2025-09-11,Display,138.16
ORD-000566,CUST-00195,2025-09-14,Display,50.27
ORD-000567,CUST-00195,2025-11-01,Display,85.11
ORD-000568,CUST-00196,2025-10-13,Display,52.89
ORD-000569,CUST-00196,2025-10-18,Display,54.4
ORD-000570,CUST-00197,2025-11-02,Paid Search,69.51
ORD-000571,CUST-00197,2025-12-12,Paid Search,99.87
ORD-000572,CUST-00198,2025-03-21,Email,55.6
ORD-000573,CUST-00198,2025-07-21,Email,65.83
ORD-000574,CUST-00198,2025-12-16,Email,105.54
ORD-000575,CUST-00198,2025-10-26,Email,48.98
ORD-000576,CUST-00199,2025-03-22,Paid Social,77.69
ORD-000577,CUST-00199,2025-06-15,Paid Social,77.75
ORD-000578,CUST-00199,2025-06-08,Paid Social,54.04
ORD-000579,CUST-00200,2025-02-20,Affiliate,64.28
ORD-000580,CUST-00200,2025-03-13,Affiliate,122.43
ORD-000581,CUST-00200,2025-03-09,Affiliate,76.96
ORD-000582,CUST-00200,2025-07-20,Affiliate,71.89
ORD-000583,CUST-00200,2025-12-03,Affiliate,108.55
ORD-000584,CUST-00201,2025-02-07,Paid Search,76.73
ORD-000585,CUST-00202,2025-09-03,Paid Search,101.26
ORD-000586,CUST-00202,2025-11-15,Paid Search,141.36
ORD-000587,CUST-00202,2025-10-13,Paid Search,105.09
ORD-000588,CUST-00203,2025-08-03,Paid Search,85.16
ORD-000589,CUST-00203,2025-11-05,Paid Search,128.48
ORD-000590,CUST-00203,2025-10-24,Paid Search,120.63
ORD-000591,CUST-00203,2025-10-27,Paid Search,87.78
ORD-000592,CUST-00204,2025-06-07,Paid Search,78.54
ORD-000593,CUST-00204,2025-07-15,Paid Search,122.02
ORD-000594,CUST-00204,2025-06-27,Paid Search,81.59
ORD-000595,CUST-00204,2025-08-05,Paid Search,102.43
ORD-000596,CUST-00205,2025-05-12,Paid Search,61.85
ORD-000597,CUST-00205,2025-07-13,Paid Search,118.93
ORD-000598,CUST-00206,2025-04-24,Paid Search,122.94
ORD-000599,CUST-00206,2025-05-14,Paid Search,123.92
ORD-000600,CUST-00206,2025-06-12,Paid Search,115.76
ORD-000601,CUST-00206,2025-05-28,Paid Search,82.28
ORD-000602,CUST-00207,2025-05-19,Paid Social,45.78
ORD-000603,CUST-00207,2025-05-31,Paid Social,40.33
ORD-000604,CUST-00207,2025-07-06,Paid Social,64.21
ORD-000605,CUST-00207,2025-06-09,Paid Social,79.98
ORD-000606,CUST-00207,2025-12-27,Paid Social,44.37
ORD-000607,CUST-00208,2025-01-21,Paid Search,47.29
ORD-000608,CUST-00208,2025-01-30,Paid Search,90.59
ORD-000609,CUST-00209,2025-11-26,Affiliate,89.2
ORD-000610,CUST-00210,2025-06-26,Paid Search,94.77
ORD-000611,CUST-00210,2025-07-27,Paid Search,50.2
ORD-000612,CUST-00210,2025-12-03,Paid Search,139.54
ORD-000613,CUST-00211,2025-06-16,Organic Social,69.91
ORD-000614,CUST-00211,2025-07-12,Organic Social,72.95
ORD-000615,CUST-00212,2025-11-14,Affiliate,104.65
ORD-000616,CUST-00212,2025-12-07,Affiliate,143.87
ORD-000617,CUST-00213,2025-06-07,Paid Search,103.88
ORD-000618,CUST-00213,2025-08-16,Paid Search,90.63
ORD-000619,CUST-00213,2025-06-23,Paid Search,98.76
ORD-000620,CUST-00213,2025-11-30,Paid Search,133.74
ORD-000621,CUST-00213,2025-06-24,Paid Search,90.81
ORD-000622,CUST-00213,2025-07-27,Paid Search,116.28
ORD-000623,CUST-00213,2025-07-24,Paid Search,104.89
ORD-000624,CUST-00213,2025-06-14,Paid Search,66.71
ORD-000625,CUST-00214,2025-04-28,Paid Search,73.88
ORD-000626,CUST-00214,2025-05-13,Paid Search,108.04
ORD-000627,CUST-00214,2025-05-24,Paid Search,65.19
ORD-000628,CUST-00215,2025-09-03,Paid Search,139.41
ORD-000629,CUST-00216,2025-09-21,Email,121.22
ORD-000630,CUST-00216,2025-10-12,Email,94.11
ORD-000631,CUST-00217,2025-08-09,Email,102.48
ORD-000632,CUST-00217,2025-08-29,Email,62.88
ORD-000633,CUST-00217,2025-09-02,Email,74.12
ORD-000634,CUST-00218,2025-10-15,Paid Social,75.38
ORD-000635,CUST-00218,2025-11-23,Paid Social,78.3
ORD-000636,CUST-00219,2025-08-01,Paid Search,74.35
ORD-000637,CUST-00219,2025-08-18,Paid Search,83.65
ORD-000638,CUST-00220,2025-10-23,Email,107.13
ORD-000639,CUST-00221,2025-04-23,Paid Social,77.26
ORD-000640,CUST-00221,2025-06-19,Paid Social,68.6
ORD-000641,CUST-00221,2025-06-03,Paid Social,54.1
ORD-000642,CUST-00221,2025-08-11,Paid Social,50.92
ORD-000643,CUST-00222,2025-07-25,Organic Social,62.96
ORD-000644,CUST-00222,2025-08-27,Organic Social,67.7
ORD-000645,CUST-00222,2025-08-16,Organic Social,36.12
ORD-000646,CUST-00223,2025-01-22,Paid Social,101.98
ORD-000647,CUST-00223,2025-02-03,Paid Social,70.64
ORD-000648,CUST-00224,2025-03-20,Paid Search,75.89
ORD-000649,CUST-00224,2025-04-24,Paid Search,119.54
ORD-000650,CUST-00224,2025-06-02,Paid Search,105.32
ORD-000651,CUST-00224,2025-04-11,Paid Search,109.19
ORD-000652,CUST-00225,2025-05-09,Paid Search,64.62
ORD-000653,CUST-00225,2025-06-04,Paid Search,88.65
ORD-000654,CUST-00226,2025-08-13,Email,65.52
ORD-000655,CUST-00226,2025-10-08,Email,122.12
ORD-000656,CUST-00226,2025-12-11,Email,62.26
ORD-000657,CUST-00227,2025-01-29,Paid Social,97.57
ORD-000658,CUST-00228,2025-05-10,Paid Search,94.55
ORD-000659,CUST-00228,2025-07-15,Paid Search,69.05
ORD-000660,CUST-00228,2025-05-24,Paid Search,97.91
ORD-000661,CUST-00228,2025-06-09,Paid Search,83.57
ORD-000662,CUST-00229,2025-02-12,Paid Search,88.73
ORD-000663,CUST-00229,2025-03-07,Paid Search,56.05
ORD-000664,CUST-00229,2025-03-27,Paid Search,87.7
ORD-000665,CUST-00229,2025-06-15,Paid Search,123.21
ORD-000666,CUST-00230,2025-02-01,Paid Social,93.14
ORD-000667,CUST-00230,2025-02-17,Paid Social,82.62
ORD-000668,CUST-00230,2025-05-17,Paid Social,101.52
ORD-000669,CUST-00231,2025-10-28,Email,75.85
ORD-000670,CUST-00231,2025-12-22,Email,99.15
ORD-000671,CUST-00232,2025-05-14,Paid Search,77.33
ORD-000672,CUST-00232,2025-06-23,Paid Search,107.17
ORD-000673,CUST-00232,2025-09-30,Paid Search,122.7
ORD-000674,CUST-00232,2025-07-18,Paid Search,69.37
ORD-000675,CUST-00232,2025-11-20,Paid Search,71.47
ORD-000676,CUST-00233,2025-10-03,Display,129.73
ORD-000677,CUST-00234,2025-09-17,Paid Social,78.77
ORD-000678,CUST-00234,2025-09-30,Paid Social,82.1
ORD-000679,CUST-00235,2025-06-02,Paid Social,102.14
ORD-000680,CUST-00235,2025-06-22,Paid Social,131.42
ORD-000681,CUST-00235,2025-07-30,Paid Social,40.23
ORD-000682,CUST-00236,2025-03-28,Email,70.38
ORD-000683,CUST-00236,2025-04-04,Email,90.26
ORD-000684,CUST-00236,2025-07-08,Email,107.27
ORD-000685,CUST-00237,2025-06-12,Email,60.45
ORD-000686,CUST-00237,2025-06-14,Email,111.08
ORD-000687,CUST-00238,2025-01-25,Email,112.12
ORD-000688,CUST-00238,2025-02-05,Email,98.21
ORD-000689,CUST-00239,2025-07-26,Paid Social,113.34
ORD-000690,CUST-00239,2025-11-07,Paid Social,89.24
ORD-000691,CUST-00240,2025-01-20,Organic Social,67.66
ORD-000692,CUST-00240,2025-02-11,Organic Social,90.35
ORD-000693,CUST-00241,2025-08-07,Paid Social,39.16
ORD-000694,CUST-00242,2025-04-04,Paid Social,90.57
ORD-000695,CUST-00242,2025-04-06,Paid Social,96.89
ORD-000696,CUST-00242,2025-05-23,Paid Social,84.74
ORD-000697,CUST-00243,2025-04-23,Paid Search,71.88
ORD-000698,CUST-00243,2025-07-15,Paid Search,122.07
ORD-000699,CUST-00243,2025-07-15,Paid Search,130.6
ORD-000700,CUST-00244,2025-10-17,Paid Search,66.54
ORD-000701,CUST-00244,2025-11-25,Paid Search,91.56
ORD-000702,CUST-00244,2025-12-26,Paid Search,82.48
ORD-000703,CUST-00245,2025-11-08,Display,55.32
ORD-000704,CUST-00245,2025-12-08,Display,88.81
ORD-000705,CUST-00246,2025-10-25,Paid Search,144.96
ORD-000706,CUST-00247,2025-03-19,Organic Social,53.77
ORD-000707,CUST-00247,2025-03-31,Organic Social,60.43
ORD-000708,CUST-00247,2025-07-10,Organic Social,96.7
ORD-000709,CUST-00248,2025-03-09,Paid Search,58.97
ORD-000710,CUST-00248,2025-03-29,Paid Search,107.48
ORD-000711,CUST-00248,2025-08-26,Paid Search,64.39
ORD-000712,CUST-00249,2025-01-22,Email,68.36
ORD-000713,CUST-00249,2025-02-18,Email,137.67
ORD-000714,CUST-00249,2025-03-12,Email,112.57
ORD-000715,CUST-00250,2025-05-25,Display,80.62
ORD-000716,CUST-00251,2025-01-21,Affiliate,95.97
ORD-000717,CUST-00251,2025-03-19,Affiliate,102.98
ORD-000718,CUST-00251,2025-03-02,Affiliate,133.13
ORD-000719,CUST-00252,2025-05-09,Paid Search,66.01
ORD-000720,CUST-00252,2025-06-09,Paid Search,73.66
ORD-000721,CUST-00253,2025-09-21,Organic Social,75.75
ORD-000722,CUST-00253,2025-09-26,Organic Social,104.58
ORD-000723,CUST-00254,2025-10-24,Organic Social,68.76
ORD-000724,CUST-00254,2025-11-02,Organic Social,106.93
ORD-000725,CUST-00255,2025-10-28,Organic Social,69.42
ORD-000726,CUST-00255,2025-11-26,Organic Social,90.47
ORD-000727,CUST-00256,2025-08-14,Affiliate,103.06
ORD-000728,CUST-00256,2025-08-30,Affiliate,108.72
ORD-000729,CUST-00256,2025-10-03,Affiliate,70.17
ORD-000730,CUST-00256,2025-11-04,Affiliate,97.77
ORD-000731,CUST-00257,2025-02-12,Affiliate,129.07
ORD-000732,CUST-00257,2025-04-17,Affiliate,86.35
ORD-000733,CUST-00257,2025-04-24,Affiliate,104.31
ORD-000734,CUST-00258,2025-11-20,Email,70.14
ORD-000735,CUST-00259,2025-02-06,Affiliate,107.3
ORD-000736,CUST-00259,2025-02-15,Affiliate,158.64
ORD-000737,CUST-00260,2025-05-16,Email,84.43
ORD-000738,CUST-00260,2025-05-16,Email,92.12
ORD-000739,CUST-00261,2025-05-18,Email,109.02
ORD-000740,CUST-00261,2025-07-22,Email,76.47
ORD-000741,CUST-00261,2025-12-25,Email,61.54
ORD-000742,CUST-00262,2025-08-11,Email,80.82
ORD-000743,CUST-00263,2025-04-15,Organic Social,75.03
ORD-000744,CUST-00263,2025-04-15,Organic Social,83.51
ORD-000745,CUST-00263,2025-05-12,Organic Social,48.65
ORD-000746,CUST-00263,2025-05-01,Organic Social,64.43
ORD-000747,CUST-00264,2025-01-14,Paid Search,113.94
ORD-000748,CUST-00264,2025-02-01,Paid Search,172.8
ORD-000749,CUST-00264,2025-02-04,Paid Search,121.3
ORD-000750,CUST-00264,2025-02-14,Paid Search,88.1
ORD-000751,CUST-00264,2025-05-10,Paid Search,55.42
ORD-000752,CUST-00265,2025-07-25,Affiliate,125.78
ORD-000753,CUST-00265,2025-08-02,Affiliate,111.75
ORD-000754,CUST-00266,2025-02-09,Paid Search,58.51
ORD-000755,CUST-00266,2025-03-28,Paid Search,84.65
ORD-000756,CUST-00266,2025-02-13,Paid Search,50.66
ORD-000757,CUST-00266,2025-04-02,Paid Search,92.72
ORD-000758,CUST-00266,2025-04-26,Paid Search,103.01
ORD-000759,CUST-00266,2025-04-28,Paid Search,123.86
ORD-000760,CUST-00267,2025-05-28,Paid Social,59.5
ORD-000761,CUST-00267,2025-05-28,Paid Social,46.74
ORD-000762,CUST-00268,2025-05-04,Paid Search,85.51
ORD-000763,CUST-00268,2025-05-11,Paid Search,76.93
ORD-000764,CUST-00268,2025-06-28,Paid Search,131.68
ORD-000765,CUST-00268,2025-06-24,Paid Search,90.91
ORD-000766,CUST-00269,2025-09-15,Paid Social,55.87
ORD-000767,CUST-00270,2025-04-20,Organic Social,80.0
ORD-000768,CUST-00270,2025-05-03,Organic Social,73.44
ORD-000769,CUST-00270,2025-04-25,Organic Social,56.06
ORD-000770,CUST-00270,2025-08-21,Organic Social,90.69
ORD-000771,CUST-00271,2025-07-04,Paid Social,58.05
ORD-000772,CUST-00272,2025-09-11,Email,73.91
ORD-000773,CUST-00272,2025-10-04,Email,99.54
ORD-000774,CUST-00272,2025-10-06,Email,146.51
ORD-000775,CUST-00272,2025-10-07,Email,131.34
ORD-000776,CUST-00272,2025-12-19,Email,64.69
ORD-000777,CUST-00273,2025-08-23,Paid Search,77.83
ORD-000778,CUST-00273,2025-12-23,Paid Search,75.86
ORD-000779,CUST-00274,2025-11-05,Organic Social,80.72
ORD-000780,CUST-00274,2025-11-18,Organic Social,43.58
ORD-000781,CUST-00275,2025-08-02,Affiliate,130.89
ORD-000782,CUST-00276,2025-01-19,Paid Social,64.57
ORD-000783,CUST-00276,2025-01-24,Paid Social,38.99
ORD-000784,CUST-00276,2025-01-24,Paid Social,42.77
ORD-000785,CUST-00276,2025-03-10,Paid Social,54.13
ORD-000786,CUST-00277,2025-08-02,Paid Social,76.21
ORD-000787,CUST-00277,2025-08-13,Paid Social,67.03
ORD-000788,CUST-00277,2025-10-07,Paid Social,51.92
ORD-000789,CUST-00277,2025-10-28,Paid Social,100.86
ORD-000790,CUST-00278,2025-09-29,Paid Social,57.07
ORD-000791,CUST-00278,2025-10-16,Paid Social,70.25
ORD-000792,CUST-00279,2025-01-06,Paid Social,74.0
ORD-000793,CUST-00279,2025-02-08,Paid Social,60.75
ORD-000794,CUST-00280,2025-07-10,Paid Search,68.2
ORD-000795,CUST-00280,2025-08-07,Paid Search,126.14
ORD-000796,CUST-00280,2025-10-13,Paid Search,81.89
ORD-000797,CUST-00280,2025-07-19,Paid Search,87.6
ORD-000798,CUST-00281,2025-09-20,Organic Social,79.73
ORD-000799,CUST-00282,2025-08-01,Affiliate,56.58
ORD-000800,CUST-00283,2025-08-19,Paid Search,154.02
ORD-000801,CUST-00283,2025-09-02,Paid Search,67.7
ORD-000802,CUST-00283,2025-08-27,Paid Search,68.86
ORD-000803,CUST-00284,2025-06-11,Organic Social,90.91
ORD-000804,CUST-00284,2025-07-16,Organic Social,46.31
ORD-000805,CUST-00285,2025-05-01,Paid Search,64.29
ORD-000806,CUST-00285,2025-06-20,Paid Search,56.91
ORD-000807,CUST-00285,2025-07-27,Paid Search,128.61
ORD-000808,CUST-00286,2025-03-07,Paid Social,72.89
ORD-000809,CUST-00286,2025-04-14,Paid Social,47.33
ORD-000810,CUST-00286,2025-05-08,Paid Social,66.67
ORD-000811,CUST-00286,2025-08-02,Paid Social,66.38
ORD-000812,CUST-00287,2025-03-12,Email,70.3
ORD-000813,CUST-00287,2025-04-15,Email,111.56
ORD-000814,CUST-00287,2025-04-13,Email,66.43
ORD-000815,CUST-00287,2025-10-01,Email,61.6
ORD-000816,CUST-00288,2025-10-30,Paid Search,147.59
ORD-000817,CUST-00289,2025-09-26,Paid Search,115.18
ORD-000818,CUST-00289,2025-10-20,Paid Search,78.95
ORD-000819,CUST-00289,2025-10-18,Paid Search,102.83
ORD-000820,CUST-00290,2025-03-11,Paid Search,74.84
ORD-000821,CUST-00290,2025-05-04,Paid Search,124.42
ORD-000822,CUST-00291,2025-03-21,Display,49.49
ORD-000823,CUST-00291,2025-09-08,Display,74.83
ORD-000824,CUST-00291,2025-05-09,Display,58.27
ORD-000825,CUST-00291,2025-03-28,Display,95.64
ORD-000826,CUST-00291,2025-05-02,Display,69.13
ORD-000827,CUST-00291,2025-04-12,Display,77.04
ORD-000828,CUST-00292,2025-01-16,Organic Social,80.08
ORD-000829,CUST-00292,2025-01-26,Organic Social,92.1
ORD-000830,CUST-00293,2025-02-02,Email,110.01
ORD-000831,CUST-00293,2025-03-12,Email,126.41
ORD-000832,CUST-00294,2025-07-12,Email,70.72
ORD-000833,CUST-00294,2025-08-23,Email,92.03
ORD-000834,CUST-00295,2025-04-02,Email,127.85
ORD-000835,CUST-00296,2025-01-24,Paid Social,63.02
ORD-000836,CUST-00296,2025-01-30,Paid Social,100.53
ORD-000837,CUST-00296,2025-06-25,Paid Social,100.43
ORD-000838,CUST-00297,2025-01-03,Affiliate,111.37
ORD-000839,CUST-00297,2025-04-04,Affiliate,77.32
ORD-000840,CUST-00297,2025-01-20,Affiliate,154.64
ORD-000841,CUST-00297,2025-07-15,Affiliate,138.53
ORD-000842,CUST-00298,2025-01-23,Email,66.14
ORD-000843,CUST-00298,2025-02-13,Email,71.42
ORD-000844,CUST-00298,2025-04-25,Email,114.8
ORD-000845,CUST-00299,2025-02-08,Paid Search,101.71
ORD-000846,CUST-00299,2025-05-09,Paid Search,121.25
ORD-000847,CUST-00299,2025-08-08,Paid Search,61.54
ORD-000848,CUST-00299,2025-02-20,Paid Search,119.96
ORD-000849,CUST-00299,2025-07-30,Paid Search,68.09
ORD-000850,CUST-00299,2025-02-19,Paid Search,64.36
ORD-000851,CUST-00300,2025-06-28,Paid Search,93.61
ORD-000852,CUST-00300,2025-08-13,Paid Search,111.23
ORD-000853,CUST-00300,2025-10-24,Paid Search,96.72
ORD-000854,CUST-00300,2025-12-18,Paid Search,108.11
ORD-000855,CUST-00300,2025-07-20,Paid Search,64.06
ORD-000856,CUST-00301,2025-02-05,Organic Social,78.81
ORD-000857,CUST-00301,2025-05-12,Organic Social,61.76
ORD-000858,CUST-00301,2025-02-27,Organic Social,72.02
ORD-000859,CUST-00301,2025-12-28,Organic Social,88.85
ORD-000860,CUST-00301,2025-02-07,Organic Social,50.53
ORD-000861,CUST-00302,2025-11-06,Paid Search,121.0
ORD-000862,CUST-00303,2025-06-28,Organic Social,76.08
ORD-000863,CUST-00303,2025-08-13,Organic Social,49.96
ORD-000864,CUST-00303,2025-11-10,Organic Social,50.67
ORD-000865,CUST-00304,2025-11-07,Paid Search,84.98
ORD-000866,CUST-00304,2025-12-19,Paid Search,127.55
ORD-000867,CUST-00305,2025-04-05,Email,72.27
ORD-000868,CUST-00305,2025-04-22,Email,88.49
ORD-000869,CUST-00305,2025-06-26,Email,76.01
ORD-000870,CUST-00305,2025-04-08,Email,145.26
ORD-000871,CUST-00305,2025-06-15,Email,67.06
ORD-000872,CUST-00306,2025-08-04,Paid Social,90.88
ORD-000873,CUST-00306,2025-08-09,Paid Social,74.09
ORD-000874,CUST-00307,2025-04-21,Affiliate,104.47
ORD-000875,CUST-00307,2025-05-07,Affiliate,94.87
ORD-000876,CUST-00307,2025-06-19,Affiliate,170.23
ORD-000877,CUST-00307,2025-09-21,Affiliate,128.22
ORD-000878,CUST-00307,2025-05-10,Affiliate,78.4
ORD-000879,CUST-00308,2025-08-31,Email,67.56
ORD-000880,CUST-00308,2025-10-13,Email,57.44
ORD-000881,CUST-00308,2025-12-23,Email,101.25
ORD-000882,CUST-00309,2025-10-14,Paid Search,70.5
ORD-000883,CUST-00309,2025-11-25,Paid Search,92.84
ORD-000884,CUST-00310,2025-06-03,Paid Search,103.65
ORD-000885,CUST-00310,2025-06-11,Paid Search,128.2
ORD-000886,CUST-00310,2025-11-03,Paid Search,94.82
ORD-000887,CUST-00311,2025-08-07,Paid Social,110.52
ORD-000888,CUST-00311,2025-10-14,Paid Social,118.2
ORD-000889,CUST-00312,2025-07-17,Affiliate,153.49
ORD-000890,CUST-00312,2025-12-22,Affiliate,76.36
ORD-000891,CUST-00312,2025-08-29,Affiliate,131.48
ORD-000892,CUST-00313,2025-06-21,Display,68.9
ORD-000893,CUST-00313,2025-07-06,Display,136.63
ORD-000894,CUST-00314,2025-01-19,Affiliate,98.0
ORD-000895,CUST-00314,2025-02-10,Affiliate,149.39
ORD-000896,CUST-00315,2025-05-07,Paid Search,144.9
ORD-000897,CUST-00315,2025-05-10,Paid Search,101.3
ORD-000898,CUST-00315,2025-05-30,Paid Search,84.16
ORD-000899,CUST-00315,2025-12-23,Paid Search,122.67
ORD-000900,CUST-00316,2025-01-01,Email,150.98
ORD-000901,CUST-00316,2025-04-27,Email,80.0
ORD-000902,CUST-00316,2025-10-23,Email,169.76
ORD-000903,CUST-00316,2025-08-04,Email,73.72
ORD-000904,CUST-00316,2025-01-06,Email,63.83
ORD-000905,CUST-00316,2025-02-07,Email,64.27
ORD-000906,CUST-00317,2025-08-23,Organic Social,88.34
ORD-000907,CUST-00317,2025-11-05,Organic Social,52.96
ORD-000908,CUST-00317,2025-09-28,Organic Social,72.75
ORD-000909,CUST-00317,2025-09-17,Organic Social,56.84
ORD-000910,CUST-00317,2025-10-02,Organic Social,115.37
ORD-000911,CUST-00317,2025-09-25,Organic Social,63.32
ORD-000912,CUST-00318,2025-06-29,Affiliate,138.43
ORD-000913,CUST-00318,2025-07-31,Affiliate,139.55
ORD-000914,CUST-00318,2025-07-20,Affiliate,134.8
ORD-000915,CUST-00318,2025-11-15,Affiliate,95.06
ORD-000916,CUST-00319,2025-03-20,Paid Search,84.63
ORD-000917,CUST-00320,2025-05-01,Display,93.96
ORD-000918,CUST-00320,2025-05-13,Display,87.23
ORD-000919,CUST-00320,2025-06-20,Display,74.68
ORD-000920,CUST-00321,2025-01-11,Display,109.23
ORD-000921,CUST-00322,2025-09-14,Paid Social,38.73
ORD-000922,CUST-00322,2025-09-18,Paid Social,106.21
ORD-000923,CUST-00322,2025-09-14,Paid Social,62.49
ORD-000924,CUST-00322,2025-10-09,Paid Social,73.69
ORD-000925,CUST-00323,2025-05-20,Paid Search,130.27
ORD-000926,CUST-00323,2025-07-20,Paid Search,59.64
ORD-000927,CUST-00323,2025-06-09,Paid Search,99.12
ORD-000928,CUST-00323,2025-05-28,Paid Search,84.58
ORD-000929,CUST-00324,2025-10-07,Paid Search,57.05
ORD-000930,CUST-00324,2025-10-25,Paid Search,84.38
ORD-000931,CUST-00325,2025-03-03,Organic Social,61.79
ORD-000932,CUST-00325,2025-03-20,Organic Social,56.72
ORD-000933,CUST-00325,2025-06-26,Organic Social,64.98
ORD-000934,CUST-00326,2025-07-26,Paid Search,59.5
ORD-000935,CUST-00327,2025-02-23,Paid Social,51.11
ORD-000936,CUST-00327,2025-05-13,Paid Social,54.6
ORD-000937,CUST-00327,2025-03-20,Paid Social,85.45
ORD-000938,CUST-00327,2025-04-11,Paid Social,88.77
ORD-000939,CUST-00327,2025-07-03,Paid Social,102.45
ORD-000940,CUST-00328,2025-07-25,Affiliate,64.84
ORD-000941,CUST-00328,2025-11-14,Affiliate,145.83
ORD-000942,CUST-00328,2025-08-08,Affiliate,55.37
ORD-000943,CUST-00328,2025-09-08,Affiliate,94.42
ORD-000944,CUST-00329,2025-03-28,Display,89.33
ORD-000945,CUST-00329,2025-08-07,Display,122.47
ORD-000946,CUST-00330,2025-10-06,Organic Social,56.97
ORD-000947,CUST-00330,2025-10-14,Organic Social,67.07
ORD-000948,CUST-00330,2025-10-13,Organic Social,66.25
ORD-000949,CUST-00331,2025-10-22,Paid Search,117.39
ORD-000950,CUST-00332,2025-03-23,Display,44.3
ORD-000951,CUST-00332,2025-06-09,Display,62.7
ORD-000952,CUST-00333,2025-09-19,Paid Search,72.87
ORD-000953,CUST-00334,2025-05-11,Paid Search,80.55
ORD-000954,CUST-00334,2025-06-18,Paid Search,141.76
ORD-000955,CUST-00335,2025-01-05,Paid Search,88.89
ORD-000956,CUST-00336,2025-06-29,Email,133.64
ORD-000957,CUST-00336,2025-08-02,Email,74.91
ORD-000958,CUST-00336,2025-07-17,Email,146.52
ORD-000959,CUST-00337,2025-03-27,Display,53.35
ORD-000960,CUST-00337,2025-04-27,Display,77.64
ORD-000961,CUST-00337,2025-05-01,Display,113.3
ORD-000962,CUST-00337,2025-07-09,Display,87.94
ORD-000963,CUST-00338,2025-05-13,Paid Social,73.03
ORD-000964,CUST-00338,2025-05-15,Paid Social,76.17
ORD-000965,CUST-00338,2025-05-21,Paid Social,79.99
ORD-000966,CUST-00338,2025-12-16,Paid Social,112.2
ORD-000967,CUST-00338,2025-05-24,Paid Social,64.16
ORD-000968,CUST-00339,2025-10-15,Paid Search,130.71
ORD-000969,CUST-00339,2025-11-11,Paid Search,138.54
ORD-000970,CUST-00340,2025-02-15,Email,84.82
ORD-000971,CUST-00340,2025-02-16,Email,94.41
ORD-000972,CUST-00340,2025-02-17,Email,124.14
ORD-000973,CUST-00340,2025-05-07,Email,61.01
ORD-000974,CUST-00340,2025-04-08,Email,78.55
ORD-000975,CUST-00341,2025-10-25,Paid Search,87.02
ORD-000976,CUST-00341,2025-10-31,Paid Search,84.28
ORD-000977,CUST-00342,2025-06-07,Paid Search,72.88
ORD-000978,CUST-00343,2025-04-28,Paid Social,75.56
ORD-000979,CUST-00343,2025-05-11,Paid Social,89.68
ORD-000980,CUST-00344,2025-05-24,Paid Social,51.19
ORD-000981,CUST-00345,2025-06-01,Paid Social,62.78
ORD-000982,CUST-00345,2025-06-28,Paid Social,77.59
ORD-000983,CUST-00345,2025-12-31,Paid Social,57.28
ORD-000984,CUST-00346,2025-11-16,Email,54.55
ORD-000985,CUST-00346,2025-12-07,Email,68.65
ORD-000986,CUST-00347,2025-02-20,Paid Search,67.81
ORD-000987,CUST-00347,2025-04-12,Paid Search,126.15
ORD-000988,CUST-00347,2025-04-17,Paid Search,108.31
ORD-000989,CUST-00348,2025-06-20,Affiliate,84.4
ORD-000990,CUST-00348,2025-07-17,Affiliate,115.05
ORD-000991,CUST-00348,2025-08-22,Affiliate,118.83
ORD-000992,CUST-00348,2025-06-30,Affiliate,125.43
ORD-000993,CUST-00349,2025-09-10,Email,76.52
ORD-000994,CUST-00349,2025-10-25,Email,72.62
ORD-000995,CUST-00349,2025-11-18,Email,122.95
ORD-000996,CUST-00349,2025-09-12,Email,93.09
ORD-000997,CUST-00350,2025-03-21,Paid Search,100.4
ORD-000998,CUST-00351,2025-05-11,Email,74.42
ORD-000999,CUST-00351,2025-05-30,Email,60.73
ORD-001000,CUST-00351,2025-06-14,Email,108.53
ORD-001001,CUST-00351,2025-06-12,Email,107.5
ORD-001002,CUST-00352,2025-08-19,Paid Social,73.79
ORD-001003,CUST-00352,2025-09-30,Paid Social,62.33
ORD-001004,CUST-00352,2025-08-28,Paid Social,73.26
ORD-001005,CUST-00353,2025-05-03,Display,56.06
ORD-001006,CUST-00353,2025-07-02,Display,95.81
ORD-001007,CUST-00353,2025-05-14,Display,72.6
ORD-001008,CUST-00354,2025-05-17,Affiliate,102.94
ORD-001009,CUST-00354,2025-05-26,Affiliate,140.18
ORD-001010,CUST-00355,2025-11-19,Organic Social,58.26
ORD-001011,CUST-00355,2025-11-30,Organic Social,82.72
ORD-001012,CUST-00355,2025-12-16,Organic Social,81.49
ORD-001013,CUST-00356,2025-05-29,Organic Social,110.4
ORD-001014,CUST-00356,2025-08-01,Organic Social,86.12
ORD-001015,CUST-00357,2025-02-16,Email,73.4
ORD-001016,CUST-00357,2025-05-29,Email,91.06
ORD-001017,CUST-00357,2025-12-20,Email,90.94
ORD-001018,CUST-00357,2025-03-14,Email,92.42
ORD-001019,CUST-00357,2025-10-25,Email,134.01
ORD-001020,CUST-00358,2025-06-16,Email,95.14
ORD-001021,CUST-00358,2025-09-03,Email,92.89
ORD-001022,CUST-00358,2025-12-01,Email,89.22
ORD-001023,CUST-00358,2025-11-10,Email,114.95
ORD-001024,CUST-00359,2025-02-22,Paid Search,60.08
ORD-001025,CUST-00359,2025-05-03,Paid Search,125.37
ORD-001026,CUST-00359,2025-04-15,Paid Search,134.53
ORD-001027,CUST-00359,2025-02-23,Paid Search,128.29
ORD-001028,CUST-00360,2025-03-29,Affiliate,174.16
ORD-001029,CUST-00360,2025-04-15,Affiliate,141.77
ORD-001030,CUST-00360,2025-05-10,Affiliate,96.91
ORD-001031,CUST-00360,2025-04-05,Affiliate,70.86
ORD-001032,CUST-00361,2025-04-18,Paid Search,128.94
ORD-001033,CUST-00362,2025-10-11,Email,110.96
ORD-001034,CUST-00362,2025-12-10,Email,51.12
ORD-001035,CUST-00363,2025-04-02,Paid Search,55.71
ORD-001036,CUST-00363,2025-04-19,Paid Search,99.77
ORD-001037,CUST-00363,2025-06-03,Paid Search,102.99
ORD-001038,CUST-00363,2025-04-25,Paid Search,117.36
ORD-001039,CUST-00363,2025-04-20,Paid Search,136.1
ORD-001040,CUST-00363,2025-11-07,Paid Search,57.05
ORD-001041,CUST-00364,2025-04-20,Paid Search,65.14
ORD-001042,CUST-00364,2025-06-10,Paid Search,76.66
ORD-001043,CUST-00364,2025-09-22,Paid Search,141.2
ORD-001044,CUST-00364,2025-07-07,Paid Search,85.31
ORD-001045,CUST-00364,2025-04-21,Paid Search,92.17
ORD-001046,CUST-00365,2025-09-13,Paid Search,104.16
ORD-001047,CUST-00365,2025-09-26,Paid Search,104.16
ORD-001048,CUST-00366,2025-08-01,Paid Search,78.71
ORD-001049,CUST-00366,2025-11-14,Paid Search,92.02
ORD-001050,CUST-00366,2025-10-20,Paid Search,75.91
ORD-001051,CUST-00366,2025-09-26,Paid Search,85.54
ORD-001052,CUST-00366,2025-10-21,Paid Search,79.09
ORD-001053,CUST-00367,2025-07-09,Paid Search,89.37
ORD-001054,CUST-00367,2025-07-23,Paid Search,107.68
ORD-001055,CUST-00367,2025-07-14,Paid Search,99.63
ORD-001056,CUST-00368,2025-10-02,Paid Social,99.34
ORD-001057,CUST-00368,2025-10-21,Paid Social,64.08
ORD-001058,CUST-00369,2025-09-02,Paid Social,71.34
ORD-001059,CUST-00369,2025-09-09,Paid Social,68.14
ORD-001060,CUST-00369,2025-12-09,Paid Social,45.45
ORD-001061,CUST-00370,2025-04-24,Paid Social,66.37
ORD-001062,CUST-00370,2025-11-03,Paid Social,91.44
ORD-001063,CUST-00371,2025-10-03,Paid Social,48.87
ORD-001064,CUST-00372,2025-02-18,Email,114.51
ORD-001065,CUST-00373,2025-03-06,Affiliate,108.55
ORD-001066,CUST-00373,2025-05-29,Affiliate,107.15
ORD-001067,CUST-00373,2025-11-20,Affiliate,131.0
ORD-001068,CUST-00374,2025-03-26,Email,79.96
ORD-001069,CUST-00374,2025-08-02,Email,96.7
ORD-001070,CUST-00375,2025-06-15,Paid Search,149.01
ORD-001071,CUST-00375,2025-08-24,Paid Search,127.48
ORD-001072,CUST-00375,2025-08-17,Paid Search,98.37
ORD-001073,CUST-00375,2025-11-26,Paid Search,145.47
ORD-001074,CUST-00375,2025-12-23,Paid Search,160.28
ORD-001075,CUST-00376,2025-10-04,Paid Search,108.96
ORD-001076,CUST-00376,2025-11-05,Paid Search,162.53
ORD-001077,CUST-00377,2025-05-23,Paid Social,84.08
ORD-001078,CUST-00377,2025-06-16,Paid Social,82.73
ORD-001079,CUST-00377,2025-07-29,Paid Social,77.78
ORD-001080,CUST-00378,2025-10-12,Organic Social,86.0
ORD-001081,CUST-00379,2025-10-23,Paid Search,134.36
ORD-001082,CUST-00379,2025-10-27,Paid Search,113.04
ORD-001083,CUST-00380,2025-05-18,Display,124.62
ORD-001084,CUST-00380,2025-05-25,Display,104.91
ORD-001085,CUST-00381,2025-03-03,Paid Search,84.63
ORD-001086,CUST-00381,2025-07-02,Paid Search,101.7
ORD-001087,CUST-00381,2025-03-28,Paid Search,104.63
ORD-001088,CUST-00382,2025-04-05,Paid Social,51.55
ORD-001089,CUST-00382,2025-05-23,Paid Social,51.69
ORD-001090,CUST-00383,2025-09-20,Affiliate,83.22
ORD-001091,CUST-00384,2025-03-04,Paid Social,68.79
ORD-001092,CUST-00384,2025-03-20,Paid Social,62.38
ORD-001093,CUST-00385,2025-09-03,Paid Social,85.6
ORD-001094,CUST-00386,2025-02-27,Organic Social,35.68
ORD-001095,CUST-00386,2025-03-02,Organic Social,78.34
ORD-001096,CUST-00386,2025-06-28,Organic Social,48.37
ORD-001097,CUST-00387,2025-09-23,Paid Search,86.98
ORD-001098,CUST-00388,2025-06-04,Email,57.64
ORD-001099,CUST-00388,2025-06-12,Email,108.75
ORD-001100,CUST-00388,2025-08-24,Email,95.26
ORD-001101,CUST-00389,2025-05-10,Paid Social,47.64
ORD-001102,CUST-00390,2025-07-01,Organic Social,102.49
ORD-001103,CUST-00390,2025-07-09,Organic Social,55.37
ORD-001104,CUST-00391,2025-10-07,Affiliate,183.04
ORD-001105,CUST-00392,2025-08-22,Paid Search,113.01
ORD-001106,CUST-00392,2025-09-17,Paid Search,111.63
ORD-001107,CUST-00392,2025-11-10,Paid Search,95.52
ORD-001108,CUST-00392,2025-11-18,Paid Search,139.92
ORD-001109,CUST-00393,2025-05-21,Organic Social,79.1
ORD-001110,CUST-00393,2025-06-25,Organic Social,111.13
ORD-001111,CUST-00393,2025-08-23,Organic Social,92.13
ORD-001112,CUST-00394,2025-03-09,Paid Search,108.34
ORD-001113,CUST-00395,2025-10-16,Paid Search,43.8
ORD-001114,CUST-00395,2025-11-22,Paid Search,63.71
ORD-001115,CUST-00396,2025-06-28,Email,124.94
ORD-001116,CUST-00396,2025-06-28,Email,62.37
ORD-001117,CUST-00396,2025-09-16,Email,117.73
ORD-001118,CUST-00396,2025-08-03,Email,75.08
ORD-001119,CUST-00397,2025-02-27,Display,85.57
ORD-001120,CUST-00397,2025-05-30,Display,123.68
ORD-001121,CUST-00397,2025-04-02,Display,95.48
ORD-001122,CUST-00398,2025-02-09,Display,83.71
ORD-001123,CUST-00398,2025-03-14,Display,75.95
ORD-001124,CUST-00398,2025-08-21,Display,53.75
ORD-001125,CUST-00398,2025-09-12,Display,92.73
ORD-001126,CUST-00398,2025-08-12,Display,48.17
ORD-001127,CUST-00399,2025-06-08,Email,53.99
ORD-001128,CUST-00399,2025-07-05,Email,100.74
ORD-001129,CUST-00399,2025-07-04,Email,65.06
ORD-001130,CUST-00400,2025-07-08,Paid Social,88.11
ORD-001131,CUST-00400,2025-08-24,Paid Social,59.2
ORD-001132,CUST-00401,2025-05-06,Organic Social,77.73
ORD-001133,CUST-00401,2025-05-23,Organic Social,67.01
ORD-001134,CUST-00402,2025-08-10,Affiliate,144.1
ORD-001135,CUST-00402,2025-10-16,Affiliate,94.52
ORD-001136,CUST-00403,2025-01-02,Display,86.29
ORD-001137,CUST-00403,2025-03-01,Display,113.56
ORD-001138,CUST-00403,2025-05-20,Display,112.06
ORD-001139,CUST-00404,2025-08-05,Paid Search,95.42
ORD-001140,CUST-00404,2025-11-05,Paid Search,92.03
ORD-001141,CUST-00404,2025-09-21,Paid Search,121.48
ORD-001142,CUST-00404,2025-09-09,Paid Search,64.83
ORD-001143,CUST-00405,2025-03-21,Affiliate,167.29
ORD-001144,CUST-00405,2025-05-13,Affiliate,65.15
ORD-001145,CUST-00405,2025-05-01,Affiliate,92.52
ORD-001146,CUST-00406,2025-08-06,Display,74.59
ORD-001147,CUST-00406,2025-09-22,Display,78.75
ORD-001148,CUST-00406,2025-09-08,Display,94.27
ORD-001149,CUST-00407,2025-03-25,Organic Social,45.96
ORD-001150,CUST-00407,2025-04-16,Organic Social,67.38
ORD-001151,CUST-00407,2025-07-01,Organic Social,52.99
ORD-001152,CUST-00407,2025-10-21,Organic Social,97.88
ORD-001153,CUST-00407,2025-05-02,Organic Social,97.45
ORD-001154,CUST-00408,2025-04-11,Paid Search,142.73
ORD-001155,CUST-00408,2025-04-21,Paid Search,79.66
ORD-001156,CUST-00408,2025-10-25,Paid Search,80.53
ORD-001157,CUST-00409,2025-02-26,Display,87.48
ORD-001158,CUST-00409,2025-03-24,Display,59.76
ORD-001159,CUST-00410,2025-08-25,Organic Social,52.3
ORD-001160,CUST-00410,2025-09-03,Organic Social,79.67
ORD-001161,CUST-00410,2025-11-16,Organic Social,96.79
ORD-001162,CUST-00410,2025-09-17,Organic Social,53.8
ORD-001163,CUST-00410,2025-10-04,Organic Social,83.14
ORD-001164,CUST-00411,2025-07-29,Paid Social,80.7
ORD-001165,CUST-00411,2025-08-01,Paid Social,156.97
ORD-001166,CUST-00411,2025-12-15,Paid Social,62.74
ORD-001167,CUST-00411,2025-09-03,Paid Social,43.57
ORD-001168,CUST-00412,2025-04-11,Display,61.39
ORD-001169,CUST-00412,2025-04-25,Display,72.93
ORD-001170,CUST-00412,2025-04-11,Display,83.17
ORD-001171,CUST-00412,2025-04-12,Display,47.19
ORD-001172,CUST-00413,2025-05-08,Organic Social,75.62
ORD-001173,CUST-00414,2025-06-09,Email,92.62
ORD-001174,CUST-00414,2025-06-12,Email,104.74
ORD-001175,CUST-00415,2025-07-08,Display,78.42
ORD-001176,CUST-00415,2025-07-15,Display,98.08
ORD-001177,CUST-00416,2025-11-25,Paid Search,157.98
ORD-001178,CUST-00417,2025-03-19,Paid Social,49.56
ORD-001179,CUST-00418,2025-04-28,Paid Search,124.21
ORD-001180,CUST-00418,2025-06-06,Paid Search,122.89
ORD-001181,CUST-00419,2025-03-03,Paid Search,84.73
ORD-001182,CUST-00419,2025-03-07,Paid Search,94.13
ORD-001183,CUST-00420,2025-06-08,Display,62.3
ORD-001184,CUST-00420,2025-06-13,Display,95.22
ORD-001185,CUST-00420,2025-08-19,Display,64.62
ORD-001186,CUST-00421,2025-07-07,Paid Search,87.15
ORD-001187,CUST-00421,2025-10-01,Paid Search,107.68
ORD-001188,CUST-00421,2025-09-01,Paid Search,110.58
ORD-001189,CUST-00422,2025-01-11,Organic Social,37.52
ORD-001190,CUST-00422,2025-04-21,Organic Social,75.31
ORD-001191,CUST-00422,2025-02-07,Organic Social,78.65
ORD-001192,CUST-00422,2025-02-25,Organic Social,41.82
ORD-001193,CUST-00423,2025-01-20,Paid Social,96.6
ORD-001194,CUST-00423,2025-02-07,Paid Social,73.42
ORD-001195,CUST-00424,2025-08-26,Email,114.07
ORD-001196,CUST-00425,2025-01-04,Paid Search,78.28
ORD-001197,CUST-00426,2025-10-20,Paid Search,139.8
ORD-001198,CUST-00426,2025-10-26,Paid Search,147.76
ORD-001199,CUST-00427,2025-02-13,Paid Search,64.9
ORD-001200,CUST-00427,2025-02-16,Paid Search,94.91
ORD-001201,CUST-00427,2025-04-04,Paid Search,104.83
ORD-001202,CUST-00427,2025-03-08,Paid Search,72.47
ORD-001203,CUST-00428,2025-11-21,Paid Search,71.39
ORD-001204,CUST-00428,2025-12-04,Paid Search,121.45
ORD-001205,CUST-00428,2025-11-21,Paid Search,134.36
ORD-001206,CUST-00428,2025-12-20,Paid Search,58.98
ORD-001207,CUST-00429,2025-08-12,Affiliate,115.77
ORD-001208,CUST-00429,2025-09-16,Affiliate,104.96
ORD-001209,CUST-00429,2025-08-14,Affiliate,88.09
ORD-001210,CUST-00429,2025-10-07,Affiliate,54.64
ORD-001211,CUST-00430,2025-08-18,Affiliate,95.11
ORD-001212,CUST-00430,2025-11-17,Affiliate,129.13
ORD-001213,CUST-00431,2025-01-23,Affiliate,143.86
ORD-001214,CUST-00431,2025-02-17,Affiliate,84.61
ORD-001215,CUST-00432,2025-02-04,Display,124.28
ORD-001216,CUST-00432,2025-02-13,Display,104.59
ORD-001217,CUST-00432,2025-03-17,Display,93.42
ORD-001218,CUST-00433,2025-06-03,Email,61.06
ORD-001219,CUST-00433,2025-07-06,Email,124.65
ORD-001220,CUST-00433,2025-06-22,Email,101.94
ORD-001221,CUST-00433,2025-11-04,Email,63.6
ORD-001222,CUST-00434,2025-08-03,Email,83.52
ORD-001223,CUST-00434,2025-08-13,Email,115.78
ORD-001224,CUST-00434,2025-08-08,Email,128.45
ORD-001225,CUST-00435,2025-10-23,Paid Search,135.6
ORD-001226,CUST-00435,2025-11-23,Paid Search,56.78
ORD-001227,CUST-00436,2025-03-03,Display,56.61
ORD-001228,CUST-00437,2025-06-02,Paid Search,71.79
ORD-001229,CUST-00437,2025-07-09,Paid Search,96.96
ORD-001230,CUST-00438,2025-05-24,Paid Social,72.92
ORD-001231,CUST-00439,2025-09-03,Paid Search,89.57
ORD-001232,CUST-00440,2025-09-12,Paid Social,89.78
ORD-001233,CUST-00440,2025-11-23,Paid Social,72.11
ORD-001234,CUST-00441,2025-09-11,Paid Search,126.53
ORD-001235,CUST-00441,2025-09-18,Paid Search,119.79
ORD-001236,CUST-00442,2025-08-12,Paid Search,66.85
ORD-001237,CUST-00442,2025-09-16,Paid Search,113.58
ORD-001238,CUST-00443,2025-03-11,Paid Social,69.27
ORD-001239,CUST-00443,2025-04-15,Paid Social,69.53
ORD-001240,CUST-00443,2025-03-14,Paid Social,64.09
ORD-001241,CUST-00444,2025-09-16,Paid Search,120.1
ORD-001242,CUST-00445,2025-07-26,Paid Search,100.12
ORD-001243,CUST-00445,2025-08-14,Paid Search,136.18
ORD-001244,CUST-00445,2025-10-22,Paid Search,117.61
ORD-001245,CUST-00445,2025-08-07,Paid Search,143.52
ORD-001246,CUST-00445,2025-10-22,Paid Search,88.94
ORD-001247,CUST-00445,2025-08-27,Paid Search,66.91
ORD-001248,CUST-00445,2025-08-24,Paid Search,74.11
ORD-001249,CUST-00446,2025-09-17,Paid Social,85.29
ORD-001250,CUST-00447,2025-07-11,Paid Social,56.1
ORD-001251,CUST-00447,2025-09-02,Paid Social,84.03
ORD-001252,CUST-00448,2025-08-05,Affiliate,59.32
ORD-001253,CUST-00448,2025-09-20,Affiliate,97.93
ORD-001254,CUST-00448,2025-08-07,Affiliate,78.25
ORD-001255,CUST-00449,2025-02-11,Email,133.55
ORD-001256,CUST-00449,2025-02-28,Email,123.25
ORD-001257,CUST-00450,2025-09-02,Affiliate,159.6
ORD-001258,CUST-00451,2025-05-28,Paid Search,107.65
ORD-001259,CUST-00451,2025-07-09,Paid Search,64.88
ORD-001260,CUST-00452,2025-08-29,Paid Social,107.13
ORD-001261,CUST-00452,2025-12-25,Paid Social,65.8
ORD-001262,CUST-00452,2025-09-19,Paid Social,54.81
ORD-001263,CUST-00453,2025-03-14,Email,96.56
ORD-001264,CUST-00453,2025-04-01,Email,92.54
ORD-001265,CUST-00453,2025-11-16,Email,149.39
ORD-001266,CUST-00454,2025-04-20,Paid Search,126.11
ORD-001267,CUST-00454,2025-08-08,Paid Search,66.18
ORD-001268,CUST-00454,2025-09-22,Paid Search,111.16
ORD-001269,CUST-00454,2025-05-22,Paid Search,78.23
ORD-001270,CUST-00454,2025-12-01,Paid Search,120.14
ORD-001271,CUST-00455,2025-02-27,Paid Search,94.57
ORD-001272,CUST-00455,2025-07-05,Paid Search,107.41
ORD-001273,CUST-00455,2025-04-16,Paid Search,115.97
ORD-001274,CUST-00455,2025-08-21,Paid Search,66.36
ORD-001275,CUST-00456,2025-07-14,Email,81.31
ORD-001276,CUST-00456,2025-08-06,Email,99.73
ORD-001277,CUST-00456,2025-11-26,Email,104.09
ORD-001278,CUST-00456,2025-09-25,Email,125.4
ORD-001279,CUST-00457,2025-05-30,Email,78.62
ORD-001280,CUST-00457,2025-06-08,Email,51.29
ORD-001281,CUST-00457,2025-07-11,Email,72.83
ORD-001282,CUST-00458,2025-09-06,Paid Search,82.26
ORD-001283,CUST-00458,2025-10-25,Paid Search,158.74
ORD-001284,CUST-00458,2025-09-23,Paid Search,89.48
ORD-001285,CUST-00458,2025-09-29,Paid Search,66.46
ORD-001286,CUST-00459,2025-11-04,Paid Search,117.77
ORD-001287,CUST-00459,2025-12-21,Paid Search,112.04
ORD-001288,CUST-00459,2025-12-17,Paid Search,90.06
ORD-001289,CUST-00460,2025-09-18,Display,118.98
ORD-001290,CUST-00460,2025-11-27,Display,64.9
ORD-001291,CUST-00461,2025-03-19,Paid Search,86.27
ORD-001292,CUST-00461,2025-04-06,Paid Search,67.65
ORD-001293,CUST-00461,2025-03-27,Paid Search,149.3
ORD-001294,CUST-00461,2025-07-22,Paid Search,112.21
ORD-001295,CUST-00462,2025-06-24,Organic Social,56.26
ORD-001296,CUST-00462,2025-07-14,Organic Social,71.11
ORD-001297,CUST-00463,2025-06-12,Organic Social,64.75
ORD-001298,CUST-00463,2025-06-15,Organic Social,56.31
ORD-001299,CUST-00464,2025-03-10,Affiliate,87.18
ORD-001300,CUST-00464,2025-09-01,Affiliate,113.48
ORD-001301,CUST-00464,2025-10-25,Affiliate,94.83
ORD-001302,CUST-00465,2025-04-02,Paid Search,125.09
ORD-001303,CUST-00465,2025-05-31,Paid Search,88.77
ORD-001304,CUST-00465,2025-05-22,Paid Search,130.26
ORD-001305,CUST-00466,2025-03-17,Paid Search,68.84
ORD-001306,CUST-00466,2025-04-07,Paid Search,147.43
ORD-001307,CUST-00466,2025-06-05,Paid Search,78.82
ORD-001308,CUST-00467,2025-09-09,Organic Social,45.14
ORD-001309,CUST-00467,2025-09-18,Organic Social,53.37
ORD-001310,CUST-00467,2025-09-21,Organic Social,45.08
ORD-001311,CUST-00467,2025-09-15,Organic Social,74.01
ORD-001312,CUST-00467,2025-09-28,Organic Social,92.85
ORD-001313,CUST-00467,2025-09-29,Organic Social,85.17
ORD-001314,CUST-00468,2025-10-10,Paid Social,45.0
ORD-001315,CUST-00469,2025-08-26,Paid Social,131.25
ORD-001316,CUST-00470,2025-11-16,Paid Search,91.67
ORD-001317,CUST-00471,2025-05-27,Paid Search,62.48
ORD-001318,CUST-00471,2025-05-28,Paid Search,70.96
ORD-001319,CUST-00472,2025-05-17,Display,77.84
ORD-001320,CUST-00473,2025-09-16,Organic Social,69.63
ORD-001321,CUST-00473,2025-09-21,Organic Social,93.44
ORD-001322,CUST-00473,2025-09-22,Organic Social,29.95
ORD-001323,CUST-00474,2025-07-04,Affiliate,68.71
ORD-001324,CUST-00474,2025-08-04,Affiliate,108.41
ORD-001325,CUST-00474,2025-08-20,Affiliate,127.67
ORD-001326,CUST-00474,2025-11-08,Affiliate,159.82
ORD-001327,CUST-00475,2025-05-30,Display,136.65
ORD-001328,CUST-00475,2025-07-07,Display,155.37
ORD-001329,CUST-00476,2025-06-23,Paid Search,111.97
ORD-001330,CUST-00476,2025-10-03,Paid Search,127.56
ORD-001331,CUST-00476,2025-07-17,Paid Search,76.08
ORD-001332,CUST-00477,2025-08-22,Email,57.59
ORD-001333,CUST-00477,2025-09-25,Email,149.09
ORD-001334,CUST-00477,2025-09-01,Email,75.69
ORD-001335,CUST-00478,2025-05-10,Paid Search,99.16
ORD-001336,CUST-00478,2025-05-13,Paid Search,80.87
ORD-001337,CUST-00479,2025-06-06,Paid Search,117.2
ORD-001338,CUST-00479,2025-06-27,Paid Search,115.78
ORD-001339,CUST-00480,2025-11-09,Paid Search,145.29
ORD-001340,CUST-00481,2025-08-03,Email,117.05
ORD-001341,CUST-00481,2025-08-18,Email,104.85
ORD-001342,CUST-00481,2025-08-27,Email,119.79
ORD-001343,CUST-00482,2025-06-08,Paid Search,115.49
ORD-001344,CUST-00482,2025-06-27,Paid Search,140.07
ORD-001345,CUST-00483,2025-11-19,Organic Social,55.59
ORD-001346,CUST-00484,2025-04-25,Organic Social,37.02
ORD-001347,CUST-00484,2025-05-10,Organic Social,67.73
ORD-001348,CUST-00484,2025-10-05,Organic Social,54.78
ORD-001349,CUST-00484,2025-08-01,Organic Social,83.03
ORD-001350,CUST-00485,2025-08-02,Paid Search,129.05
ORD-001351,CUST-00485,2025-09-15,Paid Search,67.28
ORD-001352,CUST-00485,2025-09-25,Paid Search,63.45
ORD-001353,CUST-00486,2025-01-05,Paid Social,94.0
ORD-001354,CUST-00486,2025-05-08,Paid Social,107.95
ORD-001355,CUST-00487,2025-10-15,Display,36.65
ORD-001356,CUST-00487,2025-11-28,Display,97.64
ORD-001357,CUST-00488,2025-11-01,Organic Social,49.8
ORD-001358,CUST-00488,2025-11-07,Organic Social,68.24
ORD-001359,CUST-00489,2025-03-20,Affiliate,97.42
ORD-001360,CUST-00489,2025-05-12,Affiliate,116.21
ORD-001361,CUST-00489,2025-08-07,Affiliate,74.38
ORD-001362,CUST-00490,2025-02-14,Paid Search,76.12
ORD-001363,CUST-00490,2025-03-02,Paid Search,80.04
ORD-001364,CUST-00491,2025-06-20,Paid Search,112.61
ORD-001365,CUST-00491,2025-08-21,Paid Search,143.14
ORD-001366,CUST-00492,2025-08-31,Paid Search,92.2
ORD-001367,CUST-00493,2025-10-18,Paid Social,108.7
ORD-001368,CUST-00494,2025-04-04,Paid Social,49.0
ORD-001369,CUST-00494,2025-04-04,Paid Social,94.04
ORD-001370,CUST-00494,2025-05-30,Paid Social,48.08
ORD-001371,CUST-00495,2025-09-24,Affiliate,106.11
ORD-001372,CUST-00496,2025-07-02,Paid Search,136.68
ORD-001373,CUST-00496,2025-09-15,Paid Search,118.46
ORD-001374,CUST-00497,2025-10-09,Affiliate,104.03
ORD-001375,CUST-00497,2025-10-18,Affiliate,146.17
ORD-001376,CUST-00497,2025-11-03,Affiliate,96.67
ORD-001377,CUST-00498,2025-07-16,Paid Search,65.03
ORD-001378,CUST-00499,2025-02-10,Paid Social,105.27
ORD-001379,CUST-00499,2025-02-14,Paid Social,80.33
ORD-001380,CUST-00499,2025-02-19,Paid Social,55.26
ORD-001381,CUST-00499,2025-06-01,Paid Social,60.92
ORD-001382,CUST-00499,2025-05-12,Paid Social,96.21
ORD-001383,CUST-00500,2025-06-10,Paid Social,131.28
ORD-001384,CUST-00500,2025-06-23,Paid Social,35.44
ORD-001385,CUST-00500,2025-07-30,Paid Social,38.85
ORD-001386,CUST-00501,2025-06-09,Paid Search,61.87
ORD-001387,CUST-00501,2025-07-10,Paid Search,59.33
ORD-001388,CUST-00501,2025-06-22,Paid Search,122.55
ORD-001389,CUST-00501,2025-06-13,Paid Search,116.72
ORD-001390,CUST-00502,2025-10-30,Display,88.76
ORD-001391,CUST-00503,2025-03-28,Paid Social,63.61
ORD-001392,CUST-00503,2025-03-30,Paid Social,127.31
ORD-001393,CUST-00504,2025-08-08,Affiliate,70.1
ORD-001394,CUST-00504,2025-10-07,Affiliate,65.0
ORD-001395,CUST-00504,2025-12-21,Affiliate,84.47
ORD-001396,CUST-00504,2025-11-13,Affiliate,79.83
ORD-001397,CUST-00504,2025-11-17,Affiliate,153.99
ORD-001398,CUST-00505,2025-11-06,Organic Social,46.13
ORD-001399,CUST-00505,2025-11-08,Organic Social,46.8
ORD-001400,CUST-00505,2025-12-30,Organic Social,117.31
ORD-001401,CUST-00506,2025-03-13,Affiliate,78.19
ORD-001402,CUST-00506,2025-03-31,Affiliate,75.6
ORD-001403,CUST-00507,2025-11-12,Email,74.84
ORD-001404,CUST-00507,2025-12-09,Email,59.28
ORD-001405,CUST-00508,2025-09-01,Paid Social,55.48
ORD-001406,CUST-00508,2025-12-09,Paid Social,100.83
ORD-001407,CUST-00508,2025-10-09,Paid Social,80.83
ORD-001408,CUST-00509,2025-01-22,Paid Search,86.84
ORD-001409,CUST-00510,2025-09-07,Email,146.28
ORD-001410,CUST-00510,2025-10-30,Email,144.83
ORD-001411,CUST-00511,2025-05-20,Organic Social,84.84
ORD-001412,CUST-00511,2025-09-02,Organic Social,118.1
ORD-001413,CUST-00512,2025-05-04,Paid Search,75.52
ORD-001414,CUST-00512,2025-05-19,Paid Search,165.8
ORD-001415,CUST-00512,2025-05-25,Paid Search,98.99
ORD-001416,CUST-00512,2025-07-25,Paid Search,82.85
ORD-001417,CUST-00513,2025-04-26,Display,59.34
ORD-001418,CUST-00513,2025-07-21,Display,97.09
ORD-001419,CUST-00513,2025-05-25,Display,64.29
ORD-001420,CUST-00513,2025-06-16,Display,63.05
ORD-001421,CUST-00514,2025-06-17,Affiliate,116.89
ORD-001422,CUST-00514,2025-06-21,Affiliate,156.51
ORD-001423,CUST-00514,2025-07-01,Affiliate,176.59
ORD-001424,CUST-00515,2025-04-23,Organic Social,51.69
ORD-001425,CUST-00515,2025-05-06,Organic Social,100.01
ORD-001426,CUST-00515,2025-05-30,Organic Social,65.2
ORD-001427,CUST-00515,2025-10-11,Organic Social,103.07
ORD-001428,CUST-00516,2025-01-01,Paid Social,118.66
ORD-001429,CUST-00516,2025-02-26,Paid Social,81.78
ORD-001430,CUST-00516,2025-03-11,Paid Social,67.28
ORD-001431,CUST-00516,2025-01-02,Paid Social,90.73
ORD-001432,CUST-00516,2025-02-15,Paid Social,109.42
ORD-001433,CUST-00516,2025-03-25,Paid Social,58.09
ORD-001434,CUST-00516,2025-02-19,Paid Social,45.26
ORD-001435,CUST-00517,2025-01-03,Paid Social,80.07
ORD-001436,CUST-00517,2025-01-17,Paid Social,69.15
ORD-001437,CUST-00517,2025-03-17,Paid Social,54.0
ORD-001438,CUST-00517,2025-05-12,Paid Social,110.9
ORD-001439,CUST-00518,2025-10-19,Paid Search,78.69
ORD-001440,CUST-00518,2025-11-02,Paid Search,106.48
ORD-001441,CUST-00519,2025-08-02,Affiliate,94.47
ORD-001442,CUST-00519,2025-09-10,Affiliate,148.3
ORD-001443,CUST-00520,2025-10-19,Paid Search,105.07
ORD-001444,CUST-00521,2025-06-11,Paid Search,116.24
ORD-001445,CUST-00521,2025-06-30,Paid Search,103.73
ORD-001446,CUST-00521,2025-06-17,Paid Search,74.13
ORD-001447,CUST-00521,2025-10-15,Paid Search,132.95
ORD-001448,CUST-00522,2025-05-10,Paid Search,98.44
ORD-001449,CUST-00523,2025-07-05,Paid Social,112.37
ORD-001450,CUST-00523,2025-08-16,Paid Social,115.96
ORD-001451,CUST-00523,2025-07-06,Paid Social,116.89
ORD-001452,CUST-00524,2025-09-03,Paid Social,79.54
ORD-001453,CUST-00524,2025-09-24,Paid Social,98.44
ORD-001454,CUST-00525,2025-11-18,Email,107.97
ORD-001455,CUST-00526,2025-09-02,Organic Social,40.05
ORD-001456,CUST-00526,2025-10-09,Organic Social,57.02
ORD-001457,CUST-00527,2025-09-04,Paid Search,129.57
ORD-001458,CUST-00528,2025-09-27,Affiliate,86.58
ORD-001459,CUST-00528,2025-10-05,Affiliate,130.63
ORD-001460,CUST-00528,2025-11-28,Affiliate,102.26
ORD-001461,CUST-00528,2025-12-11,Affiliate,147.68
ORD-001462,CUST-00529,2025-03-18,Display,118.59
ORD-001463,CUST-00529,2025-03-25,Display,137.85
ORD-001464,CUST-00529,2025-03-22,Display,60.25
ORD-001465,CUST-00529,2025-07-26,Display,114.86
ORD-001466,CUST-00530,2025-10-23,Paid Search,82.21
ORD-001467,CUST-00530,2025-12-06,Paid Search,115.33
ORD-001468,CUST-00531,2025-02-10,Affiliate,146.79
ORD-001469,CUST-00531,2025-07-15,Affiliate,102.94
ORD-001470,CUST-00531,2025-03-24,Affiliate,136.73
ORD-001471,CUST-00531,2025-02-22,Affiliate,86.77
ORD-001472,CUST-00531,2025-06-04,Affiliate,99.15
ORD-001473,CUST-00531,2025-05-04,Affiliate,101.25
ORD-001474,CUST-00531,2025-02-28,Affiliate,93.35
ORD-001475,CUST-00532,2025-10-26,Paid Search,90.11
ORD-001476,CUST-00533,2025-03-09,Display,57.38
ORD-001477,CUST-00533,2025-05-25,Display,67.39
ORD-001478,CUST-00533,2025-04-16,Display,107.38
ORD-001479,CUST-00533,2025-05-20,Display,131.37
ORD-001480,CUST-00533,2025-05-01,Display,100.64
ORD-001481,CUST-00533,2025-07-04,Display,48.24
ORD-001482,CUST-00534,2025-02-16,Display,108.32
ORD-001483,CUST-00535,2025-06-12,Display,70.72
ORD-001484,CUST-00535,2025-06-25,Display,52.89
ORD-001485,CUST-00535,2025-11-25,Display,129.79
ORD-001486,CUST-00536,2025-05-02,Paid Search,101.19
ORD-001487,CUST-00536,2025-05-10,Paid Search,71.75
ORD-001488,CUST-00536,2025-08-30,Paid Search,120.08
ORD-001489,CUST-00536,2025-10-15,Paid Search,95.73
ORD-001490,CUST-00537,2025-05-29,Email,89.25
ORD-001491,CUST-00537,2025-06-19,Email,121.93
ORD-001492,CUST-00537,2025-07-31,Email,74.35
ORD-001493,CUST-00538,2025-07-25,Display,107.1
ORD-001494,CUST-00538,2025-09-23,Display,144.35
ORD-001495,CUST-00539,2025-04-30,Email,97.34
ORD-001496,CUST-00539,2025-05-09,Email,105.8
ORD-001497,CUST-00539,2025-11-13,Email,82.4
ORD-001498,CUST-00539,2025-12-19,Email,81.97
ORD-001499,CUST-00540,2025-10-11,Affiliate,122.63
ORD-001500,CUST-00540,2025-10-13,Affiliate,124.38
ORD-001501,CUST-00540,2025-11-27,Affiliate,119.92
ORD-001502,CUST-00541,2025-11-15,Display,69.97
ORD-001503,CUST-00542,2025-08-17,Paid Search,67.55
ORD-001504,CUST-00542,2025-08-17,Paid Search,109.06
ORD-001505,CUST-00543,2025-07-11,Paid Search,98.95
ORD-001506,CUST-00543,2025-08-05,Paid Search,82.4
ORD-001507,CUST-00544,2025-10-09,Email,78.87
ORD-001508,CUST-00545,2025-08-23,Display,85.77
ORD-001509,CUST-00545,2025-09-01,Display,96.34
ORD-001510,CUST-00545,2025-09-20,Display,86.94
ORD-001511,CUST-00545,2025-10-18,Display,125.87
ORD-001512,CUST-00545,2025-09-17,Display,80.49
ORD-001513,CUST-00546,2025-06-02,Paid Search,100.77
ORD-001514,CUST-00546,2025-08-30,Paid Search,112.16
ORD-001515,CUST-00546,2025-09-09,Paid Search,99.26
ORD-001516,CUST-00547,2025-07-23,Paid Search,66.7
ORD-001517,CUST-00547,2025-09-06,Paid Search,92.0
ORD-001518,CUST-00547,2025-09-09,Paid Search,99.5
ORD-001519,CUST-00547,2025-08-24,Paid Search,155.27
ORD-001520,CUST-00547,2025-08-12,Paid Search,108.04
ORD-001521,CUST-00547,2025-10-15,Paid Search,79.93
ORD-001522,CUST-00548,2025-02-04,Paid Search,129.6
ORD-001523,CUST-00548,2025-02-04,Paid Search,102.2
ORD-001524,CUST-00548,2025-04-23,Paid Search,99.89
ORD-001525,CUST-00548,2025-10-11,Paid Search,104.37
ORD-001526,CUST-00548,2025-05-21,Paid Search,106.86
ORD-001527,CUST-00549,2025-05-24,Email,74.6
ORD-001528,CUST-00549,2025-11-05,Email,68.76
ORD-001529,CUST-00550,2025-11-25,Email,66.2
ORD-001530,CUST-00550,2025-12-08,Email,140.8
ORD-001531,CUST-00550,2025-12-27,Email,58.44
ORD-001532,CUST-00551,2025-10-31,Paid Social,68.81
ORD-001533,CUST-00551,2025-11-29,Paid Social,54.3
ORD-001534,CUST-00551,2025-12-21,Paid Social,80.49
ORD-001535,CUST-00552,2025-03-04,Paid Social,48.74
ORD-001536,CUST-00553,2025-10-29,Paid Social,39.03
ORD-001537,CUST-00553,2025-11-04,Paid Social,68.17
ORD-001538,CUST-00553,2025-11-10,Paid Social,114.47
ORD-001539,CUST-00554,2025-08-17,Display,50.75
ORD-001540,CUST-00554,2025-09-12,Display,72.25
ORD-001541,CUST-00554,2025-10-05,Display,53.61
ORD-001542,CUST-00555,2025-10-17,Paid Search,87.52
ORD-001543,CUST-00555,2025-10-21,Paid Search,80.82
ORD-001544,CUST-00555,2025-12-03,Paid Search,110.03
ORD-001545,CUST-00556,2025-10-27,Paid Search,115.56
ORD-001546,CUST-00557,2025-07-29,Email,73.85
ORD-001547,CUST-00558,2025-01-23,Affiliate,121.43
ORD-001548,CUST-00558,2025-05-04,Affiliate,71.29
ORD-001549,CUST-00558,2025-08-01,Affiliate,128.81
ORD-001550,CUST-00558,2025-01-27,Affiliate,127.55
ORD-001551,CUST-00558,2025-03-05,Affiliate,91.11
ORD-001552,CUST-00559,2025-02-27,Paid Social,75.18
ORD-001553,CUST-00560,2025-11-01,Organic Social,66.8
ORD-001554,CUST-00560,2025-11-28,Organic Social,109.92
ORD-001555,CUST-00561,2025-09-12,Paid Search,129.56
ORD-001556,CUST-00561,2025-12-12,Paid Search,98.87
ORD-001557,CUST-00562,2025-05-13,Paid Search,51.81
ORD-001558,CUST-00562,2025-07-17,Paid Search,67.7
ORD-001559,CUST-00562,2025-07-07,Paid Search,78.31
ORD-001560,CUST-00563,2025-08-24,Paid Social,93.54
ORD-001561,CUST-00563,2025-10-11,Paid Social,54.62
ORD-001562,CUST-00564,2025-04-23,Display,54.9
ORD-001563,CUST-00564,2025-06-21,Display,80.6
ORD-001564,CUST-00565,2025-07-22,Paid Social,88.64
ORD-001565,CUST-00565,2025-08-06,Paid Social,75.17
ORD-001566,CUST-00565,2025-08-23,Paid Social,46.14
ORD-001567,CUST-00566,2025-02-07,Email,132.53
ORD-001568,CUST-00566,2025-03-03,Email,131.62
ORD-001569,CUST-00567,2025-05-16,Paid Search,138.69
ORD-001570,CUST-00568,2025-10-06,Paid Social,42.61
ORD-001571,CUST-00568,2025-10-17,Paid Social,52.53
ORD-001572,CUST-00569,2025-06-09,Paid Search,98.7
ORD-001573,CUST-00569,2025-07-17,Paid Search,115.87
ORD-001574,CUST-00569,2025-10-09,Paid Search,157.33
ORD-001575,CUST-00570,2025-07-14,Paid Social,87.65
ORD-001576,CUST-00570,2025-08-31,Paid Social,106.76
ORD-001577,CUST-00570,2025-08-18,Paid Social,45.36
ORD-001578,CUST-00570,2025-12-03,Paid Social,104.02
ORD-001579,CUST-00570,2025-09-17,Paid Social,98.53
ORD-001580,CUST-00571,2025-06-27,Email,102.39
ORD-001581,CUST-00571,2025-07-20,Email,96.71
ORD-001582,CUST-00572,2025-02-26,Display,76.92
ORD-001583,CUST-00572,2025-03-31,Display,46.39
ORD-001584,CUST-00573,2025-01-26,Email,122.51
ORD-001585,CUST-00574,2025-03-29,Email,80.49
ORD-001586,CUST-00574,2025-05-26,Email,87.98
ORD-001587,CUST-00574,2025-07-30,Email,136.52
ORD-001588,CUST-00574,2025-06-13,Email,98.6
ORD-001589,CUST-00575,2025-03-09,Email,122.11
ORD-001590,CUST-00575,2025-04-15,Email,63.39
ORD-001591,CUST-00575,2025-08-15,Email,116.75
ORD-001592,CUST-00575,2025-06-22,Email,116.02
ORD-001593,CUST-00576,2025-07-11,Organic Social,73.07
ORD-001594,CUST-00576,2025-08-16,Organic Social,68.2
ORD-001595,CUST-00576,2025-09-20,Organic Social,39.95
ORD-001596,CUST-00576,2025-12-17,Organic Social,38.67
ORD-001597,CUST-00576,2025-10-30,Organic Social,30.31
ORD-001598,CUST-00577,2025-05-05,Affiliate,170.96
ORD-001599,CUST-00577,2025-06-14,Affiliate,137.45
ORD-001600,CUST-00577,2025-09-14,Affiliate,55.74
ORD-001601,CUST-00578,2025-08-30,Display,93.27
ORD-001602,CUST-00578,2025-09-10,Display,90.01
ORD-001603,CUST-00578,2025-11-30,Display,139.87
ORD-001604,CUST-00579,2025-08-06,Email,88.09
ORD-001605,CUST-00579,2025-08-07,Email,69.36
ORD-001606,CUST-00580,2025-01-22,Email,108.94
ORD-001607,CUST-00580,2025-02-05,Email,94.42
ORD-001608,CUST-00580,2025-04-05,Email,119.46
ORD-001609,CUST-00581,2025-07-10,Paid Social,94.23
ORD-001610,CUST-00581,2025-07-26,Paid Social,86.39
ORD-001611,CUST-00581,2025-10-25,Paid Social,71.4
ORD-001612,CUST-00581,2025-10-03,Paid Social,93.33
ORD-001613,CUST-00582,2025-03-15,Affiliate,84.27
ORD-001614,CUST-00582,2025-03-22,Affiliate,78.0
ORD-001615,CUST-00583,2025-04-27,Paid Search,152.52
ORD-001616,CUST-00583,2025-05-31,Paid Search,79.81
ORD-001617,CUST-00583,2025-08-16,Paid Search,92.83
ORD-001618,CUST-00584,2025-06-05,Paid Search,121.95
ORD-001619,CUST-00584,2025-07-14,Paid Search,98.8
ORD-001620,CUST-00585,2025-10-14,Display,106.36
ORD-001621,CUST-00586,2025-04-21,Paid Search,124.9
ORD-001622,CUST-00586,2025-12-04,Paid Search,75.11
ORD-001623,CUST-00586,2025-08-23,Paid Search,112.95
ORD-001624,CUST-00586,2025-11-21,Paid Search,90.16
ORD-001625,CUST-00586,2025-12-23,Paid Search,97.64
ORD-001626,CUST-00587,2025-05-29,Organic Social,31.26
ORD-001627,CUST-00587,2025-06-30,Organic Social,83.09
ORD-001628,CUST-00588,2025-04-29,Affiliate,104.21
ORD-001629,CUST-00588,2025-05-11,Affiliate,71.0
ORD-001630,CUST-00589,2025-06-22,Email,62.95
ORD-001631,CUST-00589,2025-06-24,Email,121.67
ORD-001632,CUST-00590,2025-10-06,Paid Social,126.98
ORD-001633,CUST-00590,2025-11-14,Paid Social,72.49
ORD-001634,CUST-00590,2025-11-13,Paid Social,38.18
ORD-001635,CUST-00591,2025-08-18,Email,128.91
ORD-001636,CUST-00591,2025-09-21,Email,127.35
ORD-001637,CUST-00591,2025-09-07,Email,79.17
ORD-001638,CUST-00591,2025-08-30,Email,98.05
ORD-001639,CUST-00592,2025-07-01,Paid Social,99.33
ORD-001640,CUST-00593,2025-10-05,Paid Search,117.07
ORD-001641,CUST-00593,2025-10-29,Paid Search,55.21
ORD-001642,CUST-00593,2025-10-26,Paid Search,81.09
ORD-001643,CUST-00594,2025-10-15,Organic Social,59.12
ORD-001644,CUST-00594,2025-11-24,Organic Social,84.86
ORD-001645,CUST-00595,2025-03-03,Paid Search,66.49
ORD-001646,CUST-00595,2025-04-05,Paid Search,99.73
ORD-001647,CUST-00595,2025-08-16,Paid Search,95.86
ORD-001648,CUST-00595,2025-08-31,Paid Search,52.62
ORD-001649,CUST-00596,2025-03-24,Display,60.66
ORD-001650,CUST-00596,2025-04-07,Display,109.08
ORD-001651,CUST-00596,2025-04-14,Display,95.35
ORD-001652,CUST-00596,2025-07-16,Display,89.98
ORD-001653,CUST-00597,2025-11-12,Affiliate,142.96
ORD-001654,CUST-00597,2025-12-28,Affiliate,116.83
ORD-001655,CUST-00597,2025-12-06,Affiliate,152.53
ORD-001656,CUST-00598,2025-09-12,Organic Social,57.19
ORD-001657,CUST-00598,2025-12-14,Organic Social,85.01
ORD-001658,CUST-00599,2025-06-29,Email,117.77
ORD-001659,CUST-00599,2025-08-07,Email,117.14
ORD-001660,CUST-00599,2025-07-06,Email,90.95
ORD-001661,CUST-00599,2025-09-29,Email,122.28
ORD-001662,CUST-00600,2025-08-13,Email,115.74
ORD-001663,CUST-00600,2025-08-13,Email,114.98
ORD-001664,CUST-00600,2025-10-29,Email,153.46
ORD-001665,CUST-00601,2025-08-23,Organic Social,80.09
ORD-001666,CUST-00601,2025-10-19,Organic Social,57.65
ORD-001667,CUST-00602,2025-10-30,Affiliate,91.03
ORD-001668,CUST-00602,2025-11-30,Affiliate,128.75
ORD-001669,CUST-00603,2025-04-29,Display,99.11
ORD-001670,CUST-00604,2025-02-25,Affiliate,90.86
ORD-001671,CUST-00604,2025-03-14,Affiliate,80.74
ORD-001672,CUST-00605,2025-10-12,Paid Social,70.77
ORD-001673,CUST-00605,2025-10-29,Paid Social,101.27
ORD-001674,CUST-00606,2025-08-20,Paid Search,133.69
ORD-001675,CUST-00606,2025-09-14,Paid Search,52.02
ORD-001676,CUST-00607,2025-06-02,Paid Search,107.02
ORD-001677,CUST-00607,2025-08-08,Paid Search,52.36
ORD-001678,CUST-00607,2025-07-01,Paid Search,150.64
ORD-001679,CUST-00607,2025-06-09,Paid Search,123.67
ORD-001680,CUST-00608,2025-10-06,Email,80.44
ORD-001681,CUST-00608,2025-11-18,Email,57.03
ORD-001682,CUST-00609,2025-06-06,Paid Social,70.85
ORD-001683,CUST-00609,2025-07-13,Paid Social,56.75
ORD-001684,CUST-00609,2025-07-31,Paid Social,74.52
ORD-001685,CUST-00609,2025-06-09,Paid Social,74.46
ORD-001686,CUST-00610,2025-01-20,Email,129.09
ORD-001687,CUST-00610,2025-03-11,Email,95.06
ORD-001688,CUST-00610,2025-03-06,Email,99.62
ORD-001689,CUST-00610,2025-09-12,Email,103.15
ORD-001690,CUST-00610,2025-04-15,Email,78.03
ORD-001691,CUST-00611,2025-08-01,Email,97.22
ORD-001692,CUST-00612,2025-02-14,Paid Social,125.31
ORD-001693,CUST-00612,2025-02-27,Paid Social,99.02
ORD-001694,CUST-00612,2025-03-22,Paid Social,66.36
ORD-001695,CUST-00612,2025-07-29,Paid Social,69.64
ORD-001696,CUST-00613,2025-02-10,Paid Search,126.57
ORD-001697,CUST-00613,2025-03-09,Paid Search,64.53
ORD-001698,CUST-00613,2025-02-20,Paid Search,67.04
ORD-001699,CUST-00614,2025-05-14,Display,107.7
ORD-001700,CUST-00614,2025-05-15,Display,71.46
ORD-001701,CUST-00614,2025-05-18,Display,89.14
ORD-001702,CUST-00615,2025-11-25,Organic Social,74.14
ORD-001703,CUST-00615,2025-12-29,Organic Social,38.7
ORD-001704,CUST-00615,2025-12-04,Organic Social,40.61
ORD-001705,CUST-00616,2025-05-10,Display,87.29
ORD-001706,CUST-00616,2025-11-25,Display,86.29
ORD-001707,CUST-00616,2025-07-03,Display,117.31
ORD-001708,CUST-00616,2025-07-22,Display,66.13
ORD-001709,CUST-00617,2025-03-16,Paid Search,118.34
ORD-001710,CUST-00617,2025-04-07,Paid Search,72.02
ORD-001711,CUST-00617,2025-05-28,Paid Search,103.06
ORD-001712,CUST-00618,2025-11-01,Email,70.19
ORD-001713,CUST-00618,2025-12-16,Email,118.2
ORD-001714,CUST-00618,2025-11-18,Email,61.37
ORD-001715,CUST-00619,2025-08-04,Affiliate,159.73
ORD-001716,CUST-00619,2025-08-12,Affiliate,164.04
ORD-001717,CUST-00619,2025-12-01,Affiliate,156.49
ORD-001718,CUST-00620,2025-05-26,Email,63.22
ORD-001719,CUST-00620,2025-09-30,Email,110.77
ORD-001720,CUST-00620,2025-10-21,Email,104.42
ORD-001721,CUST-00621,2025-03-16,Paid Social,63.09
ORD-001722,CUST-00621,2025-04-26,Paid Social,117.07
ORD-001723,CUST-00621,2025-05-18,Paid Social,102.11
ORD-001724,CUST-00621,2025-08-29,Paid Social,106.26
ORD-001725,CUST-00622,2025-06-12,Paid Search,87.44
ORD-001726,CUST-00622,2025-07-12,Paid Search,72.85
ORD-001727,CUST-00622,2025-09-16,Paid Search,108.88
ORD-001728,CUST-00622,2025-12-09,Paid Search,81.66
ORD-001729,CUST-00623,2025-09-15,Paid Social,99.86
ORD-001730,CUST-00624,2025-03-01,Paid Search,66.47
ORD-001731,CUST-00624,2025-04-13,Paid Search,127.22
ORD-001732,CUST-00624,2025-05-04,Paid Search,103.84
ORD-001733,CUST-00624,2025-03-13,Paid Search,137.4
ORD-001734,CUST-00625,2025-06-15,Paid Search,77.56
ORD-001735,CUST-00625,2025-06-17,Paid Search,137.69
ORD-001736,CUST-00625,2025-09-11,Paid Search,65.47
ORD-001737,CUST-00626,2025-08-17,Email,127.26
ORD-001738,CUST-00626,2025-08-17,Email,99.48
ORD-001739,CUST-00626,2025-09-09,Email,63.27
ORD-001740,CUST-00626,2025-10-24,Email,107.74
ORD-001741,CUST-00626,2025-08-20,Email,82.87
ORD-001742,CUST-00626,2025-12-09,Email,60.32
ORD-001743,CUST-00627,2025-06-13,Paid Social,56.93
ORD-001744,CUST-00627,2025-06-20,Paid Social,102.47
ORD-001745,CUST-00627,2025-10-26,Paid Social,99.06
ORD-001746,CUST-00627,2025-08-21,Paid Social,109.57
ORD-001747,CUST-00627,2025-11-11,Paid Social,100.49
ORD-001748,CUST-00628,2025-06-02,Display,95.03
ORD-001749,CUST-00628,2025-09-07,Display,69.11
ORD-001750,CUST-00629,2025-08-20,Paid Social,91.65
ORD-001751,CUST-00629,2025-09-15,Paid Social,85.89
ORD-001752,CUST-00629,2025-12-07,Paid Social,86.41
ORD-001753,CUST-00629,2025-10-13,Paid Social,82.58
ORD-001754,CUST-00630,2025-11-23,Paid Social,110.7
ORD-001755,CUST-00630,2025-12-07,Paid Social,48.23
ORD-001756,CUST-00631,2025-10-03,Display,80.4
ORD-001757,CUST-00631,2025-11-04,Display,99.92
ORD-001758,CUST-00631,2025-12-17,Display,78.1
ORD-001759,CUST-00632,2025-01-07,Organic Social,61.98
ORD-001760,CUST-00632,2025-01-15,Organic Social,79.08
ORD-001761,CUST-00633,2025-03-24,Paid Social,77.9
ORD-001762,CUST-00633,2025-04-25,Paid Social,47.7
ORD-001763,CUST-00633,2025-11-29,Paid Social,129.47
ORD-001764,CUST-00633,2025-05-15,Paid Social,113.14
ORD-001765,CUST-00634,2025-02-04,Paid Search,88.33
ORD-001766,CUST-00635,2025-03-08,Paid Social,66.08
ORD-001767,CUST-00635,2025-03-24,Paid Social,56.53
ORD-001768,CUST-00635,2025-05-24,Paid Social,46.67
ORD-001769,CUST-00635,2025-07-31,Paid Social,113.5
ORD-001770,CUST-00636,2025-11-11,Display,54.58
ORD-001771,CUST-00636,2025-11-24,Display,87.95
ORD-001772,CUST-00637,2025-06-04,Organic Social,88.22
ORD-001773,CUST-00637,2025-06-07,Organic Social,79.11
ORD-001774,CUST-00637,2025-06-26,Organic Social,54.48
ORD-001775,CUST-00637,2025-08-31,Organic Social,30.06
ORD-001776,CUST-00637,2025-06-23,Organic Social,48.49
ORD-001777,CUST-00638,2025-02-11,Email,57.8
ORD-001778,CUST-00638,2025-05-05,Email,143.31
ORD-001779,CUST-00639,2025-11-07,Affiliate,109.48
ORD-001780,CUST-00639,2025-11-26,Affiliate,74.92
ORD-001781,CUST-00639,2025-12-03,Affiliate,69.85
ORD-001782,CUST-00640,2025-04-13,Paid Social,39.9
ORD-001783,CUST-00640,2025-06-01,Paid Social,99.74
ORD-001784,CUST-00640,2025-06-01,Paid Social,86.55
ORD-001785,CUST-00640,2025-06-12,Paid Social,59.13
ORD-001786,CUST-00641,2025-10-17,Paid Search,131.49
ORD-001787,CUST-00641,2025-10-26,Paid Search,107.22
ORD-001788,CUST-00642,2025-01-27,Affiliate,109.08
ORD-001789,CUST-00642,2025-05-15,Affiliate,87.89
ORD-001790,CUST-00642,2025-10-05,Affiliate,110.97
ORD-001791,CUST-00643,2025-07-30,Paid Search,104.85
ORD-001792,CUST-00643,2025-08-09,Paid Search,123.01
ORD-001793,CUST-00644,2025-06-22,Paid Search,86.19
ORD-001794,CUST-00644,2025-09-28,Paid Search,109.14
ORD-001795,CUST-00645,2025-01-03,Organic Social,96.86
ORD-001796,CUST-00645,2025-01-27,Organic Social,92.47
ORD-001797,CUST-00645,2025-01-11,Organic Social,92.98
ORD-001798,CUST-00645,2025-05-19,Organic Social,49.49
ORD-001799,CUST-00645,2025-04-29,Organic Social,43.55
ORD-001800,CUST-00646,2025-09-16,Paid Social,102.88
ORD-001801,CUST-00646,2025-09-26,Paid Social,103.52
ORD-001802,CUST-00646,2025-10-17,Paid Social,63.25
ORD-001803,CUST-00647,2025-10-05,Paid Search,94.08
ORD-001804,CUST-00647,2025-10-16,Paid Search,101.23
ORD-001805,CUST-00648,2025-07-14,Paid Social,38.0
ORD-001806,CUST-00648,2025-09-15,Paid Social,84.06
ORD-001807,CUST-00648,2025-08-18,Paid Social,52.04
ORD-001808,CUST-00648,2025-09-23,Paid Social,83.5
ORD-001809,CUST-00649,2025-09-27,Paid Social,82.41
ORD-001810,CUST-00650,2025-01-18,Paid Search,142.47
ORD-001811,CUST-00650,2025-01-27,Paid Search,94.53
ORD-001812,CUST-00650,2025-02-19,Paid Search,92.28
ORD-001813,CUST-00651,2025-02-18,Paid Social,60.37
ORD-001814,CUST-00651,2025-03-16,Paid Social,61.86
ORD-001815,CUST-00651,2025-02-21,Paid Social,43.28
ORD-001816,CUST-00652,2025-07-06,Email,113.69
ORD-001817,CUST-00653,2025-07-05,Organic Social,47.65
ORD-001818,CUST-00653,2025-07-07,Organic Social,109.64
ORD-001819,CUST-00653,2025-07-27,Organic Social,97.65
ORD-001820,CUST-00654,2025-09-19,Paid Social,63.93
ORD-001821,CUST-00654,2025-10-18,Paid Social,42.9
ORD-001822,CUST-00654,2025-10-29,Paid Social,77.21
ORD-001823,CUST-00655,2025-04-02,Email,126.2
ORD-001824,CUST-00655,2025-06-14,Email,79.73
ORD-001825,CUST-00655,2025-07-24,Email,63.5
ORD-001826,CUST-00656,2025-06-14,Email,147.91
ORD-001827,CUST-00656,2025-07-13,Email,68.19
ORD-001828,CUST-00657,2025-09-12,Paid Search,98.9
ORD-001829,CUST-00657,2025-10-18,Paid Search,121.78
ORD-001830,CUST-00658,2025-04-02,Paid Social,68.61
ORD-001831,CUST-00658,2025-04-05,Paid Social,65.85
ORD-001832,CUST-00658,2025-05-15,Paid Social,80.8
ORD-001833,CUST-00659,2025-07-19,Display,91.35
ORD-001834,CUST-00659,2025-08-06,Display,77.05
ORD-001835,CUST-00660,2025-01-05,Display,88.14
ORD-001836,CUST-00660,2025-02-13,Display,106.67
ORD-001837,CUST-00660,2025-06-15,Display,115.58
ORD-001838,CUST-00661,2025-05-04,Paid Social,57.55
ORD-001839,CUST-00661,2025-05-28,Paid Social,91.35
ORD-001840,CUST-00661,2025-06-03,Paid Social,79.99
ORD-001841,CUST-00662,2025-10-07,Paid Search,138.07
ORD-001842,CUST-00662,2025-10-16,Paid Search,109.14
ORD-001843,CUST-00662,2025-11-10,Paid Search,122.98
ORD-001844,CUST-00662,2025-10-09,Paid Search,159.47
ORD-001845,CUST-00663,2025-03-24,Paid Search,95.53
ORD-001846,CUST-00663,2025-03-27,Paid Search,111.7
ORD-001847,CUST-00663,2025-04-07,Paid Search,137.1
ORD-001848,CUST-00664,2025-03-09,Email,92.68
ORD-001849,CUST-00664,2025-06-14,Email,134.82
ORD-001850,CUST-00665,2025-07-12,Email,98.05
ORD-001851,CUST-00665,2025-08-13,Email,132.32
ORD-001852,CUST-00665,2025-08-02,Email,72.66
ORD-001853,CUST-00666,2025-01-07,Email,59.51
ORD-001854,CUST-00666,2025-01-31,Email,61.54
ORD-001855,CUST-00667,2025-11-05,Display,91.41
ORD-001856,CUST-00668,2025-11-05,Organic Social,80.64
ORD-001857,CUST-00669,2025-10-19,Organic Social,73.89
ORD-001858,CUST-00669,2025-12-01,Organic Social,55.66
ORD-001859,CUST-00670,2025-02-14,Display,56.7
ORD-001860,CUST-00670,2025-02-20,Display,73.98
ORD-001861,CUST-00670,2025-11-02,Display,62.52
ORD-001862,CUST-00671,2025-03-04,Paid Social,69.79
ORD-001863,CUST-00671,2025-03-31,Paid Social,52.76
ORD-001864,CUST-00671,2025-03-18,Paid Social,43.38
ORD-001865,CUST-00671,2025-12-11,Paid Social,105.59
ORD-001866,CUST-00672,2025-10-27,Paid Search,117.7
ORD-001867,CUST-00672,2025-11-23,Paid Search,70.87
ORD-001868,CUST-00672,2025-12-30,Paid Search,81.6
ORD-001869,CUST-00672,2025-12-16,Paid Search,108.23
ORD-001870,CUST-00673,2025-04-05,Paid Social,61.36
ORD-001871,CUST-00673,2025-06-29,Paid Social,90.49
ORD-001872,CUST-00673,2025-08-10,Paid Social,93.3
ORD-001873,CUST-00674,2025-07-31,Email,69.35
ORD-001874,CUST-00674,2025-12-06,Email,67.0
ORD-001875,CUST-00674,2025-08-19,Email,118.27
ORD-001876,CUST-00674,2025-10-02,Email,136.75
ORD-001877,CUST-00675,2025-08-19,Organic Social,43.27
ORD-001878,CUST-00675,2025-08-20,Organic Social,50.77
ORD-001879,CUST-00675,2025-10-29,Organic Social,113.21
ORD-001880,CUST-00676,2025-02-07,Paid Search,61.03
ORD-001881,CUST-00676,2025-04-08,Paid Search,59.37
ORD-001882,CUST-00677,2025-06-28,Affiliate,147.71
ORD-001883,CUST-00677,2025-10-02,Affiliate,75.67
ORD-001884,CUST-00678,2025-07-04,Organic Social,77.99
ORD-001885,CUST-00678,2025-11-12,Organic Social,40.36
ORD-001886,CUST-00679,2025-09-21,Affiliate,77.43
ORD-001887,CUST-00679,2025-12-04,Affiliate,102.25
ORD-001888,CUST-00680,2025-06-01,Display,72.41
ORD-001889,CUST-00680,2025-08-18,Display,68.35
ORD-001890,CUST-00681,2025-09-16,Paid Search,120.83
ORD-001891,CUST-00681,2025-10-27,Paid Search,88.87
ORD-001892,CUST-00681,2025-10-09,Paid Search,100.06
ORD-001893,CUST-00682,2025-01-19,Paid Search,95.39
ORD-001894,CUST-00682,2025-01-22,Paid Search,102.4
ORD-001895,CUST-00682,2025-02-05,Paid Search,114.77
ORD-001896,CUST-00683,2025-07-02,Paid Search,112.49
ORD-001897,CUST-00683,2025-09-01,Paid Search,100.27
ORD-001898,CUST-00683,2025-09-17,Paid Search,111.19
ORD-001899,CUST-00683,2025-08-07,Paid Search,66.02
ORD-001900,CUST-00683,2025-07-05,Paid Search,95.22
ORD-001901,CUST-00684,2025-11-03,Affiliate,86.6
ORD-001902,CUST-00684,2025-12-05,Affiliate,140.25
ORD-001903,CUST-00684,2025-11-24,Affiliate,104.4
ORD-001904,CUST-00685,2025-01-15,Paid Search,54.36
ORD-001905,CUST-00685,2025-02-24,Paid Search,146.13
ORD-001906,CUST-00686,2025-03-25,Paid Search,70.92
ORD-001907,CUST-00686,2025-06-08,Paid Search,127.99
ORD-001908,CUST-00686,2025-05-09,Paid Search,75.95
ORD-001909,CUST-00686,2025-04-23,Paid Search,79.41
ORD-001910,CUST-00686,2025-12-10,Paid Search,94.21
ORD-001911,CUST-00686,2025-04-26,Paid Search,80.93
ORD-001912,CUST-00687,2025-05-27,Email,113.7
ORD-001913,CUST-00687,2025-06-09,Email,107.59
ORD-001914,CUST-00688,2025-10-21,Email,69.16
ORD-001915,CUST-00689,2025-05-10,Email,65.02
ORD-001916,CUST-00689,2025-06-26,Email,102.67
ORD-001917,CUST-00690,2025-04-18,Organic Social,72.98
ORD-001918,CUST-00691,2025-02-07,Paid Search,88.17
ORD-001919,CUST-00691,2025-02-08,Paid Search,115.98
ORD-001920,CUST-00691,2025-02-20,Paid Search,87.95
ORD-001921,CUST-00691,2025-03-18,Paid Search,139.92
ORD-001922,CUST-00691,2025-05-28,Paid Search,62.55
ORD-001923,CUST-00692,2025-05-05,Paid Social,65.46
ORD-001924,CUST-00692,2025-06-03,Paid Social,44.24
ORD-001925,CUST-00692,2025-06-07,Paid Social,55.24
ORD-001926,CUST-00693,2025-05-13,Paid Social,60.96
ORD-001927,CUST-00693,2025-05-27,Paid Social,85.0
ORD-001928,CUST-00693,2025-05-17,Paid Social,64.87
ORD-001929,CUST-00694,2025-11-25,Paid Search,74.13
ORD-001930,CUST-00695,2025-01-13,Email,82.03
ORD-001931,CUST-00695,2025-01-19,Email,110.81
ORD-001932,CUST-00695,2025-11-01,Email,109.71
ORD-001933,CUST-00695,2025-02-04,Email,147.28
ORD-001934,CUST-00696,2025-03-03,Display,85.12
ORD-001935,CUST-00696,2025-04-02,Display,55.44
ORD-001936,CUST-00696,2025-03-15,Display,70.55
ORD-001937,CUST-00697,2025-09-01,Display,146.72
ORD-001938,CUST-00697,2025-10-27,Display,151.7
ORD-001939,CUST-00697,2025-11-26,Display,82.36
ORD-001940,CUST-00697,2025-09-19,Display,96.47
ORD-001941,CUST-00698,2025-07-02,Paid Search,75.21
ORD-001942,CUST-00698,2025-07-05,Paid Search,108.02
ORD-001943,CUST-00698,2025-10-17,Paid Search,71.8
ORD-001944,CUST-00698,2025-07-30,Paid Search,139.78
ORD-001945,CUST-00699,2025-06-12,Affiliate,126.76
ORD-001946,CUST-00699,2025-09-17,Affiliate,100.05
ORD-001947,CUST-00699,2025-07-08,Affiliate,121.86
ORD-001948,CUST-00699,2025-06-13,Affiliate,145.92
ORD-001949,CUST-00700,2025-02-07,Organic Social,99.3
ORD-001950,CUST-00700,2025-03-03,Organic Social,37.16
ORD-001951,CUST-00701,2025-10-28,Paid Search,98.91
ORD-001952,CUST-00701,2025-11-01,Paid Search,81.95
ORD-001953,CUST-00702,2025-02-22,Paid Social,72.47
ORD-001954,CUST-00702,2025-05-27,Paid Social,46.25
ORD-001955,CUST-00703,2025-10-19,Paid Social,74.62
ORD-001956,CUST-00703,2025-10-23,Paid Social,92.18
ORD-001957,CUST-00703,2025-12-24,Paid Social,78.39
ORD-001958,CUST-00704,2025-02-12,Paid Search,67.34
ORD-001959,CUST-00704,2025-03-29,Paid Search,164.12
ORD-001960,CUST-00705,2025-11-16,Paid Social,77.03
ORD-001961,CUST-00705,2025-11-29,Paid Social,124.22
ORD-001962,CUST-00706,2025-03-27,Paid Search,79.11
ORD-001963,CUST-00706,2025-05-26,Paid Search,58.35
ORD-001964,CUST-00706,2025-05-02,Paid Search,69.93
ORD-001965,CUST-00707,2025-09-30,Organic Social,52.5
ORD-001966,CUST-00707,2025-10-02,Organic Social,71.14
ORD-001967,CUST-00708,2025-11-07,Paid Social,71.92
ORD-001968,CUST-00708,2025-12-05,Paid Social,102.83
ORD-001969,CUST-00708,2025-11-10,Paid Social,74.42
ORD-001970,CUST-00708,2025-12-25,Paid Social,71.68
ORD-001971,CUST-00709,2025-08-02,Organic Social,73.16
ORD-001972,CUST-00709,2025-10-09,Organic Social,64.82
ORD-001973,CUST-00709,2025-12-19,Organic Social,93.82
ORD-001974,CUST-00709,2025-10-16,Organic Social,102.81
ORD-001975,CUST-00710,2025-09-28,Paid Search,54.56
ORD-001976,CUST-00710,2025-12-31,Paid Search,120.66
ORD-001977,CUST-00710,2025-10-31,Paid Search,79.58
ORD-001978,CUST-00711,2025-08-11,Paid Search,110.74
ORD-001979,CUST-00712,2025-10-31,Paid Social,79.38
ORD-001980,CUST-00712,2025-11-06,Paid Social,56.9
ORD-001981,CUST-00713,2025-09-03,Affiliate,70.45
ORD-001982,CUST-00713,2025-10-16,Affiliate,104.24
ORD-001983,CUST-00713,2025-12-04,Affiliate,85.63
ORD-001984,CUST-00713,2025-12-27,Affiliate,84.19
ORD-001985,CUST-00714,2025-08-16,Email,95.0
ORD-001986,CUST-00715,2025-07-11,Display,108.38
ORD-001987,CUST-00715,2025-07-16,Display,63.33
ORD-001988,CUST-00715,2025-07-24,Display,89.17
ORD-001989,CUST-00716,2025-03-06,Paid Social,52.06
ORD-001990,CUST-00716,2025-06-17,Paid Social,44.88
ORD-001991,CUST-00716,2025-08-01,Paid Social,77.11
ORD-001992,CUST-00717,2025-08-23,Paid Search,94.0
ORD-001993,CUST-00717,2025-09-16,Paid Search,79.42
ORD-001994,CUST-00717,2025-09-30,Paid Search,100.88
ORD-001995,CUST-00718,2025-01-11,Email,164.38
ORD-001996,CUST-00718,2025-03-20,Email,110.97
ORD-001997,CUST-00718,2025-04-03,Email,74.52
ORD-001998,CUST-00718,2025-09-22,Email,83.28
ORD-001999,CUST-00719,2025-01-29,Email,77.57
ORD-002000,CUST-00719,2025-03-11,Email,75.59
ORD-002001,CUST-00719,2025-05-04,Email,77.59
ORD-002002,CUST-00720,2025-11-16,Paid Search,118.3
ORD-002003,CUST-00720,2025-12-22,Paid Search,119.43
ORD-002004,CUST-00721,2025-07-23,Paid Search,126.67
ORD-002005,CUST-00722,2025-07-24,Paid Social,46.66
ORD-002006,CUST-00722,2025-09-21,Paid Social,94.83
ORD-002007,CUST-00722,2025-10-21,Paid Social,50.67
ORD-002008,CUST-00722,2025-09-02,Paid Social,95.08
ORD-002009,CUST-00723,2025-07-08,Paid Social,58.45
ORD-002010,CUST-00723,2025-08-25,Paid Social,88.19
ORD-002011,CUST-00724,2025-03-07,Display,57.16
ORD-002012,CUST-00725,2025-05-23,Paid Social,93.6
ORD-002013,CUST-00725,2025-05-28,Paid Social,40.15
ORD-002014,CUST-00726,2025-07-21,Email,98.4
ORD-002015,CUST-00726,2025-09-21,Email,111.01
ORD-002016,CUST-00726,2025-09-16,Email,63.49
ORD-002017,CUST-00727,2025-03-03,Display,81.89
ORD-002018,CUST-00727,2025-03-29,Display,70.81
ORD-002019,CUST-00728,2025-05-23,Email,113.72
ORD-002020,CUST-00728,2025-07-18,Email,61.13
ORD-002021,CUST-00729,2025-01-19,Email,96.72
ORD-002022,CUST-00729,2025-02-09,Email,82.69
ORD-002023,CUST-00729,2025-05-25,Email,96.72
ORD-002024,CUST-00730,2025-03-21,Affiliate,108.47
ORD-002025,CUST-00730,2025-06-15,Affiliate,148.91
ORD-002026,CUST-00730,2025-10-12,Affiliate,96.39
ORD-002027,CUST-00730,2025-03-21,Affiliate,120.12
ORD-002028,CUST-00731,2025-04-22,Email,86.1
ORD-002029,CUST-00731,2025-04-25,Email,54.95
ORD-002030,CUST-00731,2025-09-06,Email,47.49
ORD-002031,CUST-00732,2025-02-07,Affiliate,61.42
ORD-002032,CUST-00732,2025-07-27,Affiliate,116.03
ORD-002033,CUST-00732,2025-04-02,Affiliate,71.66
ORD-002034,CUST-00733,2025-11-01,Email,124.9
ORD-002035,CUST-00733,2025-11-19,Email,119.62
ORD-002036,CUST-00734,2025-09-21,Paid Search,71.63
ORD-002037,CUST-00734,2025-12-04,Paid Search,105.97
ORD-002038,CUST-00735,2025-10-20,Paid Social,79.94
ORD-002039,CUST-00735,2025-11-05,Paid Social,44.02
ORD-002040,CUST-00735,2025-11-21,Paid Social,93.87
ORD-002041,CUST-00736,2025-09-01,Paid Social,87.71
ORD-002042,CUST-00736,2025-12-19,Paid Social,129.52
ORD-002043,CUST-00736,2025-11-11,Paid Social,80.04
ORD-002044,CUST-00737,2025-05-12,Paid Search,109.01
ORD-002045,CUST-00737,2025-06-16,Paid Search,122.61
ORD-002046,CUST-00738,2025-07-08,Display,54.47
ORD-002047,CUST-00738,2025-07-30,Display,63.87
ORD-002048,CUST-00738,2025-11-11,Display,86.55
ORD-002049,CUST-00738,2025-09-16,Display,67.1
ORD-002050,CUST-00739,2025-11-23,Email,59.09
ORD-002051,CUST-00740,2025-02-16,Email,85.16
ORD-002052,CUST-00740,2025-03-02,Email,106.21
ORD-002053,CUST-00740,2025-03-03,Email,140.53
ORD-002054,CUST-00741,2025-08-08,Paid Social,102.6
ORD-002055,CUST-00742,2025-06-02,Email,63.88
ORD-002056,CUST-00742,2025-06-13,Email,87.32
ORD-002057,CUST-00742,2025-09-24,Email,149.46
ORD-002058,CUST-00743,2025-04-11,Paid Search,125.75
ORD-002059,CUST-00743,2025-05-27,Paid Search,117.9
ORD-002060,CUST-00744,2025-07-07,Paid Search,129.22
ORD-002061,CUST-00744,2025-08-13,Paid Search,109.53
ORD-002062,CUST-00744,2025-10-30,Paid Search,70.96
ORD-002063,CUST-00744,2025-09-22,Paid Search,82.61
ORD-002064,CUST-00745,2025-05-24,Display,91.7
ORD-002065,CUST-00746,2025-02-02,Paid Search,95.2
ORD-002066,CUST-00746,2025-02-16,Paid Search,58.22
ORD-002067,CUST-00747,2025-08-19,Paid Search,136.63
ORD-002068,CUST-00747,2025-09-02,Paid Search,72.94
ORD-002069,CUST-00748,2025-06-29,Paid Social,88.49
ORD-002070,CUST-00748,2025-07-04,Paid Social,92.24
ORD-002071,CUST-00749,2025-10-06,Paid Search,71.28
ORD-002072,CUST-00749,2025-11-28,Paid Search,49.26
ORD-002073,CUST-00749,2025-10-17,Paid Search,123.57
ORD-002074,CUST-00750,2025-05-13,Paid Search,72.7
ORD-002075,CUST-00750,2025-10-22,Paid Search,72.83
ORD-002076,CUST-00750,2025-06-12,Paid Search,96.47
ORD-002077,CUST-00751,2025-03-18,Paid Social,98.77
ORD-002078,CUST-00751,2025-04-08,Paid Social,60.09
ORD-002079,CUST-00752,2025-10-22,Paid Search,69.28
ORD-002080,CUST-00752,2025-12-24,Paid Search,124.77
ORD-002081,CUST-00753,2025-05-19,Paid Search,65.49
ORD-002082,CUST-00753,2025-07-03,Paid Search,121.18
ORD-002083,CUST-00753,2025-10-22,Paid Search,87.71
ORD-002084,CUST-00754,2025-06-19,Affiliate,92.71
ORD-002085,CUST-00754,2025-07-23,Affiliate,102.94
ORD-002086,CUST-00754,2025-08-14,Affiliate,118.41
ORD-002087,CUST-00754,2025-07-18,Affiliate,69.88
ORD-002088,CUST-00755,2025-05-04,Paid Social,57.91
ORD-002089,CUST-00755,2025-05-23,Paid Social,110.68
ORD-002090,CUST-00755,2025-10-04,Paid Social,73.02
ORD-002091,CUST-00756,2025-10-29,Email,88.02
ORD-002092,CUST-00757,2025-05-29,Paid Search,111.27
ORD-002093,CUST-00757,2025-07-13,Paid Search,87.94
ORD-002094,CUST-00758,2025-09-03,Organic Social,116.87
ORD-002095,CUST-00758,2025-10-18,Organic Social,44.4
ORD-002096,CUST-00759,2025-07-31,Display,123.81
ORD-002097,CUST-00759,2025-08-16,Display,85.58
ORD-002098,CUST-00759,2025-12-19,Display,68.3
ORD-002099,CUST-00760,2025-09-09,Paid Social,67.77
ORD-002100,CUST-00760,2025-09-12,Paid Social,39.49
ORD-002101,CUST-00760,2025-09-30,Paid Social,105.97
ORD-002102,CUST-00761,2025-05-14,Paid Search,72.72
ORD-002103,CUST-00761,2025-08-18,Paid Search,67.31
ORD-002104,CUST-00761,2025-07-25,Paid Search,64.33
ORD-002105,CUST-00761,2025-11-27,Paid Search,114.27
ORD-002106,CUST-00761,2025-08-28,Paid Search,95.39
ORD-002107,CUST-00762,2025-02-21,Paid Search,59.99
ORD-002108,CUST-00762,2025-03-12,Paid Search,124.07
ORD-002109,CUST-00762,2025-03-04,Paid Search,121.75
ORD-002110,CUST-00763,2025-10-03,Display,113.86
ORD-002111,CUST-00763,2025-12-03,Display,75.84
ORD-002112,CUST-00764,2025-03-20,Paid Social,100.81
ORD-002113,CUST-00764,2025-03-29,Paid Social,55.27
ORD-002114,CUST-00764,2025-08-20,Paid Social,81.42
ORD-002115,CUST-00764,2025-04-09,Paid Social,95.68
ORD-002116,CUST-00764,2025-09-09,Paid Social,144.88
ORD-002117,CUST-00764,2025-10-28,Paid Social,69.82
ORD-002118,CUST-00765,2025-07-17,Paid Search,98.4
ORD-002119,CUST-00765,2025-08-12,Paid Search,99.82
ORD-002120,CUST-00765,2025-08-15,Paid Search,103.3
ORD-002121,CUST-00765,2025-10-21,Paid Search,64.16
ORD-002122,CUST-00766,2025-09-13,Organic Social,84.32
ORD-002123,CUST-00766,2025-09-17,Organic Social,71.89
ORD-002124,CUST-00767,2025-04-21,Paid Social,71.14
ORD-002125,CUST-00767,2025-05-23,Paid Social,37.18
ORD-002126,CUST-00767,2025-06-10,Paid Social,43.63
ORD-002127,CUST-00768,2025-09-21,Email,139.24
ORD-002128,CUST-00768,2025-10-20,Email,82.85
ORD-002129,CUST-00768,2025-09-22,Email,121.86
ORD-002130,CUST-00769,2025-08-24,Affiliate,101.69
ORD-002131,CUST-00769,2025-12-18,Affiliate,166.53
ORD-002132,CUST-00769,2025-11-05,Affiliate,138.45
ORD-002133,CUST-00769,2025-09-27,Affiliate,124.54
ORD-002134,CUST-00770,2025-10-13,Affiliate,109.93
ORD-002135,CUST-00770,2025-11-07,Affiliate,116.34
ORD-002136,CUST-00771,2025-08-05,Email,60.42
ORD-002137,CUST-00771,2025-11-15,Email,58.34
ORD-002138,CUST-00771,2025-09-03,Email,148.33
ORD-002139,CUST-00771,2025-12-27,Email,94.76
ORD-002140,CUST-00772,2025-09-11,Affiliate,81.26
ORD-002141,CUST-00772,2025-09-20,Affiliate,91.02
ORD-002142,CUST-00772,2025-11-02,Affiliate,116.22
ORD-002143,CUST-00773,2025-06-18,Organic Social,102.99
ORD-002144,CUST-00773,2025-07-04,Organic Social,47.74
ORD-002145,CUST-00774,2025-02-07,Organic Social,70.84
ORD-002146,CUST-00774,2025-04-18,Organic Social,70.03
ORD-002147,CUST-00774,2025-03-25,Organic Social,55.46
ORD-002148,CUST-00774,2025-02-09,Organic Social,57.34
ORD-002149,CUST-00775,2025-08-18,Paid Social,58.95
ORD-002150,CUST-00775,2025-09-13,Paid Social,51.21
ORD-002151,CUST-00775,2025-10-27,Paid Social,63.15
ORD-002152,CUST-00776,2025-09-30,Paid Social,110.38
ORD-002153,CUST-00776,2025-11-02,Paid Social,108.03
ORD-002154,CUST-00777,2025-10-13,Paid Search,119.1
ORD-002155,CUST-00777,2025-11-20,Paid Search,81.69
ORD-002156,CUST-00777,2025-10-17,Paid Search,92.24
ORD-002157,CUST-00778,2025-02-22,Affiliate,80.31
ORD-002158,CUST-00778,2025-03-05,Affiliate,93.63
ORD-002159,CUST-00778,2025-11-01,Affiliate,107.82
ORD-002160,CUST-00778,2025-02-24,Affiliate,76.42
ORD-002161,CUST-00778,2025-10-02,Affiliate,73.32
ORD-002162,CUST-00778,2025-10-20,Affiliate,84.23
ORD-002163,CUST-00779,2025-03-04,Paid Search,125.3
ORD-002164,CUST-00779,2025-03-30,Paid Search,136.9
ORD-002165,CUST-00780,2025-01-21,Paid Social,65.48
ORD-002166,CUST-00780,2025-02-20,Paid Social,71.3
ORD-002167,CUST-00780,2025-02-06,Paid Social,103.7
ORD-002168,CUST-00781,2025-04-27,Paid Search,85.74
ORD-002169,CUST-00781,2025-06-07,Paid Search,108.28
ORD-002170,CUST-00781,2025-09-06,Paid Search,95.29
ORD-002171,CUST-00781,2025-10-08,Paid Search,72.8
ORD-002172,CUST-00782,2025-04-27,Email,91.35
ORD-002173,CUST-00782,2025-08-10,Email,59.02
ORD-002174,CUST-00783,2025-10-04,Email,47.5
ORD-002175,CUST-00783,2025-10-31,Email,51.64
ORD-002176,CUST-00784,2025-01-12,Paid Search,86.18
ORD-002177,CUST-00784,2025-01-22,Paid Search,130.48
ORD-002178,CUST-00784,2025-01-13,Paid Search,79.18
ORD-002179,CUST-00784,2025-04-27,Paid Search,125.34
ORD-002180,CUST-00785,2025-10-02,Display,116.67
ORD-002181,CUST-00786,2025-10-04,Paid Social,55.87
ORD-002182,CUST-00786,2025-11-14,Paid Social,34.13
ORD-002183,CUST-00786,2025-11-09,Paid Social,85.72
ORD-002184,CUST-00787,2025-09-03,Paid Social,80.41
ORD-002185,CUST-00787,2025-09-09,Paid Social,82.65
ORD-002186,CUST-00787,2025-10-05,Paid Social,131.91
ORD-002187,CUST-00788,2025-07-24,Organic Social,40.73
ORD-002188,CUST-00788,2025-11-09,Organic Social,86.48
ORD-002189,CUST-00788,2025-12-26,Organic Social,62.68
ORD-002190,CUST-00788,2025-11-29,Organic Social,74.14
ORD-002191,CUST-00788,2025-07-28,Organic Social,118.19
ORD-002192,CUST-00789,2025-03-01,Email,146.33
ORD-002193,CUST-00789,2025-04-20,Email,76.85
ORD-002194,CUST-00789,2025-03-05,Email,71.85
ORD-002195,CUST-00790,2025-04-21,Paid Search,118.29
ORD-002196,CUST-00790,2025-08-24,Paid Search,75.92
ORD-002197,CUST-00791,2025-07-13,Organic Social,70.95
ORD-002198,CUST-00791,2025-11-16,Organic Social,96.64
ORD-002199,CUST-00791,2025-11-09,Organic Social,82.69
ORD-002200,CUST-00791,2025-11-08,Organic Social,103.57
ORD-002201,CUST-00791,2025-08-17,Organic Social,46.83
ORD-002202,CUST-00792,2025-09-06,Paid Social,61.61
ORD-002203,CUST-00793,2025-11-26,Email,61.59
ORD-002204,CUST-00793,2025-12-10,Email,98.98
ORD-002205,CUST-00794,2025-06-24,Display,80.69
ORD-002206,CUST-00794,2025-09-01,Display,65.62
ORD-002207,CUST-00795,2025-03-18,Paid Social,87.72
ORD-002208,CUST-00796,2025-02-10,Email,57.26
ORD-002209,CUST-00796,2025-06-06,Email,38.88
ORD-002210,CUST-00796,2025-04-06,Email,108.11
ORD-002211,CUST-00797,2025-06-17,Paid Search,87.73
ORD-002212,CUST-00797,2025-08-12,Paid Search,96.02
ORD-002213,CUST-00798,2025-06-17,Paid Social,83.27
ORD-002214,CUST-00798,2025-07-07,Paid Social,53.24
ORD-002215,CUST-00798,2025-10-11,Paid Social,73.95
ORD-002216,CUST-00798,2025-11-09,Paid Social,41.4
ORD-002217,CUST-00798,2025-08-18,Paid Social,41.67
ORD-002218,CUST-00799,2025-03-12,Paid Social,84.7
ORD-002219,CUST-00799,2025-04-18,Paid Social,98.89
ORD-002220,CUST-00800,2025-01-31,Email,64.51
ORD-002221,CUST-00800,2025-03-29,Email,134.12
ORD-002222,CUST-00800,2025-02-14,Email,72.34
ORD-002223,CUST-00801,2025-06-25,Email,114.33
ORD-002224,CUST-00801,2025-06-25,Email,78.28
ORD-002225,CUST-00802,2025-01-20,Email,90.2
ORD-002226,CUST-00802,2025-02-21,Email,97.5
ORD-002227,CUST-00802,2025-08-08,Email,100.03
ORD-002228,CUST-00803,2025-10-12,Affiliate,94.5
ORD-002229,CUST-00803,2025-10-17,Affiliate,90.5
ORD-002230,CUST-00803,2025-11-21,Affiliate,83.79
ORD-002231,CUST-00804,2025-08-26,Paid Search,77.57
ORD-002232,CUST-00804,2025-09-19,Paid Search,77.98
ORD-002233,CUST-00804,2025-10-01,Paid Search,62.91
ORD-002234,CUST-00804,2025-09-23,Paid Search,102.5
ORD-002235,CUST-00805,2025-01-16,Paid Search,76.55
ORD-002236,CUST-00805,2025-03-01,Paid Search,51.08
ORD-002237,CUST-00806,2025-06-26,Paid Search,55.92
ORD-002238,CUST-00806,2025-07-01,Paid Search,120.09
ORD-002239,CUST-00807,2025-01-01,Organic Social,86.74
ORD-002240,CUST-00807,2025-01-04,Organic Social,79.38
ORD-002241,CUST-00808,2025-01-05,Affiliate,87.04
ORD-002242,CUST-00808,2025-04-24,Affiliate,98.78
ORD-002243,CUST-00809,2025-08-27,Organic Social,67.38
ORD-002244,CUST-00809,2025-09-04,Organic Social,45.39
ORD-002245,CUST-00809,2025-10-25,Organic Social,74.54
ORD-002246,CUST-00810,2025-05-27,Paid Search,96.02
ORD-002247,CUST-00810,2025-06-07,Paid Search,119.71
ORD-002248,CUST-00810,2025-06-05,Paid Search,123.25
ORD-002249,CUST-00811,2025-10-28,Email,106.33
ORD-002250,CUST-00812,2025-05-03,Email,98.63
ORD-002251,CUST-00812,2025-05-04,Email,71.08
ORD-002252,CUST-00812,2025-06-02,Email,109.81
ORD-002253,CUST-00812,2025-11-19,Email,117.14
ORD-002254,CUST-00812,2025-08-31,Email,77.94
ORD-002255,CUST-00812,2025-07-08,Email,83.53
ORD-002256,CUST-00812,2025-06-02,Email,78.02
ORD-002257,CUST-00813,2025-01-22,Email,120.46
ORD-002258,CUST-00813,2025-01-28,Email,75.52
ORD-002259,CUST-00813,2025-03-01,Email,64.93
ORD-002260,CUST-00813,2025-05-10,Email,60.25
ORD-002261,CUST-00813,2025-03-14,Email,103.14
ORD-002262,CUST-00814,2025-08-07,Display,69.61
ORD-002263,CUST-00814,2025-12-01,Display,163.45
ORD-002264,CUST-00815,2025-03-05,Paid Social,101.66
ORD-002265,CUST-00815,2025-03-25,Paid Social,54.93
ORD-002266,CUST-00815,2025-04-17,Paid Social,51.17
ORD-002267,CUST-00815,2025-10-17,Paid Social,63.41
ORD-002268,CUST-00815,2025-04-12,Paid Social,54.99
ORD-002269,CUST-00816,2025-05-06,Display,54.08
ORD-002270,CUST-00816,2025-06-30,Display,55.29
ORD-002271,CUST-00816,2025-05-14,Display,64.52
ORD-002272,CUST-00816,2025-12-10,Display,100.96
ORD-002273,CUST-00817,2025-09-27,Affiliate,121.16
ORD-002274,CUST-00817,2025-10-23,Affiliate,91.25
ORD-002275,CUST-00817,2025-10-12,Affiliate,84.99
ORD-002276,CUST-00818,2025-09-14,Paid Search,144.02
ORD-002277,CUST-00819,2025-02-06,Organic Social,97.45
ORD-002278,CUST-00820,2025-09-24,Paid Social,56.26
ORD-002279,CUST-00820,2025-11-04,Paid Social,99.5
ORD-002280,CUST-00820,2025-11-11,Paid Social,95.56
ORD-002281,CUST-00820,2025-10-03,Paid Social,87.51
ORD-002282,CUST-00821,2025-01-27,Display,74.66
ORD-002283,CUST-00822,2025-06-01,Display,111.22
ORD-002284,CUST-00822,2025-07-16,Display,71.51
ORD-002285,CUST-00822,2025-06-27,Display,81.08
ORD-002286,CUST-00823,2025-10-31,Email,153.97
ORD-002287,CUST-00824,2025-03-23,Paid Social,114.28
ORD-002288,CUST-00824,2025-04-27,Paid Social,78.6
ORD-002289,CUST-00824,2025-04-03,Paid Social,53.17
ORD-002290,CUST-00824,2025-04-30,Paid Social,71.4
ORD-002291,CUST-00825,2025-05-03,Email,125.32
ORD-002292,CUST-00825,2025-05-08,Email,87.43
ORD-002293,CUST-00825,2025-05-12,Email,178.49
ORD-002294,CUST-00826,2025-07-02,Paid Search,130.87
ORD-002295,CUST-00826,2025-07-25,Paid Search,154.25
ORD-002296,CUST-00826,2025-11-03,Paid Search,91.39
ORD-002297,CUST-00826,2025-08-29,Paid Search,103.2
ORD-002298,CUST-00827,2025-08-03,Organic Social,84.77
ORD-002299,CUST-00827,2025-08-16,Organic Social,79.05
ORD-002300,CUST-00828,2025-06-15,Paid Search,92.36
ORD-002301,CUST-00828,2025-06-17,Paid Search,109.85
ORD-002302,CUST-00828,2025-10-27,Paid Search,50.48
ORD-002303,CUST-00828,2025-08-29,Paid Search,91.32
ORD-002304,CUST-00829,2025-04-14,Paid Search,122.13
ORD-002305,CUST-00829,2025-06-02,Paid Search,103.25
ORD-002306,CUST-00829,2025-08-04,Paid Search,112.06
ORD-002307,CUST-00830,2025-08-17,Organic Social,42.44
ORD-002308,CUST-00830,2025-08-31,Organic Social,98.07
ORD-002309,CUST-00830,2025-10-29,Organic Social,88.38
ORD-002310,CUST-00830,2025-11-21,Organic Social,69.09
ORD-002311,CUST-00831,2025-05-22,Paid Search,135.4
ORD-002312,CUST-00832,2025-01-03,Paid Search,85.76
ORD-002313,CUST-00833,2025-06-09,Affiliate,152.81
ORD-002314,CUST-00833,2025-06-21,Affiliate,84.76
ORD-002315,CUST-00834,2025-10-17,Paid Search,113.21
ORD-002316,CUST-00834,2025-12-20,Paid Search,171.89
ORD-002317,CUST-00835,2025-03-22,Paid Search,66.51
ORD-002318,CUST-00835,2025-04-09,Paid Search,62.29
ORD-002319,CUST-00835,2025-12-28,Paid Search,102.29
ORD-002320,CUST-00836,2025-07-15,Paid Search,163.92
ORD-002321,CUST-00836,2025-07-20,Paid Search,127.31
ORD-002322,CUST-00836,2025-07-28,Paid Search,115.19
ORD-002323,CUST-00836,2025-11-17,Paid Search,134.3
ORD-002324,CUST-00837,2025-05-08,Affiliate,143.51
ORD-002325,CUST-00837,2025-06-22,Affiliate,123.82
ORD-002326,CUST-00838,2025-10-30,Paid Search,69.32
ORD-002327,CUST-00838,2025-11-13,Paid Search,136.66
ORD-002328,CUST-00839,2025-08-01,Display,72.54
ORD-002329,CUST-00839,2025-10-15,Display,63.22
ORD-002330,CUST-00839,2025-11-30,Display,113.26
ORD-002331,CUST-00839,2025-10-12,Display,81.34
ORD-002332,CUST-00840,2025-02-07,Paid Social,103.65
ORD-002333,CUST-00841,2025-08-09,Paid Search,99.04
ORD-002334,CUST-00842,2025-11-17,Paid Search,100.56
ORD-002335,CUST-00842,2025-12-20,Paid Search,138.83
ORD-002336,CUST-00843,2025-09-14,Organic Social,59.49
ORD-002337,CUST-00844,2025-06-25,Email,90.37
ORD-002338,CUST-00844,2025-10-03,Email,77.79
ORD-002339,CUST-00844,2025-12-29,Email,119.09
ORD-002340,CUST-00845,2025-08-09,Paid Search,62.34
ORD-002341,CUST-00845,2025-09-16,Paid Search,69.25
ORD-002342,CUST-00845,2025-11-15,Paid Search,122.32
ORD-002343,CUST-00845,2025-11-21,Paid Search,115.76
ORD-002344,CUST-00845,2025-08-19,Paid Search,80.52
ORD-002345,CUST-00846,2025-03-24,Paid Search,128.79
ORD-002346,CUST-00847,2025-05-18,Paid Social,72.98
ORD-002347,CUST-00847,2025-06-23,Paid Social,87.68
ORD-002348,CUST-00847,2025-06-16,Paid Social,59.36
ORD-002349,CUST-00848,2025-10-02,Email,111.01
ORD-002350,CUST-00849,2025-08-27,Paid Search,152.38
ORD-002351,CUST-00850,2025-10-24,Paid Search,103.85
ORD-002352,CUST-00850,2025-12-06,Paid Search,117.5
ORD-002353,CUST-00851,2025-05-10,Affiliate,81.73
ORD-002354,CUST-00851,2025-07-25,Affiliate,92.9
ORD-002355,CUST-00851,2025-10-09,Affiliate,77.01
ORD-002356,CUST-00852,2025-01-27,Paid Social,101.17
ORD-002357,CUST-00852,2025-02-01,Paid Social,90.6
ORD-002358,CUST-00852,2025-02-27,Paid Social,103.84
ORD-002359,CUST-00853,2025-02-23,Paid Search,72.68
ORD-002360,CUST-00853,2025-03-23,Paid Search,78.76
ORD-002361,CUST-00853,2025-04-20,Paid Search,109.49
ORD-002362,CUST-00854,2025-05-25,Paid Search,129.56
ORD-002363,CUST-00854,2025-12-18,Paid Search,89.51
ORD-002364,CUST-00854,2025-12-09,Paid Search,98.8
ORD-002365,CUST-00855,2025-06-26,Paid Social,96.07
ORD-002366,CUST-00856,2025-04-27,Paid Search,150.9
ORD-002367,CUST-00856,2025-05-15,Paid Search,136.06
ORD-002368,CUST-00856,2025-09-09,Paid Search,56.83
ORD-002369,CUST-00856,2025-05-19,Paid Search,108.14
ORD-002370,CUST-00857,2025-04-08,Paid Search,136.42
ORD-002371,CUST-00857,2025-07-23,Paid Search,92.69
ORD-002372,CUST-00858,2025-04-05,Display,66.33
ORD-002373,CUST-00858,2025-04-15,Display,106.71
ORD-002374,CUST-00858,2025-10-03,Display,77.1
ORD-002375,CUST-00858,2025-05-22,Display,112.25
ORD-002376,CUST-00859,2025-09-20,Paid Social,79.01
ORD-002377,CUST-00859,2025-11-06,Paid Social,124.9
ORD-002378,CUST-00859,2025-11-03,Paid Social,57.24
ORD-002379,CUST-00859,2025-11-28,Paid Social,85.85
ORD-002380,CUST-00860,2025-02-15,Paid Social,82.75
ORD-002381,CUST-00860,2025-03-07,Paid Social,42.01
ORD-002382,CUST-00860,2025-06-24,Paid Social,61.23
ORD-002383,CUST-00860,2025-03-21,Paid Social,107.18
ORD-002384,CUST-00861,2025-11-07,Email,65.77
ORD-002385,CUST-00862,2025-08-31,Affiliate,113.96
ORD-002386,CUST-00862,2025-09-16,Affiliate,66.37
ORD-002387,CUST-00863,2025-03-30,Paid Search,71.25
ORD-002388,CUST-00863,2025-06-23,Paid Search,66.16
ORD-002389,CUST-00863,2025-07-21,Paid Search,70.0
ORD-002390,CUST-00863,2025-04-24,Paid Search,99.54
ORD-002391,CUST-00863,2025-04-07,Paid Search,92.86
ORD-002392,CUST-00863,2025-06-30,Paid Search,130.24
ORD-002393,CUST-00864,2025-01-21,Paid Search,119.91
ORD-002394,CUST-00864,2025-03-16,Paid Search,111.9
ORD-002395,CUST-00864,2025-07-28,Paid Search,95.61
ORD-002396,CUST-00864,2025-04-16,Paid Search,95.2
ORD-002397,CUST-00864,2025-12-03,Paid Search,58.74
ORD-002398,CUST-00865,2025-06-26,Paid Search,82.41
ORD-002399,CUST-00865,2025-07-11,Paid Search,110.85
ORD-002400,CUST-00865,2025-12-24,Paid Search,154.76
ORD-002401,CUST-00866,2025-04-19,Organic Social,78.27
ORD-002402,CUST-00866,2025-06-16,Organic Social,119.41
ORD-002403,CUST-00866,2025-10-06,Organic Social,67.43
ORD-002404,CUST-00867,2025-01-25,Email,51.82
ORD-002405,CUST-00867,2025-03-04,Email,107.66
ORD-002406,CUST-00868,2025-04-24,Paid Search,69.53
ORD-002407,CUST-00868,2025-05-24,Paid Search,157.1
ORD-002408,CUST-00868,2025-08-09,Paid Search,112.31
ORD-002409,CUST-00868,2025-06-19,Paid Search,118.18
ORD-002410,CUST-00869,2025-08-11,Paid Search,87.11
ORD-002411,CUST-00869,2025-11-13,Paid Search,169.85
ORD-002412,CUST-00869,2025-08-29,Paid Search,142.8
ORD-002413,CUST-00869,2025-12-23,Paid Search,116.77
ORD-002414,CUST-00870,2025-02-25,Display,112.42
ORD-002415,CUST-00870,2025-03-12,Display,85.56
ORD-002416,CUST-00871,2025-08-09,Paid Search,104.53
ORD-002417,CUST-00871,2025-09-02,Paid Search,59.67
ORD-002418,CUST-00871,2025-08-30,Paid Search,111.68
ORD-002419,CUST-00872,2025-07-01,Display,124.77
ORD-002420,CUST-00872,2025-09-29,Display,113.31
ORD-002421,CUST-00872,2025-07-19,Display,100.82
ORD-002422,CUST-00872,2025-10-05,Display,52.79
ORD-002423,CUST-00872,2025-08-25,Display,131.21
ORD-002424,CUST-00872,2025-09-25,Display,54.57
ORD-002425,CUST-00873,2025-01-02,Organic Social,46.03
ORD-002426,CUST-00873,2025-01-22,Organic Social,81.96
ORD-002427,CUST-00873,2025-02-18,Organic Social,86.57
ORD-002428,CUST-00873,2025-01-25,Organic Social,56.79
ORD-002429,CUST-00874,2025-04-08,Paid Search,130.83
ORD-002430,CUST-00874,2025-04-27,Paid Search,75.95
ORD-002431,CUST-00875,2025-09-10,Paid Search,107.27
ORD-002432,CUST-00876,2025-10-12,Paid Search,88.41
ORD-002433,CUST-00876,2025-10-12,Paid Search,158.57
ORD-002434,CUST-00876,2025-11-17,Paid Search,108.41
ORD-002435,CUST-00877,2025-06-15,Paid Search,60.17
ORD-002436,CUST-00877,2025-06-29,Paid Search,139.39
ORD-002437,CUST-00877,2025-11-23,Paid Search,94.2
ORD-002438,CUST-00878,2025-01-04,Email,132.76
ORD-002439,CUST-00878,2025-01-05,Email,97.96
ORD-002440,CUST-00878,2025-02-28,Email,86.52
ORD-002441,CUST-00879,2025-02-14,Paid Search,118.89
ORD-002442,CUST-00879,2025-05-14,Paid Search,141.02
ORD-002443,CUST-00880,2025-08-20,Paid Social,71.91
ORD-002444,CUST-00880,2025-10-26,Paid Social,68.96
ORD-002445,CUST-00880,2025-09-18,Paid Social,72.8
ORD-002446,CUST-00880,2025-08-26,Paid Social,40.27
ORD-002447,CUST-00881,2025-01-17,Paid Social,72.32
ORD-002448,CUST-00881,2025-04-17,Paid Social,99.73
ORD-002449,CUST-00881,2025-04-08,Paid Social,60.51
ORD-002450,CUST-00882,2025-03-17,Organic Social,47.53
ORD-002451,CUST-00882,2025-04-14,Organic Social,96.56
ORD-002452,CUST-00883,2025-11-06,Paid Social,106.91
ORD-002453,CUST-00883,2025-11-21,Paid Social,83.88
ORD-002454,CUST-00884,2025-01-01,Paid Search,115.42
ORD-002455,CUST-00885,2025-04-20,Paid Search,104.14
ORD-002456,CUST-00885,2025-04-25,Paid Search,98.12
ORD-002457,CUST-00886,2025-10-06,Display,111.95
ORD-002458,CUST-00886,2025-11-18,Display,55.01
ORD-002459,CUST-00886,2025-10-30,Display,104.27
ORD-002460,CUST-00887,2025-06-21,Paid Search,130.28
ORD-002461,CUST-00887,2025-08-06,Paid Search,128.35
ORD-002462,CUST-00887,2025-07-28,Paid Search,95.98
ORD-002463,CUST-00888,2025-09-19,Paid Search,78.28
ORD-002464,CUST-00888,2025-10-30,Paid Search,93.88
ORD-002465,CUST-00888,2025-12-21,Paid Search,94.3
ORD-002466,CUST-00888,2025-12-14,Paid Search,82.71
ORD-002467,CUST-00889,2025-07-23,Organic Social,44.8
ORD-002468,CUST-00889,2025-07-31,Organic Social,106.24
ORD-002469,CUST-00889,2025-08-07,Organic Social,52.74
ORD-002470,CUST-00890,2025-09-17,Paid Search,72.18
ORD-002471,CUST-00890,2025-11-24,Paid Search,83.24
ORD-002472,CUST-00890,2025-09-28,Paid Search,87.5
ORD-002473,CUST-00890,2025-12-17,Paid Search,92.69
ORD-002474,CUST-00891,2025-02-01,Paid Search,80.62
ORD-002475,CUST-00891,2025-11-21,Paid Search,110.0
ORD-002476,CUST-00891,2025-04-11,Paid Search,82.2
ORD-002477,CUST-00892,2025-04-11,Affiliate,91.56
ORD-002478,CUST-00892,2025-05-15,Affiliate,108.09
ORD-002479,CUST-00893,2025-03-17,Paid Search,66.49
ORD-002480,CUST-00893,2025-04-10,Paid Search,93.5
ORD-002481,CUST-00893,2025-04-05,Paid Search,61.78
ORD-002482,CUST-00893,2025-05-19,Paid Search,125.91
ORD-002483,CUST-00893,2025-03-30,Paid Search,99.57
ORD-002484,CUST-00893,2025-12-29,Paid Search,134.05
ORD-002485,CUST-00894,2025-06-15,Paid Search,61.97
ORD-002486,CUST-00895,2025-06-07,Paid Search,80.51
ORD-002487,CUST-00895,2025-07-03,Paid Search,96.7
ORD-002488,CUST-00896,2025-03-16,Display,77.87
ORD-002489,CUST-00897,2025-05-09,Organic Social,64.64
ORD-002490,CUST-00897,2025-05-12,Organic Social,60.75
ORD-002491,CUST-00898,2025-08-17,Email,102.24
ORD-002492,CUST-00898,2025-08-17,Email,106.59
ORD-002493,CUST-00898,2025-12-18,Email,74.88
ORD-002494,CUST-00898,2025-11-13,Email,91.8
ORD-002495,CUST-00899,2025-09-16,Paid Search,75.98
ORD-002496,CUST-00899,2025-09-21,Paid Search,120.34
ORD-002497,CUST-00899,2025-10-15,Paid Search,147.3
ORD-002498,CUST-00900,2025-09-02,Paid Search,112.5
ORD-002499,CUST-00900,2025-10-10,Paid Search,77.79
ORD-002500,CUST-00900,2025-10-22,Paid Search,81.64
ORD-002501,CUST-00901,2025-05-16,Email,124.18
ORD-002502,CUST-00901,2025-05-29,Email,96.75
ORD-002503,CUST-00902,2025-05-17,Display,114.82
ORD-002504,CUST-00902,2025-05-24,Display,71.14
ORD-002505,CUST-00902,2025-06-17,Display,84.36
ORD-002506,CUST-00903,2025-07-10,Email,59.85
ORD-002507,CUST-00903,2025-07-14,Email,78.49
ORD-002508,CUST-00904,2025-06-17,Email,90.91
ORD-002509,CUST-00904,2025-06-22,Email,99.71
ORD-002510,CUST-00904,2025-08-12,Email,55.82
ORD-002511,CUST-00905,2025-03-05,Organic Social,121.82
ORD-002512,CUST-00905,2025-05-29,Organic Social,50.21
ORD-002513,CUST-00905,2025-04-18,Organic Social,59.57
ORD-002514,CUST-00905,2025-06-19,Organic Social,32.41
ORD-002515,CUST-00906,2025-08-20,Paid Search,75.58
ORD-002516,CUST-00906,2025-12-18,Paid Search,90.08
ORD-002517,CUST-00906,2025-11-30,Paid Search,109.07
ORD-002518,CUST-00906,2025-08-30,Paid Search,127.08
ORD-002519,CUST-00906,2025-12-18,Paid Search,55.88
ORD-002520,CUST-00906,2025-11-11,Paid Search,108.1
ORD-002521,CUST-00907,2025-06-13,Paid Search,43.87
ORD-002522,CUST-00908,2025-04-15,Affiliate,122.71
ORD-002523,CUST-00908,2025-05-07,Affiliate,97.16
ORD-002524,CUST-00909,2025-10-23,Paid Search,90.52
ORD-002525,CUST-00909,2025-10-27,Paid Search,72.5
ORD-002526,CUST-00910,2025-06-03,Paid Social,45.67
ORD-002527,CUST-00910,2025-06-08,Paid Social,62.1
ORD-002528,CUST-00911,2025-06-23,Email,80.76
ORD-002529,CUST-00911,2025-08-13,Email,105.48
ORD-002530,CUST-00911,2025-08-31,Email,55.39
ORD-002531,CUST-00911,2025-08-17,Email,52.66
ORD-002532,CUST-00912,2025-02-16,Paid Social,59.87
ORD-002533,CUST-00912,2025-03-08,Paid Social,64.59
ORD-002534,CUST-00912,2025-04-17,Paid Social,68.36
ORD-002535,CUST-00912,2025-03-10,Paid Social,34.63
ORD-002536,CUST-00912,2025-04-14,Paid Social,103.76
ORD-002537,CUST-00912,2025-06-10,Paid Social,86.53
ORD-002538,CUST-00912,2025-09-30,Paid Social,40.02
ORD-002539,CUST-00913,2025-02-04,Paid Search,71.03
ORD-002540,CUST-00914,2025-06-21,Organic Social,55.86
ORD-002541,CUST-00914,2025-06-25,Organic Social,84.97
ORD-002542,CUST-00914,2025-08-19,Organic Social,46.17
ORD-002543,CUST-00915,2025-11-02,Paid Search,101.9
ORD-002544,CUST-00916,2025-07-24,Paid Social,91.42
ORD-002545,CUST-00916,2025-08-04,Paid Social,100.61
ORD-002546,CUST-00916,2025-09-15,Paid Social,96.34
ORD-002547,CUST-00916,2025-12-04,Paid Social,122.74
ORD-002548,CUST-00917,2025-02-09,Paid Search,150.3
ORD-002549,CUST-00917,2025-02-17,Paid Search,101.51
ORD-002550,CUST-00917,2025-03-03,Paid Search,124.85
ORD-002551,CUST-00918,2025-11-10,Affiliate,179.61
ORD-002552,CUST-00919,2025-02-26,Paid Search,119.09
ORD-002553,CUST-00919,2025-03-10,Paid Search,79.12
ORD-002554,CUST-00919,2025-06-19,Paid Search,74.73
ORD-002555,CUST-00919,2025-07-08,Paid Search,121.0
ORD-002556,CUST-00919,2025-03-14,Paid Search,109.36
ORD-002557,CUST-00920,2025-04-27,Affiliate,99.54
ORD-002558,CUST-00920,2025-05-05,Affiliate,93.93
ORD-002559,CUST-00920,2025-07-15,Affiliate,70.87
ORD-002560,CUST-00920,2025-10-22,Affiliate,118.8
ORD-002561,CUST-00921,2025-04-06,Paid Search,92.17
ORD-002562,CUST-00921,2025-04-14,Paid Search,114.48
ORD-002563,CUST-00921,2025-06-03,Paid Search,54.41
ORD-002564,CUST-00921,2025-05-08,Paid Search,83.0
ORD-002565,CUST-00922,2025-03-17,Paid Social,58.94
ORD-002566,CUST-00922,2025-03-17,Paid Social,70.7
ORD-002567,CUST-00922,2025-04-06,Paid Social,50.51
ORD-002568,CUST-00923,2025-10-27,Display,64.0
ORD-002569,CUST-00923,2025-11-12,Display,85.95
ORD-002570,CUST-00923,2025-11-19,Display,53.57
ORD-002571,CUST-00923,2025-11-21,Display,65.81
ORD-002572,CUST-00924,2025-03-03,Paid Search,74.97
ORD-002573,CUST-00924,2025-03-08,Paid Search,111.87
ORD-002574,CUST-00924,2025-04-10,Paid Search,151.77
ORD-002575,CUST-00924,2025-08-16,Paid Search,86.5
ORD-002576,CUST-00925,2025-06-24,Paid Social,63.04
ORD-002577,CUST-00925,2025-06-25,Paid Social,99.07
ORD-002578,CUST-00925,2025-10-10,Paid Social,56.96
ORD-002579,CUST-00925,2025-11-06,Paid Social,100.21
ORD-002580,CUST-00926,2025-03-15,Email,96.24
ORD-002581,CUST-00926,2025-04-04,Email,72.24
ORD-002582,CUST-00927,2025-04-13,Paid Search,109.0
ORD-002583,CUST-00927,2025-07-20,Paid Search,81.21
ORD-002584,CUST-00927,2025-04-17,Paid Search,77.54
ORD-002585,CUST-00928,2025-01-03,Organic Social,56.39
ORD-002586,CUST-00928,2025-06-08,Organic Social,77.99
ORD-002587,CUST-00928,2025-03-30,Organic Social,48.75
ORD-002588,CUST-00929,2025-06-06,Paid Search,137.38
ORD-002589,CUST-00929,2025-06-13,Paid Search,141.05
ORD-002590,CUST-00929,2025-09-06,Paid Search,96.01
ORD-002591,CUST-00929,2025-06-21,Paid Search,103.18
ORD-002592,CUST-00929,2025-09-20,Paid Search,71.03
ORD-002593,CUST-00930,2025-04-13,Display,105.95
ORD-002594,CUST-00930,2025-07-25,Display,112.18
ORD-002595,CUST-00930,2025-04-28,Display,62.99
ORD-002596,CUST-00930,2025-08-20,Display,79.44
ORD-002597,CUST-00930,2025-04-13,Display,78.55
ORD-002598,CUST-00931,2025-06-12,Affiliate,102.83
ORD-002599,CUST-00931,2025-07-15,Affiliate,68.7
ORD-002600,CUST-00931,2025-09-19,Affiliate,91.72
ORD-002601,CUST-00931,2025-12-10,Affiliate,99.59
ORD-002602,CUST-00931,2025-07-26,Affiliate,77.22
ORD-002603,CUST-00932,2025-05-10,Paid Social,50.35
ORD-002604,CUST-00932,2025-05-31,Paid Social,110.05
ORD-002605,CUST-00932,2025-05-20,Paid Social,55.4
ORD-002606,CUST-00932,2025-09-10,Paid Social,81.55
ORD-002607,CUST-00932,2025-06-19,Paid Social,133.77
ORD-002608,CUST-00933,2025-04-10,Paid Search,103.47
ORD-002609,CUST-00933,2025-05-14,Paid Search,155.19
ORD-002610,CUST-00934,2025-08-16,Paid Search,92.68
ORD-002611,CUST-00934,2025-08-30,Paid Search,134.93
ORD-002612,CUST-00935,2025-08-30,Organic Social,30.63
ORD-002613,CUST-00935,2025-09-01,Organic Social,81.75
ORD-002614,CUST-00935,2025-12-07,Organic Social,107.0
ORD-002615,CUST-00935,2025-09-02,Organic Social,92.99
ORD-002616,CUST-00936,2025-08-05,Display,88.39
ORD-002617,CUST-00936,2025-09-21,Display,86.18
ORD-002618,CUST-00937,2025-02-03,Paid Social,75.51
ORD-002619,CUST-00937,2025-03-29,Paid Social,81.28
ORD-002620,CUST-00937,2025-03-09,Paid Social,101.82
ORD-002621,CUST-00937,2025-12-20,Paid Social,48.21
ORD-002622,CUST-00938,2025-08-21,Paid Search,120.52
ORD-002623,CUST-00938,2025-09-07,Paid Search,102.84
ORD-002624,CUST-00939,2025-05-20,Paid Search,82.51
ORD-002625,CUST-00939,2025-06-18,Paid Search,113.06
ORD-002626,CUST-00940,2025-05-16,Display,108.26
ORD-002627,CUST-00940,2025-10-20,Display,136.52
ORD-002628,CUST-00940,2025-06-25,Display,95.32
ORD-002629,CUST-00941,2025-11-02,Organic Social,86.64
ORD-002630,CUST-00941,2025-11-03,Organic Social,80.56
ORD-002631,CUST-00942,2025-10-11,Paid Search,76.12
ORD-002632,CUST-00942,2025-12-11,Paid Search,103.94
ORD-002633,CUST-00942,2025-11-15,Paid Search,77.84
ORD-002634,CUST-00942,2025-12-17,Paid Search,75.39
ORD-002635,CUST-00943,2025-11-22,Display,76.04
ORD-002636,CUST-00944,2025-04-21,Paid Search,87.9
ORD-002637,CUST-00944,2025-05-26,Paid Search,98.11
ORD-002638,CUST-00944,2025-05-11,Paid Search,90.21
ORD-002639,CUST-00944,2025-10-29,Paid Search,95.65
ORD-002640,CUST-00944,2025-04-27,Paid Search,85.1
ORD-002641,CUST-00944,2025-08-26,Paid Search,71.97
ORD-002642,CUST-00945,2025-06-13,Affiliate,117.9
ORD-002643,CUST-00945,2025-07-28,Affiliate,111.16
ORD-002644,CUST-00945,2025-12-05,Affiliate,79.68
ORD-002645,CUST-00945,2025-07-22,Affiliate,79.44
ORD-002646,CUST-00946,2025-07-20,Paid Social,64.9
ORD-002647,CUST-00946,2025-08-15,Paid Social,89.02
ORD-002648,CUST-00946,2025-11-07,Paid Social,98.69
ORD-002649,CUST-00947,2025-02-18,Display,40.4
ORD-002650,CUST-00947,2025-02-21,Display,121.87
ORD-002651,CUST-00947,2025-05-14,Display,86.56
ORD-002652,CUST-00947,2025-07-20,Display,115.35
ORD-002653,CUST-00947,2025-03-23,Display,139.25
ORD-002654,CUST-00947,2025-12-30,Display,73.14
ORD-002655,CUST-00948,2025-07-28,Organic Social,40.77
ORD-002656,CUST-00948,2025-07-28,Organic Social,65.45
ORD-002657,CUST-00949,2025-10-14,Email,141.67
ORD-002658,CUST-00949,2025-12-18,Email,111.86
ORD-002659,CUST-00949,2025-12-16,Email,108.93
ORD-002660,CUST-00950,2025-07-30,Organic Social,69.93
ORD-002661,CUST-00950,2025-08-24,Organic Social,80.17
ORD-002662,CUST-00950,2025-10-13,Organic Social,63.01
ORD-002663,CUST-00950,2025-12-24,Organic Social,74.89
ORD-002664,CUST-00951,2025-08-15,Paid Search,63.58
ORD-002665,CUST-00951,2025-08-26,Paid Search,138.48
ORD-002666,CUST-00952,2025-03-05,Organic Social,78.63
ORD-002667,CUST-00952,2025-04-19,Organic Social,100.0
ORD-002668,CUST-00952,2025-06-17,Organic Social,74.89
ORD-002669,CUST-00953,2025-02-23,Affiliate,172.43
ORD-002670,CUST-00953,2025-05-19,Affiliate,71.88
ORD-002671,CUST-00954,2025-10-10,Paid Search,73.2
ORD-002672,CUST-00954,2025-10-10,Paid Search,99.38
ORD-002673,CUST-00955,2025-01-15,Paid Social,94.62
ORD-002674,CUST-00955,2025-01-19,Paid Social,58.76
ORD-002675,CUST-00955,2025-02-11,Paid Social,100.7
ORD-002676,CUST-00955,2025-12-28,Paid Social,86.49
ORD-002677,CUST-00956,2025-11-05,Organic Social,103.28
ORD-002678,CUST-00956,2025-11-30,Organic Social,109.32
ORD-002679,CUST-00956,2025-12-24,Organic Social,56.11
ORD-002680,CUST-00957,2025-06-04,Paid Search,71.09
ORD-002681,CUST-00957,2025-06-28,Paid Search,112.14
ORD-002682,CUST-00957,2025-07-23,Paid Search,143.21
ORD-002683,CUST-00957,2025-09-21,Paid Search,181.25
ORD-002684,CUST-00958,2025-03-12,Paid Social,66.54
ORD-002685,CUST-00958,2025-05-22,Paid Social,56.39
ORD-002686,CUST-00959,2025-10-01,Display,61.28
ORD-002687,CUST-00959,2025-10-31,Display,65.98
ORD-002688,CUST-00959,2025-10-19,Display,96.63
ORD-002689,CUST-00960,2025-11-02,Paid Search,119.41
ORD-002690,CUST-00960,2025-11-20,Paid Search,64.77
ORD-002691,CUST-00961,2025-02-06,Display,98.06
ORD-002692,CUST-00961,2025-04-26,Display,98.28
ORD-002693,CUST-00961,2025-04-12,Display,85.18
ORD-002694,CUST-00961,2025-11-05,Display,105.68
ORD-002695,CUST-00962,2025-11-23,Paid Social,39.78
ORD-002696,CUST-00963,2025-11-07,Paid Search,75.77
ORD-002697,CUST-00964,2025-08-27,Email,61.42
ORD-002698,CUST-00964,2025-10-07,Email,99.8
ORD-002699,CUST-00965,2025-10-01,Email,80.56
ORD-002700,CUST-00966,2025-01-17,Affiliate,99.83
ORD-002701,CUST-00966,2025-04-20,Affiliate,137.17
ORD-002702,CUST-00967,2025-06-21,Display,96.89
ORD-002703,CUST-00967,2025-06-21,Display,137.5
ORD-002704,CUST-00967,2025-09-23,Display,53.45
ORD-002705,CUST-00967,2025-12-18,Display,81.83
ORD-002706,CUST-00968,2025-03-23,Paid Social,51.94
ORD-002707,CUST-00968,2025-04-17,Paid Social,57.81
ORD-002708,CUST-00968,2025-06-13,Paid Social,71.52
ORD-002709,CUST-00969,2025-02-18,Email,58.18
ORD-002710,CUST-00969,2025-05-30,Email,65.41
ORD-002711,CUST-00969,2025-07-15,Email,85.42
ORD-002712,CUST-00970,2025-07-27,Display,68.09
ORD-002713,CUST-00970,2025-08-10,Display,175.51
ORD-002714,CUST-00970,2025-08-03,Display,118.47
ORD-002715,CUST-00970,2025-09-01,Display,67.46
ORD-002716,CUST-00971,2025-01-21,Organic Social,75.02
ORD-002717,CUST-00971,2025-05-01,Organic Social,83.12
ORD-002718,CUST-00971,2025-03-12,Organic Social,61.34
ORD-002719,CUST-00971,2025-04-21,Organic Social,37.0
ORD-002720,CUST-00972,2025-09-24,Display,72.09
ORD-002721,CUST-00972,2025-12-19,Display,78.77
ORD-002722,CUST-00972,2025-11-07,Display,118.46
ORD-002723,CUST-00972,2025-10-18,Display,109.72
ORD-002724,CUST-00973,2025-06-05,Email,82.6
ORD-002725,CUST-00973,2025-06-28,Email,81.43
ORD-002726,CUST-00973,2025-08-28,Email,70.94
ORD-002727,CUST-00974,2025-02-05,Paid Social,51.83
ORD-002728,CUST-00974,2025-03-05,Paid Social,74.2
ORD-002729,CUST-00974,2025-03-16,Paid Social,58.37
ORD-002730,CUST-00974,2025-03-15,Paid Social,59.25
ORD-002731,CUST-00975,2025-06-18,Affiliate,107.61
ORD-002732,CUST-00975,2025-07-10,Affiliate,77.15
ORD-002733,CUST-00976,2025-06-14,Affiliate,73.24
ORD-002734,CUST-00976,2025-07-27,Affiliate,128.13
ORD-002735,CUST-00976,2025-07-29,Affiliate,157.5
ORD-002736,CUST-00976,2025-08-26,Affiliate,127.13
ORD-002737,CUST-00977,2025-06-05,Paid Search,123.37
ORD-002738,CUST-00977,2025-07-21,Paid Search,74.69
ORD-002739,CUST-00977,2025-08-16,Paid Search,100.74
ORD-002740,CUST-00977,2025-09-02,Paid Search,63.69
ORD-002741,CUST-00978,2025-09-26,Display,61.08
ORD-002742,CUST-00978,2025-10-26,Display,68.65
ORD-002743,CUST-00979,2025-02-26,Email,75.75
ORD-002744,CUST-00979,2025-03-21,Email,57.14
ORD-002745,CUST-00979,2025-05-21,Email,129.8
ORD-002746,CUST-00980,2025-08-15,Paid Search,126.68
ORD-002747,CUST-00980,2025-09-18,Paid Search,142.36
ORD-002748,CUST-00980,2025-10-01,Paid Search,89.59
ORD-002749,CUST-00981,2025-10-20,Email,54.29
ORD-002750,CUST-00982,2025-06-28,Paid Search,92.67
ORD-002751,CUST-00982,2025-06-28,Paid Search,88.07
ORD-002752,CUST-00983,2025-10-10,Display,108.91
ORD-002753,CUST-00983,2025-12-12,Display,106.53
ORD-002754,CUST-00984,2025-03-08,Paid Search,92.94
ORD-002755,CUST-00984,2025-06-02,Paid Search,93.43
ORD-002756,CUST-00985,2025-02-26,Paid Search,62.84
ORD-002757,CUST-00985,2025-03-14,Paid Search,139.7
ORD-002758,CUST-00985,2025-05-11,Paid Search,76.29
ORD-002759,CUST-00985,2025-07-17,Paid Search,100.43
ORD-002760,CUST-00985,2025-03-06,Paid Search,114.46
ORD-002761,CUST-00986,2025-05-27,Paid Search,112.92
ORD-002762,CUST-00986,2025-07-22,Paid Search,117.79
ORD-002763,CUST-00986,2025-05-30,Paid Search,126.07
ORD-002764,CUST-00987,2025-09-26,Paid Social,95.95
ORD-002765,CUST-00987,2025-10-16,Paid Social,56.72
ORD-002766,CUST-00988,2025-07-29,Paid Search,111.89
ORD-002767,CUST-00988,2025-09-28,Paid Search,74.59
ORD-002768,CUST-00989,2025-04-08,Affiliate,86.57
ORD-002769,CUST-00989,2025-06-05,Affiliate,129.43
ORD-002770,CUST-00989,2025-07-28,Affiliate,97.35
ORD-002771,CUST-00989,2025-11-05,Affiliate,89.09
ORD-002772,CUST-00990,2025-04-01,Paid Search,97.28
ORD-002773,CUST-00990,2025-05-20,Paid Search,121.16
ORD-002774,CUST-00990,2025-04-16,Paid Search,72.74
ORD-002775,CUST-00990,2025-07-22,Paid Search,112.51
ORD-002776,CUST-00990,2025-08-26,Paid Search,102.22
ORD-002777,CUST-00991,2025-01-06,Affiliate,140.91
ORD-002778,CUST-00991,2025-02-17,Affiliate,118.84
ORD-002779,CUST-00991,2025-08-22,Affiliate,60.3
ORD-002780,CUST-00991,2025-11-05,Affiliate,82.86
ORD-002781,CUST-00992,2025-01-25,Email,50.4
ORD-002782,CUST-00992,2025-01-27,Email,100.63
ORD-002783,CUST-00992,2025-07-25,Email,139.64
ORD-002784,CUST-00992,2025-04-22,Email,137.3
ORD-002785,CUST-00993,2025-07-28,Organic Social,69.59
ORD-002786,CUST-00993,2025-08-02,Organic Social,23.0
ORD-002787,CUST-00994,2025-03-23,Paid Search,139.45
ORD-002788,CUST-00994,2025-05-04,Paid Search,112.87
ORD-002789,CUST-00995,2025-01-15,Paid Search,115.77
ORD-002790,CUST-00995,2025-02-04,Paid Search,115.35
ORD-002791,CUST-00995,2025-03-16,Paid Search,97.65
ORD-002792,CUST-00996,2025-08-19,Email,75.66
ORD-002793,CUST-00996,2025-09-05,Email,72.18
ORD-002794,CUST-00996,2025-08-20,Email,122.29
ORD-002795,CUST-00996,2025-10-16,Email,55.13
ORD-002796,CUST-00997,2025-02-10,Display,80.88
ORD-002797,CUST-00997,2025-02-19,Display,121.87
ORD-002798,CUST-00997,2025-03-20,Display,98.22
ORD-002799,CUST-00997,2025-05-31,Display,55.53
ORD-002800,CUST-00998,2025-01-06,Paid Social,127.5
ORD-002801,CUST-00998,2025-08-08,Paid Social,86.36
ORD-002802,CUST-00998,2025-04-21,Paid Social,75.28
ORD-002803,CUST-00999,2025-07-21,Paid Search,65.57
ORD-002804,CUST-00999,2025-07-29,Paid Search,104.22
ORD-002805,CUST-00999,2025-11-05,Paid Search,84.98
ORD-002806,CUST-01000,2025-04-10,Paid Social,95.21
ORD-002807,CUST-01000,2025-04-10,Paid Social,65.98
ORD-002808,CUST-01000,2025-04-25,Paid Social,50.54
ORD-002809,CUST-01000,2025-11-08,Paid Social,75.59
ORD-002810,CUST-01001,2025-03-17,Paid Search,71.7
ORD-002811,CUST-01001,2025-03-30,Paid Search,85.06
ORD-002812,CUST-01001,2025-04-03,Paid Search,79.39
ORD-002813,CUST-01001,2025-12-08,Paid Search,84.31
ORD-002814,CUST-01002,2025-06-05,Paid Social,71.91
ORD-002815,CUST-01003,2025-09-25,Paid Social,66.03
ORD-002816,CUST-01003,2025-11-29,Paid Social,68.44
ORD-002817,CUST-01003,2025-09-30,Paid Social,42.44
ORD-002818,CUST-01003,2025-12-04,Paid Social,42.93
ORD-002819,CUST-01004,2025-08-03,Display,73.75
ORD-002820,CUST-01004,2025-09-19,Display,68.2
ORD-002821,CUST-01004,2025-09-25,Display,106.44
ORD-002822,CUST-01004,2025-11-01,Display,68.45
ORD-002823,CUST-01005,2025-04-12,Organic Social,48.58
ORD-002824,CUST-01005,2025-04-16,Organic Social,56.13
ORD-002825,CUST-01005,2025-04-24,Organic Social,37.26
ORD-002826,CUST-01005,2025-05-14,Organic Social,63.93
ORD-002827,CUST-01006,2025-04-07,Paid Search,99.37
ORD-002828,CUST-01006,2025-05-27,Paid Search,102.07
ORD-002829,CUST-01007,2025-04-25,Display,88.54
ORD-002830,CUST-01007,2025-07-20,Display,116.12
ORD-002831,CUST-01007,2025-04-27,Display,126.46
ORD-002832,CUST-01007,2025-07-27,Display,64.78
ORD-002833,CUST-01007,2025-08-26,Display,96.31
ORD-002834,CUST-01008,2025-11-24,Paid Search,130.42
ORD-002835,CUST-01009,2025-11-11,Paid Search,108.7
ORD-002836,CUST-01009,2025-12-04,Paid Search,92.23
ORD-002837,CUST-01010,2025-04-04,Email,93.87
ORD-002838,CUST-01010,2025-05-09,Email,129.94
ORD-002839,CUST-01010,2025-04-16,Email,130.62
ORD-002840,CUST-01011,2025-10-05,Affiliate,131.5
ORD-002841,CUST-01012,2025-11-19,Organic Social,37.31
ORD-002842,CUST-01013,2025-07-30,Display,72.81
ORD-002843,CUST-01013,2025-08-22,Display,89.92
ORD-002844,CUST-01013,2025-11-15,Display,130.95
ORD-002845,CUST-01013,2025-12-25,Display,83.12
ORD-002846,CUST-01014,2025-07-10,Paid Search,99.88
ORD-002847,CUST-01014,2025-08-19,Paid Search,104.54
ORD-002848,CUST-01014,2025-08-18,Paid Search,130.04
ORD-002849,CUST-01015,2025-11-04,Paid Search,94.6
ORD-002850,CUST-01015,2025-11-16,Paid Search,116.73
ORD-002851,CUST-01016,2025-09-25,Display,88.45
ORD-002852,CUST-01016,2025-10-03,Display,86.76
ORD-002853,CUST-01016,2025-12-05,Display,72.78
ORD-002854,CUST-01017,2025-05-15,Email,74.26
ORD-002855,CUST-01017,2025-12-12,Email,63.25
ORD-002856,CUST-01017,2025-12-20,Email,63.86
ORD-002857,CUST-01017,2025-10-12,Email,113.37
ORD-002858,CUST-01017,2025-05-20,Email,94.38
ORD-002859,CUST-01017,2025-08-10,Email,142.09
ORD-002860,CUST-01018,2025-08-12,Paid Search,115.36
ORD-002861,CUST-01018,2025-09-15,Paid Search,88.54
ORD-002862,CUST-01018,2025-09-12,Paid Search,92.49
ORD-002863,CUST-01019,2025-03-18,Paid Social,77.79
ORD-002864,CUST-01019,2025-04-11,Paid Social,53.17
ORD-002865,CUST-01019,2025-06-05,Paid Social,75.38
ORD-002866,CUST-01019,2025-08-10,Paid Social,42.6
ORD-002867,CUST-01020,2025-04-30,Organic Social,93.57
ORD-002868,CUST-01020,2025-06-20,Organic Social,57.78
ORD-002869,CUST-01020,2025-11-08,Organic Social,94.4
ORD-002870,CUST-01020,2025-05-07,Organic Social,70.97
ORD-002871,CUST-01021,2025-01-08,Display,92.9
ORD-002872,CUST-01021,2025-02-17,Display,60.16
ORD-002873,CUST-01021,2025-02-02,Display,101.28
ORD-002874,CUST-01021,2025-02-25,Display,78.95
ORD-002875,CUST-01021,2025-03-24,Display,97.52
ORD-002876,CUST-01022,2025-01-08,Paid Social,95.91
ORD-002877,CUST-01022,2025-02-15,Paid Social,80.31
ORD-002878,CUST-01022,2025-03-17,Paid Social,64.19
ORD-002879,CUST-01022,2025-04-28,Paid Social,78.28
ORD-002880,CUST-01023,2025-09-22,Organic Social,36.42
ORD-002881,CUST-01023,2025-09-29,Organic Social,98.7
ORD-002882,CUST-01023,2025-11-30,Organic Social,45.9
ORD-002883,CUST-01024,2025-09-02,Affiliate,97.74
ORD-002884,CUST-01024,2025-10-31,Affiliate,88.69
ORD-002885,CUST-01024,2025-12-10,Affiliate,70.66
ORD-002886,CUST-01024,2025-09-23,Affiliate,106.98
ORD-002887,CUST-01025,2025-01-19,Paid Search,136.79
ORD-002888,CUST-01025,2025-02-13,Paid Search,84.57
ORD-002889,CUST-01025,2025-03-05,Paid Search,192.83
ORD-002890,CUST-01025,2025-04-20,Paid Search,96.18
ORD-002891,CUST-01025,2025-05-27,Paid Search,167.1
ORD-002892,CUST-01026,2025-11-11,Paid Search,88.31
ORD-002893,CUST-01026,2025-11-21,Paid Search,120.39
ORD-002894,CUST-01027,2025-03-05,Email,69.58
ORD-002895,CUST-01028,2025-02-10,Paid Social,110.86
ORD-002896,CUST-01028,2025-05-24,Paid Social,63.52
ORD-002897,CUST-01029,2025-06-28,Affiliate,114.73
ORD-002898,CUST-01029,2025-07-07,Affiliate,85.18
ORD-002899,CUST-01029,2025-07-21,Affiliate,140.05
ORD-002900,CUST-01029,2025-07-25,Affiliate,71.45
ORD-002901,CUST-01029,2025-07-28,Affiliate,119.62
ORD-002902,CUST-01029,2025-12-05,Affiliate,128.74
ORD-002903,CUST-01030,2025-03-09,Affiliate,86.45
ORD-002904,CUST-01030,2025-03-11,Affiliate,102.14
ORD-002905,CUST-01031,2025-01-07,Paid Search,73.47
ORD-002906,CUST-01031,2025-01-20,Paid Search,100.06
ORD-002907,CUST-01031,2025-03-08,Paid Search,93.97
ORD-002908,CUST-01032,2025-01-23,Display,105.87
ORD-002909,CUST-01032,2025-02-03,Display,67.76
ORD-002910,CUST-01032,2025-04-05,Display,65.54
ORD-002911,CUST-01033,2025-09-12,Email,59.97
ORD-002912,CUST-01034,2025-01-01,Paid Social,84.9
ORD-002913,CUST-01034,2025-01-13,Paid Social,99.1
ORD-002914,CUST-01035,2025-04-11,Affiliate,125.03
ORD-002915,CUST-01035,2025-05-06,Affiliate,81.7
ORD-002916,CUST-01035,2025-11-15,Affiliate,79.58
ORD-002917,CUST-01035,2025-08-29,Affiliate,156.45
ORD-002918,CUST-01035,2025-06-04,Affiliate,54.81
ORD-002919,CUST-01036,2025-04-07,Email,132.57
ORD-002920,CUST-01036,2025-04-11,Email,118.58
ORD-002921,CUST-01037,2025-08-16,Email,71.5
ORD-002922,CUST-01037,2025-09-07,Email,114.94
ORD-002923,CUST-01037,2025-10-29,Email,102.13
ORD-002924,CUST-01038,2025-02-20,Paid Search,135.84
ORD-002925,CUST-01038,2025-03-27,Paid Search,100.81
ORD-002926,CUST-01039,2025-07-06,Email,122.09
ORD-002927,CUST-01039,2025-09-27,Email,100.0
ORD-002928,CUST-01039,2025-10-18,Email,76.52
ORD-002929,CUST-01040,2025-08-29,Paid Social,111.5
ORD-002930,CUST-01040,2025-09-04,Paid Social,74.32
ORD-002931,CUST-01040,2025-11-09,Paid Social,100.24
ORD-002932,CUST-01040,2025-09-09,Paid Social,97.01
ORD-002933,CUST-01041,2025-07-21,Paid Social,68.06
ORD-002934,CUST-01041,2025-08-15,Paid Social,99.29
ORD-002935,CUST-01041,2025-10-05,Paid Social,59.31
ORD-002936,CUST-01041,2025-10-04,Paid Social,76.13
ORD-002937,CUST-01042,2025-07-08,Paid Search,133.24
ORD-002938,CUST-01042,2025-11-05,Paid Search,123.95
ORD-002939,CUST-01042,2025-09-08,Paid Search,72.5
ORD-002940,CUST-01042,2025-09-27,Paid Search,81.0
ORD-002941,CUST-01043,2025-06-29,Email,62.61
ORD-002942,CUST-01043,2025-07-22,Email,68.97
ORD-002943,CUST-01043,2025-06-30,Email,72.53
ORD-002944,CUST-01044,2025-04-22,Paid Search,76.5
ORD-002945,CUST-01044,2025-05-31,Paid Search,146.76
ORD-002946,CUST-01044,2025-06-20,Paid Search,64.07
ORD-002947,CUST-01044,2025-05-13,Paid Search,81.58
ORD-002948,CUST-01045,2025-06-18,Paid Search,69.52
ORD-002949,CUST-01045,2025-11-10,Paid Search,91.38
ORD-002950,CUST-01045,2025-07-23,Paid Search,104.17
ORD-002951,CUST-01045,2025-06-18,Paid Search,103.08
ORD-002952,CUST-01045,2025-09-19,Paid Search,175.67
ORD-002953,CUST-01046,2025-11-01,Paid Search,118.41
ORD-002954,CUST-01046,2025-11-05,Paid Search,67.55
ORD-002955,CUST-01047,2025-06-29,Affiliate,79.56
ORD-002956,CUST-01047,2025-08-12,Affiliate,69.54
ORD-002957,CUST-01047,2025-09-18,Affiliate,116.66
ORD-002958,CUST-01047,2025-08-06,Affiliate,89.77
ORD-002959,CUST-01047,2025-08-16,Affiliate,104.58
ORD-002960,CUST-01048,2025-07-28,Paid Search,138.36
ORD-002961,CUST-01049,2025-05-24,Display,80.51
ORD-002962,CUST-01050,2025-03-26,Paid Search,76.82
ORD-002963,CUST-01050,2025-05-23,Paid Search,91.51
ORD-002964,CUST-01050,2025-04-29,Paid Search,60.18
ORD-002965,CUST-01051,2025-06-23,Email,128.67
ORD-002966,CUST-01051,2025-08-09,Email,65.6
ORD-002967,CUST-01051,2025-12-01,Email,67.39
ORD-002968,CUST-01052,2025-04-29,Affiliate,51.66
ORD-002969,CUST-01052,2025-05-03,Affiliate,91.98
ORD-002970,CUST-01052,2025-05-13,Affiliate,165.7
ORD-002971,CUST-01053,2025-01-26,Paid Search,150.75
ORD-002972,CUST-01054,2025-01-31,Paid Search,111.07
ORD-002973,CUST-01054,2025-03-04,Paid Search,112.05
ORD-002974,CUST-01054,2025-03-25,Paid Search,135.98
ORD-002975,CUST-01054,2025-02-04,Paid Search,66.65
ORD-002976,CUST-01055,2025-02-25,Paid Search,62.15
ORD-002977,CUST-01055,2025-03-17,Paid Search,144.06
ORD-002978,CUST-01055,2025-03-15,Paid Search,96.89
ORD-002979,CUST-01056,2025-10-25,Display,115.43
ORD-002980,CUST-01057,2025-05-24,Paid Search,103.36
ORD-002981,CUST-01057,2025-07-14,Paid Search,90.4
ORD-002982,CUST-01057,2025-08-10,Paid Search,142.1
ORD-002983,CUST-01057,2025-11-30,Paid Search,64.68
ORD-002984,CUST-01058,2025-03-22,Paid Social,98.42
ORD-002985,CUST-01058,2025-04-15,Paid Social,60.59
ORD-002986,CUST-01058,2025-04-15,Paid Social,63.61
ORD-002987,CUST-01059,2025-06-23,Paid Search,117.89
ORD-002988,CUST-01059,2025-06-25,Paid Search,158.85
ORD-002989,CUST-01059,2025-12-15,Paid Search,139.55
ORD-002990,CUST-01059,2025-08-08,Paid Search,123.19
ORD-002991,CUST-01059,2025-08-03,Paid Search,79.35
ORD-002992,CUST-01059,2025-07-12,Paid Search,78.9
ORD-002993,CUST-01059,2025-07-19,Paid Search,95.75
ORD-002994,CUST-01060,2025-09-11,Paid Social,75.41
ORD-002995,CUST-01060,2025-09-26,Paid Social,55.77
ORD-002996,CUST-01061,2025-11-24,Email,84.59
ORD-002997,CUST-01061,2025-12-08,Email,79.85
ORD-002998,CUST-01062,2025-11-07,Paid Search,110.04
ORD-002999,CUST-01062,2025-11-07,Paid Search,92.59
ORD-003000,CUST-01062,2025-11-13,Paid Search,137.11
ORD-003001,CUST-01063,2025-01-11,Affiliate,111.66
ORD-003002,CUST-01063,2025-02-16,Affiliate,125.59
ORD-003003,CUST-01063,2025-02-10,Affiliate,62.14
ORD-003004,CUST-01063,2025-12-24,Affiliate,126.14
ORD-003005,CUST-01063,2025-03-20,Affiliate,123.46
ORD-003006,CUST-01064,2025-04-23,Organic Social,83.55
ORD-003007,CUST-01064,2025-10-22,Organic Social,81.51
ORD-003008,CUST-01064,2025-06-14,Organic Social,111.04
ORD-003009,CUST-01065,2025-05-18,Paid Search,80.08
ORD-003010,CUST-01065,2025-07-21,Paid Search,82.24
ORD-003011,CUST-01066,2025-02-21,Display,80.23
ORD-003012,CUST-01066,2025-03-15,Display,112.76
ORD-003013,CUST-01067,2025-09-26,Paid Social,73.4
ORD-003014,CUST-01067,2025-10-31,Paid Social,105.66
ORD-003015,CUST-01067,2025-11-07,Paid Social,57.22
ORD-003016,CUST-01068,2025-06-18,Display,69.51
ORD-003017,CUST-01068,2025-07-14,Display,78.73
ORD-003018,CUST-01068,2025-10-10,Display,77.19
ORD-003019,CUST-01068,2025-11-27,Display,73.26
ORD-003020,CUST-01068,2025-07-12,Display,98.3
ORD-003021,CUST-01069,2025-09-04,Paid Social,77.04
ORD-003022,CUST-01069,2025-10-13,Paid Social,49.78
ORD-003023,CUST-01070,2025-07-19,Affiliate,84.83
ORD-003024,CUST-01070,2025-09-30,Affiliate,84.9
ORD-003025,CUST-01071,2025-08-18,Paid Social,98.72
ORD-003026,CUST-01071,2025-09-28,Paid Social,123.52
ORD-003027,CUST-01072,2025-08-23,Affiliate,134.51
ORD-003028,CUST-01072,2025-09-21,Affiliate,104.7
ORD-003029,CUST-01072,2025-09-03,Affiliate,70.48
ORD-003030,CUST-01072,2025-10-15,Affiliate,142.96
ORD-003031,CUST-01072,2025-11-27,Affiliate,164.94
ORD-003032,CUST-01073,2025-09-29,Display,96.4
ORD-003033,CUST-01073,2025-10-09,Display,83.09
ORD-003034,CUST-01073,2025-10-11,Display,86.37
ORD-003035,CUST-01074,2025-06-21,Paid Search,87.0
ORD-003036,CUST-01074,2025-06-26,Paid Search,63.85
ORD-003037,CUST-01074,2025-07-30,Paid Search,74.18
ORD-003038,CUST-01075,2025-08-01,Paid Search,157.78
ORD-003039,CUST-01075,2025-10-17,Paid Search,129.13
ORD-003040,CUST-01076,2025-07-12,Affiliate,80.74
ORD-003041,CUST-01076,2025-12-10,Affiliate,83.27
ORD-003042,CUST-01076,2025-08-19,Affiliate,103.41
ORD-003043,CUST-01077,2025-08-15,Paid Social,82.06
ORD-003044,CUST-01077,2025-09-07,Paid Social,65.5
ORD-003045,CUST-01078,2025-08-04,Organic Social,115.24
ORD-003046,CUST-01078,2025-08-25,Organic Social,50.66
ORD-003047,CUST-01078,2025-12-02,Organic Social,52.2
ORD-003048,CUST-01078,2025-11-16,Organic Social,96.13
ORD-003049,CUST-01079,2025-04-22,Organic Social,61.54
ORD-003050,CUST-01079,2025-11-12,Organic Social,88.01
ORD-003051,CUST-01079,2025-08-05,Organic Social,77.88
ORD-003052,CUST-01079,2025-11-28,Organic Social,58.87
ORD-003053,CUST-01079,2025-09-28,Organic Social,87.83
ORD-003054,CUST-01080,2025-10-05,Display,70.71
ORD-003055,CUST-01081,2025-11-08,Paid Social,78.84
ORD-003056,CUST-01082,2025-05-17,Paid Search,103.3
ORD-003057,CUST-01083,2025-06-05,Affiliate,140.83
ORD-003058,CUST-01083,2025-07-22,Affiliate,86.84
ORD-003059,CUST-01083,2025-08-30,Affiliate,147.93
ORD-003060,CUST-01084,2025-11-23,Paid Search,97.29
ORD-003061,CUST-01084,2025-11-25,Paid Search,86.44
ORD-003062,CUST-01085,2025-01-30,Paid Social,37.77
ORD-003063,CUST-01085,2025-05-28,Paid Social,63.64
ORD-003064,CUST-01085,2025-04-04,Paid Social,92.9
ORD-003065,CUST-01085,2025-06-07,Paid Social,76.55
ORD-003066,CUST-01085,2025-04-12,Paid Social,111.91
ORD-003067,CUST-01086,2025-10-03,Paid Social,45.22
ORD-003068,CUST-01086,2025-10-14,Paid Social,63.86
ORD-003069,CUST-01086,2025-10-07,Paid Social,46.91
ORD-003070,CUST-01086,2025-10-22,Paid Social,104.45
ORD-003071,CUST-01087,2025-06-21,Organic Social,71.65
ORD-003072,CUST-01087,2025-06-26,Organic Social,111.74
ORD-003073,CUST-01088,2025-10-03,Paid Search,110.96
ORD-003074,CUST-01088,2025-12-06,Paid Search,48.09
ORD-003075,CUST-01088,2025-12-26,Paid Search,123.22
ORD-003076,CUST-01088,2025-11-14,Paid Search,98.51
ORD-003077,CUST-01088,2025-10-13,Paid Search,114.25
ORD-003078,CUST-01088,2025-11-02,Paid Search,136.97
ORD-003079,CUST-01089,2025-06-28,Affiliate,73.11
ORD-003080,CUST-01089,2025-06-28,Affiliate,115.25
ORD-003081,CUST-01089,2025-09-13,Affiliate,128.67
ORD-003082,CUST-01089,2025-08-18,Affiliate,113.99
ORD-003083,CUST-01090,2025-07-12,Paid Social,97.08
ORD-003084,CUST-01090,2025-07-17,Paid Social,79.82
ORD-003085,CUST-01090,2025-07-28,Paid Social,66.72
ORD-003086,CUST-01091,2025-08-23,Paid Search,130.89
ORD-003087,CUST-01091,2025-12-28,Paid Search,82.32
ORD-003088,CUST-01092,2025-08-13,Display,108.96
ORD-003089,CUST-01092,2025-09-23,Display,65.73
ORD-003090,CUST-01092,2025-08-26,Display,102.61
ORD-003091,CUST-01093,2025-08-09,Paid Search,88.6
ORD-003092,CUST-01093,2025-09-07,Paid Search,93.03
ORD-003093,CUST-01094,2025-06-18,Paid Search,116.09
ORD-003094,CUST-01094,2025-07-18,Paid Search,79.3
ORD-003095,CUST-01094,2025-08-28,Paid Search,85.23
ORD-003096,CUST-01095,2025-01-15,Affiliate,68.31
ORD-003097,CUST-01095,2025-01-17,Affiliate,63.42
ORD-003098,CUST-01095,2025-07-27,Affiliate,110.26
ORD-003099,CUST-01096,2025-04-20,Paid Search,79.0
ORD-003100,CUST-01096,2025-04-28,Paid Search,94.87
ORD-003101,CUST-01096,2025-06-11,Paid Search,109.62
ORD-003102,CUST-01097,2025-10-16,Paid Social,45.68
ORD-003103,CUST-01097,2025-11-30,Paid Social,61.22
ORD-003104,CUST-01098,2025-08-13,Paid Social,91.6
ORD-003105,CUST-01098,2025-11-05,Paid Social,59.7
ORD-003106,CUST-01099,2025-05-25,Email,136.3
ORD-003107,CUST-01099,2025-06-16,Email,129.09
ORD-003108,CUST-01099,2025-10-26,Email,145.44
ORD-003109,CUST-01099,2025-06-25,Email,133.68
ORD-003110,CUST-01100,2025-02-21,Affiliate,97.34
ORD-003111,CUST-01100,2025-05-05,Affiliate,92.93
ORD-003112,CUST-01100,2025-05-11,Affiliate,152.7
ORD-003113,CUST-01100,2025-03-12,Affiliate,56.18
ORD-003114,CUST-01101,2025-02-24,Paid Search,149.53
ORD-003115,CUST-01101,2025-04-11,Paid Search,71.97
ORD-003116,CUST-01101,2025-05-06,Paid Search,57.88
ORD-003117,CUST-01102,2025-07-07,Paid Search,125.09
ORD-003118,CUST-01102,2025-08-06,Paid Search,106.17
ORD-003119,CUST-01103,2025-11-05,Paid Search,76.13
ORD-003120,CUST-01103,2025-11-05,Paid Search,140.45
ORD-003121,CUST-01103,2025-11-21,Paid Search,95.74
ORD-003122,CUST-01104,2025-06-10,Paid Social,62.75
ORD-003123,CUST-01105,2025-02-21,Email,39.61
ORD-003124,CUST-01106,2025-05-07,Paid Search,79.02
ORD-003125,CUST-01106,2025-05-10,Paid Search,127.84
ORD-003126,CUST-01107,2025-03-19,Affiliate,75.07
ORD-003127,CUST-01107,2025-03-30,Affiliate,115.7
ORD-003128,CUST-01107,2025-03-30,Affiliate,74.93
ORD-003129,CUST-01107,2025-05-28,Affiliate,70.44
ORD-003130,CUST-01107,2025-10-01,Affiliate,105.43
ORD-003131,CUST-01108,2025-01-09,Organic Social,73.37
ORD-003132,CUST-01108,2025-02-21,Organic Social,99.02
ORD-003133,CUST-01108,2025-01-17,Organic Social,102.87
ORD-003134,CUST-01109,2025-08-24,Affiliate,86.86
ORD-003135,CUST-01109,2025-10-02,Affiliate,155.07
ORD-003136,CUST-01110,2025-07-10,Paid Search,94.52
ORD-003137,CUST-01110,2025-07-15,Paid Search,73.05
ORD-003138,CUST-01110,2025-09-04,Paid Search,126.75
ORD-003139,CUST-01110,2025-12-01,Paid Search,127.48
ORD-003140,CUST-01110,2025-08-27,Paid Search,141.73
ORD-003141,CUST-01111,2025-06-18,Email,135.16
ORD-003142,CUST-01111,2025-07-06,Email,62.47
ORD-003143,CUST-01111,2025-09-12,Email,70.55
ORD-003144,CUST-01111,2025-12-28,Email,73.47
ORD-003145,CUST-01111,2025-12-16,Email,83.38
ORD-003146,CUST-01111,2025-08-09,Email,79.18
ORD-003147,CUST-01112,2025-04-29,Affiliate,96.43
ORD-003148,CUST-01112,2025-06-24,Affiliate,91.66
ORD-003149,CUST-01112,2025-08-13,Affiliate,66.38
ORD-003150,CUST-01113,2025-07-11,Paid Social,69.57
ORD-003151,CUST-01113,2025-09-14,Paid Social,96.92
ORD-003152,CUST-01113,2025-07-25,Paid Social,45.76
ORD-003153,CUST-01114,2025-11-04,Affiliate,108.02
ORD-003154,CUST-01115,2025-01-10,Affiliate,80.71
ORD-003155,CUST-01115,2025-04-28,Affiliate,94.6
ORD-003156,CUST-01115,2025-07-10,Affiliate,83.42
ORD-003157,CUST-01116,2025-07-04,Paid Search,125.59
ORD-003158,CUST-01116,2025-09-05,Paid Search,121.57
ORD-003159,CUST-01116,2025-07-26,Paid Search,83.22
ORD-003160,CUST-01116,2025-07-19,Paid Search,80.62
ORD-003161,CUST-01117,2025-01-26,Paid Social,40.65
ORD-003162,CUST-01117,2025-03-15,Paid Social,61.17
ORD-003163,CUST-01117,2025-04-02,Paid Social,81.49
ORD-003164,CUST-01118,2025-01-26,Paid Search,112.79
ORD-003165,CUST-01118,2025-04-28,Paid Search,94.95
ORD-003166,CUST-01118,2025-02-23,Paid Search,83.63
ORD-003167,CUST-01118,2025-05-05,Paid Search,129.05
ORD-003168,CUST-01119,2025-05-26,Paid Search,117.51
ORD-003169,CUST-01119,2025-06-22,Paid Search,116.82
ORD-003170,CUST-01120,2025-08-24,Affiliate,139.28
ORD-003171,CUST-01121,2025-09-28,Organic Social,99.24
ORD-003172,CUST-01121,2025-11-15,Organic Social,98.68
ORD-003173,CUST-01121,2025-10-14,Organic Social,103.53
ORD-003174,CUST-01121,2025-10-24,Organic Social,69.54
ORD-003175,CUST-01122,2025-02-22,Organic Social,43.35
ORD-003176,CUST-01123,2025-03-19,Paid Search,136.07
ORD-003177,CUST-01124,2025-03-01,Organic Social,99.22
ORD-003178,CUST-01124,2025-06-11,Organic Social,110.96
ORD-003179,CUST-01125,2025-04-04,Affiliate,151.34
ORD-003180,CUST-01125,2025-05-08,Affiliate,59.74
ORD-003181,CUST-01125,2025-10-17,Affiliate,141.2
ORD-003182,CUST-01126,2025-01-15,Affiliate,136.02
ORD-003183,CUST-01126,2025-04-17,Affiliate,110.34
ORD-003184,CUST-01126,2025-02-17,Affiliate,124.48
ORD-003185,CUST-01127,2025-10-22,Organic Social,40.66
ORD-003186,CUST-01127,2025-10-28,Organic Social,55.23
ORD-003187,CUST-01128,2025-08-02,Paid Social,48.55
ORD-003188,CUST-01128,2025-11-05,Paid Social,37.19
ORD-003189,CUST-01129,2025-07-01,Paid Search,139.96
ORD-003190,CUST-01129,2025-08-25,Paid Search,102.39
ORD-003191,CUST-01129,2025-07-06,Paid Search,73.3
ORD-003192,CUST-01130,2025-03-12,Paid Search,88.93
ORD-003193,CUST-01130,2025-06-30,Paid Search,143.16
ORD-003194,CUST-01130,2025-06-17,Paid Search,142.45
ORD-003195,CUST-01131,2025-07-15,Paid Search,74.09
ORD-003196,CUST-01131,2025-07-16,Paid Search,146.06
ORD-003197,CUST-01132,2025-07-13,Email,138.77
ORD-003198,CUST-01132,2025-08-25,Email,115.35
ORD-003199,CUST-01132,2025-12-07,Email,70.64
ORD-003200,CUST-01132,2025-07-18,Email,83.92
ORD-003201,CUST-01133,2025-06-26,Paid Social,73.59
ORD-003202,CUST-01133,2025-07-27,Paid Social,86.72
ORD-003203,CUST-01133,2025-09-24,Paid Social,89.26
ORD-003204,CUST-01133,2025-09-05,Paid Social,75.4
ORD-003205,CUST-01133,2025-06-28,Paid Social,36.93
ORD-003206,CUST-01134,2025-08-14,Paid Social,53.8
ORD-003207,CUST-01134,2025-08-16,Paid Social,80.15
ORD-003208,CUST-01135,2025-01-16,Paid Search,132.5
ORD-003209,CUST-01135,2025-03-31,Paid Search,133.12
ORD-003210,CUST-01135,2025-05-27,Paid Search,93.69
ORD-003211,CUST-01135,2025-02-07,Paid Search,150.45
ORD-003212,CUST-01135,2025-01-19,Paid Search,69.47
ORD-003213,CUST-01136,2025-05-06,Organic Social,80.38
ORD-003214,CUST-01136,2025-05-17,Organic Social,33.47
ORD-003215,CUST-01136,2025-05-31,Organic Social,50.61
ORD-003216,CUST-01136,2025-09-25,Organic Social,61.05
ORD-003217,CUST-01137,2025-04-03,Paid Search,99.31
ORD-003218,CUST-01138,2025-07-07,Paid Social,108.86
ORD-003219,CUST-01138,2025-07-10,Paid Social,47.16
ORD-003220,CUST-01138,2025-10-25,Paid Social,80.07
ORD-003221,CUST-01138,2025-09-21,Paid Social,120.36
ORD-003222,CUST-01138,2025-07-25,Paid Social,59.51
ORD-003223,CUST-01139,2025-08-24,Paid Social,59.74
ORD-003224,CUST-01139,2025-08-29,Paid Social,80.58
ORD-003225,CUST-01140,2025-07-30,Paid Search,145.64
ORD-003226,CUST-01140,2025-10-13,Paid Search,133.43
ORD-003227,CUST-01140,2025-10-04,Paid Search,114.8
ORD-003228,CUST-01140,2025-12-19,Paid Search,117.36
ORD-003229,CUST-01140,2025-08-18,Paid Search,123.27
ORD-003230,CUST-01140,2025-12-27,Paid Search,55.61
ORD-003231,CUST-01140,2025-08-17,Paid Search,109.75
ORD-003232,CUST-01140,2025-09-08,Paid Search,66.44
ORD-003233,CUST-01141,2025-04-23,Email,91.88
ORD-003234,CUST-01141,2025-04-25,Email,129.8
ORD-003235,CUST-01141,2025-05-11,Email,67.48
ORD-003236,CUST-01142,2025-07-01,Email,72.28
ORD-003237,CUST-01142,2025-11-03,Email,109.54
ORD-003238,CUST-01142,2025-08-05,Email,117.82
ORD-003239,CUST-01142,2025-08-16,Email,98.7
ORD-003240,CUST-01143,2025-05-29,Paid Social,134.19
ORD-003241,CUST-01143,2025-06-30,Paid Social,96.29
ORD-003242,CUST-01143,2025-07-28,Paid Social,74.32
ORD-003243,CUST-01144,2025-07-07,Affiliate,65.28
ORD-003244,CUST-01145,2025-09-18,Paid Search,119.53
ORD-003245,CUST-01145,2025-10-05,Paid Search,96.96
ORD-003246,CUST-01145,2025-11-26,Paid Search,70.92
ORD-003247,CUST-01146,2025-07-13,Affiliate,66.28
ORD-003248,CUST-01146,2025-09-03,Affiliate,110.63
ORD-003249,CUST-01146,2025-07-27,Affiliate,80.3
ORD-003250,CUST-01146,2025-07-20,Affiliate,70.11
ORD-003251,CUST-01147,2025-04-12,Affiliate,98.46
ORD-003252,CUST-01147,2025-04-22,Affiliate,157.43
ORD-003253,CUST-01147,2025-10-05,Affiliate,126.09
ORD-003254,CUST-01147,2025-04-26,Affiliate,92.96
ORD-003255,CUST-01147,2025-07-21,Affiliate,154.72
ORD-003256,CUST-01148,2025-03-15,Affiliate,103.12
ORD-003257,CUST-01148,2025-03-21,Affiliate,113.95
ORD-003258,CUST-01148,2025-07-18,Affiliate,131.94
ORD-003259,CUST-01149,2025-05-09,Paid Social,49.43
ORD-003260,CUST-01149,2025-06-18,Paid Social,56.35
ORD-003261,CUST-01149,2025-07-18,Paid Social,92.59
ORD-003262,CUST-01149,2025-07-04,Paid Social,94.28
ORD-003263,CUST-01149,2025-05-15,Paid Social,72.18
ORD-003264,CUST-01149,2025-10-27,Paid Social,60.87
ORD-003265,CUST-01150,2025-04-26,Paid Search,78.33
ORD-003266,CUST-01150,2025-06-18,Paid Search,102.36
ORD-003267,CUST-01150,2025-05-03,Paid Search,84.83
ORD-003268,CUST-01151,2025-10-11,Paid Social,75.09
ORD-003269,CUST-01151,2025-11-25,Paid Social,61.11
ORD-003270,CUST-01152,2025-08-03,Paid Search,86.77
ORD-003271,CUST-01152,2025-09-09,Paid Search,107.22
ORD-003272,CUST-01152,2025-09-15,Paid Search,83.08
ORD-003273,CUST-01153,2025-05-12,Paid Search,84.79
ORD-003274,CUST-01153,2025-07-06,Paid Search,135.8
ORD-003275,CUST-01153,2025-09-20,Paid Search,100.94
ORD-003276,CUST-01154,2025-11-03,Paid Search,88.65
ORD-003277,CUST-01155,2025-09-25,Paid Social,102.54
ORD-003278,CUST-01155,2025-10-13,Paid Social,69.46
ORD-003279,CUST-01156,2025-03-19,Paid Search,62.86
ORD-003280,CUST-01156,2025-04-13,Paid Search,121.76
ORD-003281,CUST-01156,2025-05-18,Paid Search,75.98
ORD-003282,CUST-01156,2025-08-06,Paid Search,138.29
ORD-003283,CUST-01157,2025-05-06,Organic Social,52.56
ORD-003284,CUST-01157,2025-06-10,Organic Social,76.91
ORD-003285,CUST-01158,2025-07-12,Email,48.69
ORD-003286,CUST-01158,2025-07-31,Email,74.57
ORD-003287,CUST-01159,2025-03-20,Paid Search,90.55
ORD-003288,CUST-01159,2025-03-22,Paid Search,73.49
ORD-003289,CUST-01159,2025-04-17,Paid Search,114.82
ORD-003290,CUST-01159,2025-11-22,Paid Search,119.53
ORD-003291,CUST-01159,2025-07-09,Paid Search,61.16
ORD-003292,CUST-01160,2025-05-04,Affiliate,127.92
ORD-003293,CUST-01160,2025-05-18,Affiliate,76.28
ORD-003294,CUST-01160,2025-10-16,Affiliate,96.95
ORD-003295,CUST-01160,2025-05-08,Affiliate,74.34
ORD-003296,CUST-01161,2025-03-04,Organic Social,82.1
ORD-003297,CUST-01161,2025-03-28,Organic Social,46.82
ORD-003298,CUST-01161,2025-11-14,Organic Social,104.32
ORD-003299,CUST-01161,2025-04-28,Organic Social,124.66
ORD-003300,CUST-01161,2025-04-15,Organic Social,52.0
ORD-003301,CUST-01162,2025-11-01,Paid Search,134.58
ORD-003302,CUST-01163,2025-01-04,Paid Search,94.42
ORD-003303,CUST-01163,2025-01-21,Paid Search,77.39
ORD-003304,CUST-01163,2025-05-06,Paid Search,91.21
ORD-003305,CUST-01164,2025-02-23,Paid Social,53.19
ORD-003306,CUST-01164,2025-04-24,Paid Social,52.44
ORD-003307,CUST-01164,2025-07-11,Paid Social,87.83
ORD-003308,CUST-01164,2025-08-14,Paid Social,73.92
ORD-003309,CUST-01165,2025-02-06,Affiliate,145.93
ORD-003310,CUST-01165,2025-05-09,Affiliate,96.08
ORD-003311,CUST-01166,2025-01-06,Paid Search,104.48
ORD-003312,CUST-01166,2025-04-02,Paid Search,125.99
ORD-003313,CUST-01166,2025-06-10,Paid Search,70.2
ORD-003314,CUST-01167,2025-02-04,Affiliate,97.7
ORD-003315,CUST-01167,2025-03-09,Affiliate,44.17
ORD-003316,CUST-01168,2025-10-24,Display,71.78
ORD-003317,CUST-01169,2025-11-12,Email,63.06
ORD-003318,CUST-01170,2025-04-21,Paid Social,89.85
ORD-003319,CUST-01170,2025-05-15,Paid Social,76.44
ORD-003320,CUST-01171,2025-07-15,Paid Social,56.53
ORD-003321,CUST-01171,2025-09-22,Paid Social,73.93
ORD-003322,CUST-01172,2025-02-05,Paid Search,105.11
ORD-003323,CUST-01172,2025-02-21,Paid Search,134.02
ORD-003324,CUST-01172,2025-02-24,Paid Search,90.54
ORD-003325,CUST-01172,2025-08-12,Paid Search,70.25
ORD-003326,CUST-01173,2025-01-09,Paid Social,58.62
ORD-003327,CUST-01173,2025-02-06,Paid Social,64.11
ORD-003328,CUST-01173,2025-04-04,Paid Social,77.91
ORD-003329,CUST-01174,2025-10-23,Email,64.11
ORD-003330,CUST-01174,2025-10-28,Email,72.71
ORD-003331,CUST-01175,2025-10-03,Affiliate,103.22
ORD-003332,CUST-01175,2025-10-28,Affiliate,150.46
ORD-003333,CUST-01175,2025-12-10,Affiliate,142.09
ORD-003334,CUST-01176,2025-11-02,Affiliate,97.76
ORD-003335,CUST-01177,2025-08-23,Paid Search,78.83
ORD-003336,CUST-01177,2025-11-09,Paid Search,68.8
ORD-003337,CUST-01178,2025-07-13,Paid Search,109.48
ORD-003338,CUST-01178,2025-08-19,Paid Search,123.91
ORD-003339,CUST-01178,2025-08-03,Paid Search,69.45
ORD-003340,CUST-01179,2025-08-16,Affiliate,107.12
ORD-003341,CUST-01179,2025-08-22,Affiliate,68.79
ORD-003342,CUST-01179,2025-09-19,Affiliate,95.0
ORD-003343,CUST-01180,2025-09-22,Organic Social,53.64
ORD-003344,CUST-01180,2025-09-30,Organic Social,81.71
ORD-003345,CUST-01180,2025-12-02,Organic Social,51.72
ORD-003346,CUST-01180,2025-12-13,Organic Social,79.13
ORD-003347,CUST-01181,2025-09-25,Paid Search,137.87
ORD-003348,CUST-01181,2025-10-14,Paid Search,95.75
ORD-003349,CUST-01181,2025-10-22,Paid Search,125.82
ORD-003350,CUST-01182,2025-06-03,Display,58.89
ORD-003351,CUST-01182,2025-06-23,Display,45.67
ORD-003352,CUST-01182,2025-07-09,Display,64.69
ORD-003353,CUST-01182,2025-09-14,Display,119.61
ORD-003354,CUST-01183,2025-09-26,Paid Social,57.91
ORD-003355,CUST-01183,2025-10-12,Paid Social,79.98
ORD-003356,CUST-01183,2025-10-12,Paid Social,89.21
ORD-003357,CUST-01184,2025-03-21,Paid Social,68.44
ORD-003358,CUST-01184,2025-10-03,Paid Social,112.25
ORD-003359,CUST-01184,2025-04-10,Paid Social,79.82
ORD-003360,CUST-01185,2025-01-22,Email,108.05
ORD-003361,CUST-01185,2025-02-08,Email,107.41
ORD-003362,CUST-01185,2025-09-02,Email,79.58
ORD-003363,CUST-01186,2025-06-03,Affiliate,72.69
ORD-003364,CUST-01187,2025-03-13,Paid Search,128.95
ORD-003365,CUST-01187,2025-09-12,Paid Search,86.23
ORD-003366,CUST-01187,2025-05-26,Paid Search,129.08
ORD-003367,CUST-01188,2025-08-15,Display,68.04
ORD-003368,CUST-01188,2025-09-24,Display,109.52
ORD-003369,CUST-01188,2025-08-27,Display,69.04
ORD-003370,CUST-01188,2025-08-26,Display,81.46
ORD-003371,CUST-01188,2025-08-29,Display,70.38
ORD-003372,CUST-01189,2025-07-25,Email,74.79
ORD-003373,CUST-01189,2025-08-07,Email,82.06
ORD-003374,CUST-01189,2025-08-03,Email,78.16
ORD-003375,CUST-01190,2025-08-08,Paid Social,73.91
ORD-003376,CUST-01191,2025-01-17,Email,75.15
ORD-003377,CUST-01191,2025-03-11,Email,87.41
ORD-003378,CUST-01191,2025-12-05,Email,146.9
ORD-003379,CUST-01192,2025-11-16,Paid Search,143.01
ORD-003380,CUST-01193,2025-05-10,Paid Search,79.4
ORD-003381,CUST-01193,2025-07-14,Paid Search,129.72
ORD-003382,CUST-01194,2025-07-29,Email,50.93
ORD-003383,CUST-01194,2025-12-03,Email,133.53
ORD-003384,CUST-01195,2025-01-04,Email,61.89
ORD-003385,CUST-01195,2025-02-28,Email,64.2
ORD-003386,CUST-01195,2025-02-11,Email,80.59
ORD-003387,CUST-01195,2025-02-10,Email,137.88
ORD-003388,CUST-01195,2025-09-07,Email,44.66
ORD-003389,CUST-01196,2025-08-25,Paid Search,102.32
ORD-003390,CUST-01196,2025-08-26,Paid Search,146.01
ORD-003391,CUST-01197,2025-02-26,Paid Social,93.22
ORD-003392,CUST-01197,2025-04-21,Paid Social,55.26
ORD-003393,CUST-01198,2025-09-10,Display,146.57
ORD-003394,CUST-01199,2025-05-24,Email,59.62
ORD-003395,CUST-01199,2025-08-31,Email,144.19
ORD-003396,CUST-01199,2025-12-30,Email,87.35
ORD-003397,CUST-01199,2025-05-25,Email,59.8
ORD-003398,CUST-01199,2025-08-30,Email,109.22
ORD-003399,CUST-01200,2025-07-14,Paid Social,54.17
ORD-003400,CUST-01200,2025-08-26,Paid Social,72.59
ORD-003401,CUST-01200,2025-11-08,Paid Social,91.55
ORD-003402,CUST-01200,2025-12-09,Paid Social,83.89
ORD-003403,CUST-01201,2025-11-17,Display,55.74
ORD-003404,CUST-01201,2025-11-28,Display,70.18
ORD-003405,CUST-01202,2025-11-21,Paid Search,119.95
ORD-003406,CUST-01202,2025-11-27,Paid Search,117.26
ORD-003407,CUST-01203,2025-07-26,Paid Social,74.39
ORD-003408,CUST-01203,2025-08-22,Paid Social,86.15
ORD-003409,CUST-01203,2025-08-18,Paid Social,55.73
ORD-003410,CUST-01204,2025-10-04,Paid Search,96.06
ORD-003411,CUST-01204,2025-10-22,Paid Search,104.56
ORD-003412,CUST-01205,2025-11-09,Email,72.99
ORD-003413,CUST-01205,2025-12-22,Email,139.21
ORD-003414,CUST-01205,2025-11-18,Email,72.81
ORD-003415,CUST-01206,2025-06-14,Email,65.75
ORD-003416,CUST-01206,2025-06-19,Email,116.09
ORD-003417,CUST-01206,2025-08-12,Email,70.97
ORD-003418,CUST-01206,2025-12-21,Email,86.69
ORD-003419,CUST-01207,2025-01-07,Paid Search,83.18
ORD-003420,CUST-01208,2025-02-13,Paid Search,130.48
ORD-003421,CUST-01208,2025-03-05,Paid Search,97.25
ORD-003422,CUST-01208,2025-04-23,Paid Search,128.48
ORD-003423,CUST-01209,2025-08-19,Paid Search,174.9
ORD-003424,CUST-01209,2025-11-16,Paid Search,71.16
ORD-003425,CUST-01209,2025-09-30,Paid Search,69.23
ORD-003426,CUST-01210,2025-06-15,Email,63.76
ORD-003427,CUST-01211,2025-03-26,Paid Search,102.54
ORD-003428,CUST-01211,2025-03-31,Paid Search,99.71
ORD-003429,CUST-01211,2025-04-14,Paid Search,73.79
ORD-003430,CUST-01211,2025-06-26,Paid Search,97.45
ORD-003431,CUST-01212,2025-09-22,Paid Search,117.4
ORD-003432,CUST-01212,2025-10-11,Paid Search,87.0
ORD-003433,CUST-01213,2025-08-21,Display,83.21
ORD-003434,CUST-01213,2025-10-24,Display,72.85
ORD-003435,CUST-01213,2025-10-24,Display,119.82
ORD-003436,CUST-01214,2025-06-03,Paid Search,103.28
ORD-003437,CUST-01214,2025-09-24,Paid Search,95.54
ORD-003438,CUST-01214,2025-06-25,Paid Search,88.22
ORD-003439,CUST-01214,2025-06-22,Paid Search,51.77
ORD-003440,CUST-01215,2025-11-26,Paid Social,68.87
ORD-003441,CUST-01215,2025-12-14,Paid Social,109.5
ORD-003442,CUST-01216,2025-09-06,Organic Social,59.51
ORD-003443,CUST-01216,2025-10-01,Organic Social,90.92
ORD-003444,CUST-01216,2025-11-15,Organic Social,126.55
ORD-003445,CUST-01217,2025-05-25,Affiliate,161.49
ORD-003446,CUST-01217,2025-06-07,Affiliate,93.6
ORD-003447,CUST-01217,2025-10-29,Affiliate,119.88
ORD-003448,CUST-01218,2025-11-18,Paid Search,130.18
ORD-003449,CUST-01219,2025-02-19,Email,83.16
ORD-003450,CUST-01219,2025-03-09,Email,76.47
ORD-003451,CUST-01219,2025-03-07,Email,104.73
ORD-003452,CUST-01220,2025-08-24,Email,57.23
ORD-003453,CUST-01220,2025-09-25,Email,88.45
ORD-003454,CUST-01220,2025-10-07,Email,62.6
ORD-003455,CUST-01221,2025-03-08,Organic Social,72.84
ORD-003456,CUST-01221,2025-04-26,Organic Social,43.42
ORD-003457,CUST-01222,2025-08-13,Email,91.94
ORD-003458,CUST-01222,2025-08-13,Email,139.46
ORD-003459,CUST-01222,2025-08-15,Email,59.79
ORD-003460,CUST-01222,2025-09-30,Email,122.1
ORD-003461,CUST-01223,2025-04-24,Email,98.49
ORD-003462,CUST-01223,2025-05-17,Email,58.86
ORD-003463,CUST-01223,2025-05-09,Email,74.42
ORD-003464,CUST-01223,2025-12-01,Email,91.71
ORD-003465,CUST-01223,2025-09-06,Email,108.28
ORD-003466,CUST-01224,2025-02-16,Affiliate,76.41
ORD-003467,CUST-01224,2025-06-12,Affiliate,111.68
ORD-003468,CUST-01225,2025-04-30,Paid Search,99.34
ORD-003469,CUST-01225,2025-06-27,Paid Search,67.39
ORD-003470,CUST-01226,2025-09-22,Email,91.28
ORD-003471,CUST-01226,2025-11-26,Email,43.15
ORD-003472,CUST-01226,2025-10-12,Email,72.02
ORD-003473,CUST-01226,2025-10-28,Email,100.06
ORD-003474,CUST-01227,2025-04-29,Paid Social,45.5
ORD-003475,CUST-01228,2025-08-28,Organic Social,93.69
ORD-003476,CUST-01228,2025-10-08,Organic Social,76.0
ORD-003477,CUST-01229,2025-02-18,Organic Social,67.99
ORD-003478,CUST-01229,2025-03-29,Organic Social,45.55
ORD-003479,CUST-01229,2025-07-05,Organic Social,62.56
ORD-003480,CUST-01230,2025-01-18,Paid Search,120.64
ORD-003481,CUST-01231,2025-06-20,Paid Search,109.73
ORD-003482,CUST-01231,2025-07-28,Paid Search,169.51
ORD-003483,CUST-01231,2025-10-05,Paid Search,107.12
ORD-003484,CUST-01232,2025-09-09,Paid Search,82.95
ORD-003485,CUST-01232,2025-10-08,Paid Search,61.49
ORD-003486,CUST-01233,2025-07-16,Paid Search,88.89
ORD-003487,CUST-01233,2025-07-17,Paid Search,68.87
ORD-003488,CUST-01233,2025-11-02,Paid Search,97.29
ORD-003489,CUST-01233,2025-07-18,Paid Search,83.1
ORD-003490,CUST-01234,2025-01-24,Paid Social,109.12
ORD-003491,CUST-01234,2025-02-19,Paid Social,124.25
ORD-003492,CUST-01234,2025-08-15,Paid Social,67.36
ORD-003493,CUST-01235,2025-06-24,Paid Social,69.95
ORD-003494,CUST-01236,2025-09-21,Email,62.68
ORD-003495,CUST-01236,2025-11-05,Email,97.54
ORD-003496,CUST-01236,2025-11-17,Email,97.84
ORD-003497,CUST-01237,2025-02-27,Email,127.78
ORD-003498,CUST-01237,2025-03-04,Email,69.09
ORD-003499,CUST-01237,2025-09-07,Email,84.81
ORD-003500,CUST-01238,2025-07-23,Paid Search,71.07
ORD-003501,CUST-01238,2025-11-09,Paid Search,79.42
ORD-003502,CUST-01238,2025-09-08,Paid Search,59.12
ORD-003503,CUST-01239,2025-01-21,Email,83.71
ORD-003504,CUST-01240,2025-11-11,Organic Social,78.15
ORD-003505,CUST-01240,2025-11-12,Organic Social,70.09
ORD-003506,CUST-01241,2025-02-14,Paid Social,87.43
ORD-003507,CUST-01241,2025-03-12,Paid Social,95.2
ORD-003508,CUST-01241,2025-04-04,Paid Social,104.93
ORD-003509,CUST-01241,2025-03-05,Paid Social,95.32
ORD-003510,CUST-01242,2025-01-23,Paid Search,101.9
ORD-003511,CUST-01242,2025-01-29,Paid Search,90.52
ORD-003512,CUST-01242,2025-03-15,Paid Search,96.23
ORD-003513,CUST-01242,2025-01-30,Paid Search,93.09
ORD-003514,CUST-01242,2025-07-24,Paid Search,132.61
ORD-003515,CUST-01243,2025-10-14,Paid Search,124.69
ORD-003516,CUST-01243,2025-10-19,Paid Search,106.25
ORD-003517,CUST-01244,2025-05-07,Paid Search,59.76
ORD-003518,CUST-01244,2025-05-23,Paid Search,78.69
ORD-003519,CUST-01245,2025-10-31,Display,70.96
ORD-003520,CUST-01245,2025-11-08,Display,76.61
ORD-003521,CUST-01246,2025-02-19,Paid Search,65.93
ORD-003522,CUST-01246,2025-03-23,Paid Search,137.58
ORD-003523,CUST-01246,2025-04-06,Paid Search,87.63
ORD-003524,CUST-01247,2025-02-28,Affiliate,101.39
ORD-003525,CUST-01247,2025-03-09,Affiliate,78.65
ORD-003526,CUST-01247,2025-06-18,Affiliate,75.02
ORD-003527,CUST-01248,2025-06-26,Affiliate,90.85
ORD-003528,CUST-01249,2025-09-21,Paid Social,96.22
ORD-003529,CUST-01249,2025-09-23,Paid Social,59.51
ORD-003530,CUST-01249,2025-09-23,Paid Social,70.81
ORD-003531,CUST-01249,2025-10-10,Paid Social,51.12
ORD-003532,CUST-01250,2025-06-19,Paid Social,69.52
ORD-003533,CUST-01250,2025-10-13,Paid Social,117.12
ORD-003534,CUST-01250,2025-08-11,Paid Social,112.14
ORD-003535,CUST-01251,2025-02-24,Email,103.82
ORD-003536,CUST-01251,2025-03-10,Email,102.97
ORD-003537,CUST-01251,2025-03-28,Email,88.29
ORD-003538,CUST-01251,2025-06-02,Email,97.87
ORD-003539,CUST-01251,2025-10-01,Email,89.63
ORD-003540,CUST-01251,2025-08-16,Email,130.02
ORD-003541,CUST-01252,2025-08-03,Affiliate,118.5
ORD-003542,CUST-01252,2025-09-04,Affiliate,91.28
ORD-003543,CUST-01252,2025-09-05,Affiliate,141.87
ORD-003544,CUST-01253,2025-05-30,Paid Search,80.91
ORD-003545,CUST-01253,2025-06-29,Paid Search,110.65
ORD-003546,CUST-01253,2025-08-01,Paid Search,133.1
ORD-003547,CUST-01254,2025-08-27,Organic Social,82.19
ORD-003548,CUST-01254,2025-11-16,Organic Social,55.92
ORD-003549,CUST-01255,2025-01-15,Email,68.5
ORD-003550,CUST-01255,2025-01-26,Email,75.8
ORD-003551,CUST-01256,2025-11-06,Paid Social,60.59
ORD-003552,CUST-01256,2025-12-13,Paid Social,85.76
ORD-003553,CUST-01256,2025-11-13,Paid Social,74.0
ORD-003554,CUST-01256,2025-11-08,Paid Social,63.12
ORD-003555,CUST-01256,2025-11-06,Paid Social,98.28
ORD-003556,CUST-01257,2025-03-13,Paid Social,106.27
ORD-003557,CUST-01258,2025-07-19,Paid Social,89.24
ORD-003558,CUST-01258,2025-08-08,Paid Social,77.71
ORD-003559,CUST-01259,2025-06-20,Paid Social,67.6
ORD-003560,CUST-01259,2025-07-01,Paid Social,76.8
ORD-003561,CUST-01259,2025-08-20,Paid Social,58.41
ORD-003562,CUST-01260,2025-05-03,Email,84.52
ORD-003563,CUST-01260,2025-05-03,Email,83.45
ORD-003564,CUST-01260,2025-07-10,Email,115.91
ORD-003565,CUST-01261,2025-08-20,Paid Search,104.05
ORD-003566,CUST-01261,2025-11-02,Paid Search,124.44
ORD-003567,CUST-01262,2025-10-16,Paid Search,119.45
ORD-003568,CUST-01263,2025-10-25,Paid Search,127.76
ORD-003569,CUST-01263,2025-12-02,Paid Search,98.98
ORD-003570,CUST-01263,2025-11-25,Paid Search,128.95
ORD-003571,CUST-01264,2025-08-08,Paid Social,53.34
ORD-003572,CUST-01264,2025-10-28,Paid Social,80.62
ORD-003573,CUST-01264,2025-08-29,Paid Social,72.42
ORD-003574,CUST-01265,2025-02-17,Paid Social,77.78
ORD-003575,CUST-01265,2025-02-26,Paid Social,56.31
ORD-003576,CUST-01265,2025-02-23,Paid Social,87.73
ORD-003577,CUST-01266,2025-09-20,Display,99.53
ORD-003578,CUST-01266,2025-11-23,Display,113.96
ORD-003579,CUST-01266,2025-11-12,Display,63.71
ORD-003580,CUST-01267,2025-10-03,Paid Search,93.28
ORD-003581,CUST-01267,2025-12-12,Paid Search,101.15
ORD-003582,CUST-01268,2025-05-12,Paid Search,54.7
ORD-003583,CUST-01268,2025-07-10,Paid Search,89.44
ORD-003584,CUST-01269,2025-08-20,Paid Search,62.53
ORD-003585,CUST-01269,2025-08-20,Paid Search,109.05
ORD-003586,CUST-01270,2025-03-05,Paid Search,133.01
ORD-003587,CUST-01270,2025-03-28,Paid Search,99.31
ORD-003588,CUST-01270,2025-06-10,Paid Search,67.85
ORD-003589,CUST-01271,2025-02-27,Paid Search,106.13
ORD-003590,CUST-01271,2025-04-12,Paid Search,56.51
ORD-003591,CUST-01271,2025-04-29,Paid Search,120.33
ORD-003592,CUST-01271,2025-08-17,Paid Search,133.2
ORD-003593,CUST-01272,2025-05-22,Affiliate,162.86
ORD-003594,CUST-01272,2025-05-24,Affiliate,77.56
ORD-003595,CUST-01272,2025-08-03,Affiliate,147.12
ORD-003596,CUST-01273,2025-07-16,Display,63.99
ORD-003597,CUST-01274,2025-05-02,Organic Social,70.43
ORD-003598,CUST-01274,2025-06-17,Organic Social,71.82
ORD-003599,CUST-01274,2025-08-16,Organic Social,70.76
ORD-003600,CUST-01274,2025-08-11,Organic Social,61.18
ORD-003601,CUST-01274,2025-09-01,Organic Social,88.31
ORD-003602,CUST-01275,2025-01-26,Paid Search,101.68
ORD-003603,CUST-01275,2025-02-21,Paid Search,148.22
ORD-003604,CUST-01275,2025-05-30,Paid Search,73.55
ORD-003605,CUST-01275,2025-02-19,Paid Search,86.38
ORD-003606,CUST-01276,2025-11-10,Affiliate,67.18
ORD-003607,CUST-01276,2025-12-27,Affiliate,128.67
ORD-003608,CUST-01277,2025-05-11,Display,116.54
ORD-003609,CUST-01277,2025-05-11,Display,104.61
ORD-003610,CUST-01277,2025-06-28,Display,108.05
ORD-003611,CUST-01277,2025-07-29,Display,108.07
ORD-003612,CUST-01278,2025-02-28,Email,92.93
ORD-003613,CUST-01278,2025-04-25,Email,84.86
ORD-003614,CUST-01278,2025-06-08,Email,68.48
ORD-003615,CUST-01279,2025-01-13,Paid Social,75.51
ORD-003616,CUST-01279,2025-01-14,Paid Social,87.89
ORD-003617,CUST-01279,2025-01-17,Paid Social,48.84
ORD-003618,CUST-01279,2025-02-20,Paid Social,58.5
ORD-003619,CUST-01279,2025-04-24,Paid Social,88.52
ORD-003620,CUST-01280,2025-05-28,Paid Social,92.58
ORD-003621,CUST-01280,2025-06-06,Paid Social,79.98
ORD-003622,CUST-01281,2025-04-17,Affiliate,108.74
ORD-003623,CUST-01281,2025-05-02,Affiliate,105.17
ORD-003624,CUST-01281,2025-05-27,Affiliate,65.76
ORD-003625,CUST-01281,2025-05-26,Affiliate,77.09
ORD-003626,CUST-01282,2025-11-08,Display,88.42
ORD-003627,CUST-01283,2025-04-04,Display,85.1
ORD-003628,CUST-01283,2025-10-05,Display,109.44
ORD-003629,CUST-01283,2025-05-08,Display,104.16
ORD-003630,CUST-01283,2025-06-19,Display,70.15
ORD-003631,CUST-01283,2025-04-24,Display,63.86
ORD-003632,CUST-01284,2025-11-17,Paid Search,51.24
ORD-003633,CUST-01285,2025-11-24,Paid Search,65.13
ORD-003634,CUST-01286,2025-04-01,Organic Social,59.77
ORD-003635,CUST-01286,2025-04-17,Organic Social,106.48
ORD-003636,CUST-01286,2025-09-14,Organic Social,99.05
ORD-003637,CUST-01286,2025-05-24,Organic Social,68.49
ORD-003638,CUST-01287,2025-05-14,Paid Social,78.91
ORD-003639,CUST-01287,2025-06-28,Paid Social,54.92
ORD-003640,CUST-01288,2025-08-13,Affiliate,156.37
ORD-003641,CUST-01288,2025-09-03,Affiliate,125.09
ORD-003642,CUST-01288,2025-08-14,Affiliate,102.81
ORD-003643,CUST-01288,2025-08-14,Affiliate,80.64
ORD-003644,CUST-01288,2025-12-10,Affiliate,144.43
ORD-003645,CUST-01289,2025-01-10,Paid Social,97.89
ORD-003646,CUST-01289,2025-02-09,Paid Social,82.33
ORD-003647,CUST-01289,2025-03-04,Paid Social,84.36
ORD-003648,CUST-01289,2025-03-08,Paid Social,40.95
ORD-003649,CUST-01290,2025-10-22,Display,57.77
ORD-003650,CUST-01291,2025-11-05,Paid Search,85.81
ORD-003651,CUST-01291,2025-11-13,Paid Search,151.27
ORD-003652,CUST-01291,2025-12-14,Paid Search,101.99
ORD-003653,CUST-01292,2025-06-26,Paid Search,128.62
ORD-003654,CUST-01292,2025-07-25,Paid Search,116.09
ORD-003655,CUST-01292,2025-07-20,Paid Search,81.36
ORD-003656,CUST-01293,2025-03-25,Paid Social,65.64
ORD-003657,CUST-01293,2025-04-18,Paid Social,59.51
ORD-003658,CUST-01293,2025-04-02,Paid Social,99.86
ORD-003659,CUST-01294,2025-08-24,Email,99.75
ORD-003660,CUST-01294,2025-09-29,Email,63.29
ORD-003661,CUST-01294,2025-08-29,Email,106.07
ORD-003662,CUST-01294,2025-09-26,Email,85.85
ORD-003663,CUST-01294,2025-11-19,Email,103.46
ORD-003664,CUST-01295,2025-10-02,Paid Social,117.46
ORD-003665,CUST-01295,2025-10-02,Paid Social,79.46
ORD-003666,CUST-01296,2025-09-28,Display,110.23
ORD-003667,CUST-01296,2025-09-29,Display,74.72
ORD-003668,CUST-01297,2025-09-25,Paid Social,89.88
ORD-003669,CUST-01298,2025-09-25,Organic Social,111.56
ORD-003670,CUST-01298,2025-10-07,Organic Social,67.48
ORD-003671,CUST-01299,2025-02-01,Paid Search,154.14
ORD-003672,CUST-01299,2025-03-04,Paid Search,87.58
ORD-003673,CUST-01299,2025-02-21,Paid Search,94.08
ORD-003674,CUST-01299,2025-05-23,Paid Search,65.13
ORD-003675,CUST-01300,2025-04-03,Paid Search,124.43
ORD-003676,CUST-01300,2025-04-20,Paid Search,127.88
ORD-003677,CUST-01300,2025-08-16,Paid Search,64.11
ORD-003678,CUST-01301,2025-10-15,Organic Social,56.61
ORD-003679,CUST-01301,2025-11-08,Organic Social,87.15
ORD-003680,CUST-01301,2025-11-12,Organic Social,54.73
ORD-003681,CUST-01301,2025-12-07,Organic Social,76.23
ORD-003682,CUST-01302,2025-08-03,Email,101.72
ORD-003683,CUST-01302,2025-08-28,Email,107.71
ORD-003684,CUST-01302,2025-08-20,Email,61.81
ORD-003685,CUST-01303,2025-04-22,Display,41.91
ORD-003686,CUST-01303,2025-07-13,Display,145.87
ORD-003687,CUST-01303,2025-05-22,Display,87.31
ORD-003688,CUST-01304,2025-07-23,Paid Search,101.01
ORD-003689,CUST-01304,2025-08-14,Paid Search,87.61
ORD-003690,CUST-01304,2025-08-25,Paid Search,94.2
ORD-003691,CUST-01305,2025-05-28,Organic Social,54.26
ORD-003692,CUST-01306,2025-08-19,Affiliate,71.69
ORD-003693,CUST-01306,2025-09-26,Affiliate,75.67
ORD-003694,CUST-01306,2025-12-26,Affiliate,119.08
ORD-003695,CUST-01306,2025-09-27,Affiliate,81.93
ORD-003696,CUST-01307,2025-09-15,Display,65.78
ORD-003697,CUST-01307,2025-11-07,Display,112.97
ORD-003698,CUST-01307,2025-10-09,Display,81.76
ORD-003699,CUST-01307,2025-12-05,Display,108.54
ORD-003700,CUST-01308,2025-11-05,Organic Social,61.18
ORD-003701,CUST-01308,2025-11-05,Organic Social,69.91
ORD-003702,CUST-01308,2025-11-21,Organic Social,59.5
ORD-003703,CUST-01308,2025-11-29,Organic Social,51.71
ORD-003704,CUST-01309,2025-07-04,Email,80.57
ORD-003705,CUST-01309,2025-10-17,Email,84.84
ORD-003706,CUST-01310,2025-05-16,Paid Social,72.35
ORD-003707,CUST-01310,2025-05-21,Paid Social,73.08
ORD-003708,CUST-01310,2025-08-26,Paid Social,137.52
ORD-003709,CUST-01311,2025-08-19,Paid Social,73.68
ORD-003710,CUST-01311,2025-09-07,Paid Social,67.89
ORD-003711,CUST-01311,2025-11-15,Paid Social,51.0
ORD-003712,CUST-01312,2025-06-05,Affiliate,122.04
ORD-003713,CUST-01312,2025-09-12,Affiliate,123.55
ORD-003714,CUST-01312,2025-07-24,Affiliate,86.26
ORD-003715,CUST-01312,2025-09-14,Affiliate,100.31
ORD-003716,CUST-01313,2025-01-10,Display,101.21
ORD-003717,CUST-01313,2025-02-14,Display,67.2
ORD-003718,CUST-01313,2025-04-26,Display,64.51
ORD-003719,CUST-01314,2025-04-09,Email,131.06
ORD-003720,CUST-01314,2025-06-27,Email,118.93
ORD-003721,CUST-01314,2025-10-26,Email,78.83
ORD-003722,CUST-01314,2025-08-08,Email,99.79
ORD-003723,CUST-01315,2025-09-01,Paid Search,70.03
ORD-003724,CUST-01315,2025-10-20,Paid Search,142.22
ORD-003725,CUST-01315,2025-12-28,Paid Search,72.46
ORD-003726,CUST-01315,2025-10-03,Paid Search,110.55
ORD-003727,CUST-01316,2025-10-14,Affiliate,77.81
ORD-003728,CUST-01316,2025-12-06,Affiliate,78.07
ORD-003729,CUST-01316,2025-12-23,Affiliate,77.21
ORD-003730,CUST-01317,2025-04-13,Email,120.69
ORD-003731,CUST-01318,2025-09-22,Paid Search,98.72
ORD-003732,CUST-01318,2025-10-09,Paid Search,59.92
ORD-003733,CUST-01318,2025-11-06,Paid Search,175.64
ORD-003734,CUST-01319,2025-02-19,Paid Social,92.79
ORD-003735,CUST-01319,2025-03-21,Paid Social,74.83
ORD-003736,CUST-01319,2025-08-31,Paid Social,68.26
ORD-003737,CUST-01319,2025-02-27,Paid Social,52.09
ORD-003738,CUST-01319,2025-09-17,Paid Social,53.69
ORD-003739,CUST-01320,2025-01-26,Organic Social,54.99
ORD-003740,CUST-01320,2025-05-08,Organic Social,74.12
ORD-003741,CUST-01320,2025-05-11,Organic Social,78.56
ORD-003742,CUST-01320,2025-05-08,Organic Social,121.36
ORD-003743,CUST-01321,2025-08-09,Paid Social,74.76
ORD-003744,CUST-01321,2025-09-16,Paid Social,64.02
ORD-003745,CUST-01321,2025-10-31,Paid Social,118.9
ORD-003746,CUST-01322,2025-09-29,Paid Search,94.09
ORD-003747,CUST-01322,2025-10-30,Paid Search,68.97
ORD-003748,CUST-01323,2025-07-27,Paid Search,94.63
ORD-003749,CUST-01323,2025-07-31,Paid Search,31.72
ORD-003750,CUST-01323,2025-08-15,Paid Search,81.27
ORD-003751,CUST-01323,2025-07-31,Paid Search,105.27
ORD-003752,CUST-01324,2025-09-29,Paid Search,87.09
ORD-003753,CUST-01325,2025-01-20,Paid Search,148.15
ORD-003754,CUST-01325,2025-01-26,Paid Search,86.65
ORD-003755,CUST-01325,2025-08-02,Paid Search,111.56
ORD-003756,CUST-01325,2025-03-30,Paid Search,101.87
ORD-003757,CUST-01326,2025-09-08,Affiliate,123.25
ORD-003758,CUST-01327,2025-09-01,Paid Search,75.28
ORD-003759,CUST-01327,2025-10-29,Paid Search,101.37
ORD-003760,CUST-01328,2025-08-06,Affiliate,129.72
ORD-003761,CUST-01328,2025-11-06,Affiliate,90.29
ORD-003762,CUST-01328,2025-08-31,Affiliate,134.0
ORD-003763,CUST-01329,2025-03-29,Paid Search,102.0
ORD-003764,CUST-01329,2025-06-24,Paid Search,179.29
ORD-003765,CUST-01329,2025-05-05,Paid Search,71.31
ORD-003766,CUST-01329,2025-09-10,Paid Search,87.56
ORD-003767,CUST-01330,2025-05-30,Organic Social,47.13
ORD-003768,CUST-01330,2025-08-25,Organic Social,54.04
ORD-003769,CUST-01330,2025-12-28,Organic Social,101.7
ORD-003770,CUST-01330,2025-09-23,Organic Social,41.32
ORD-003771,CUST-01331,2025-06-05,Paid Search,96.13
ORD-003772,CUST-01331,2025-08-24,Paid Search,105.81
ORD-003773,CUST-01331,2025-06-13,Paid Search,56.71
ORD-003774,CUST-01331,2025-06-24,Paid Search,74.64
ORD-003775,CUST-01331,2025-08-18,Paid Search,109.75
ORD-003776,CUST-01332,2025-10-05,Email,74.45
ORD-003777,CUST-01332,2025-10-21,Email,76.21
ORD-003778,CUST-01332,2025-10-23,Email,56.81
ORD-003779,CUST-01333,2025-01-23,Paid Search,76.91
ORD-003780,CUST-01333,2025-01-24,Paid Search,81.39
ORD-003781,CUST-01333,2025-02-13,Paid Search,122.83
ORD-003782,CUST-01333,2025-04-20,Paid Search,152.39
ORD-003783,CUST-01333,2025-06-05,Paid Search,124.78
ORD-003784,CUST-01334,2025-01-31,Paid Social,63.74
ORD-003785,CUST-01335,2025-05-17,Paid Search,99.48
ORD-003786,CUST-01335,2025-05-21,Paid Search,120.62
ORD-003787,CUST-01335,2025-10-27,Paid Search,82.77
ORD-003788,CUST-01336,2025-07-15,Email,151.19
ORD-003789,CUST-01336,2025-08-08,Email,113.17
ORD-003790,CUST-01336,2025-09-17,Email,68.05
ORD-003791,CUST-01336,2025-09-10,Email,63.58
ORD-003792,CUST-01337,2025-04-20,Paid Social,70.21
ORD-003793,CUST-01337,2025-07-02,Paid Social,102.06
ORD-003794,CUST-01337,2025-07-10,Paid Social,99.81
ORD-003795,CUST-01338,2025-01-31,Affiliate,138.71
ORD-003796,CUST-01338,2025-02-01,Affiliate,78.41
ORD-003797,CUST-01338,2025-05-27,Affiliate,83.23
ORD-003798,CUST-01338,2025-02-28,Affiliate,142.89
ORD-003799,CUST-01339,2025-07-26,Paid Search,79.46
ORD-003800,CUST-01339,2025-09-16,Paid Search,54.72
ORD-003801,CUST-01339,2025-07-26,Paid Search,131.85
ORD-003802,CUST-01340,2025-08-08,Paid Search,108.45
ORD-003803,CUST-01340,2025-08-18,Paid Search,124.05
ORD-003804,CUST-01340,2025-09-01,Paid Search,146.66
ORD-003805,CUST-01341,2025-01-07,Paid Search,105.66
ORD-003806,CUST-01341,2025-02-14,Paid Search,125.95
ORD-003807,CUST-01341,2025-08-07,Paid Search,135.53
ORD-003808,CUST-01341,2025-01-22,Paid Search,91.27
ORD-003809,CUST-01342,2025-09-12,Email,89.37
ORD-003810,CUST-01342,2025-10-01,Email,71.1
ORD-003811,CUST-01342,2025-11-11,Email,68.02
ORD-003812,CUST-01343,2025-08-06,Paid Search,80.95
ORD-003813,CUST-01343,2025-11-04,Paid Search,92.95
ORD-003814,CUST-01343,2025-10-02,Paid Search,161.27
ORD-003815,CUST-01344,2025-08-02,Paid Search,79.83
ORD-003816,CUST-01344,2025-08-15,Paid Search,177.87
ORD-003817,CUST-01344,2025-08-16,Paid Search,115.38
ORD-003818,CUST-01345,2025-02-03,Display,59.09
ORD-003819,CUST-01345,2025-02-03,Display,70.27
ORD-003820,CUST-01346,2025-09-17,Paid Search,90.74
ORD-003821,CUST-01346,2025-11-13,Paid Search,131.61
ORD-003822,CUST-01346,2025-10-26,Paid Search,99.8
ORD-003823,CUST-01347,2025-05-26,Display,73.61
ORD-003824,CUST-01348,2025-11-04,Paid Search,90.8
ORD-003825,CUST-01349,2025-11-22,Email,133.15
ORD-003826,CUST-01349,2025-12-29,Email,52.33
ORD-003827,CUST-01349,2025-12-04,Email,103.14
ORD-003828,CUST-01350,2025-10-31,Organic Social,47.66
ORD-003829,CUST-01350,2025-12-20,Organic Social,35.41
ORD-003830,CUST-01351,2025-01-21,Paid Search,100.81
ORD-003831,CUST-01351,2025-02-17,Paid Search,71.77
ORD-003832,CUST-01351,2025-02-14,Paid Search,97.37
ORD-003833,CUST-01352,2025-10-01,Paid Search,103.72
ORD-003834,CUST-01352,2025-10-18,Paid Search,120.23
ORD-003835,CUST-01353,2025-08-21,Affiliate,162.29
ORD-003836,CUST-01353,2025-08-30,Affiliate,140.65
ORD-003837,CUST-01354,2025-07-04,Email,101.11
ORD-003838,CUST-01354,2025-07-24,Email,96.72
ORD-003839,CUST-01354,2025-09-06,Email,90.03
ORD-003840,CUST-01354,2025-08-24,Email,117.02
ORD-003841,CUST-01355,2025-09-14,Paid Social,118.33
ORD-003842,CUST-01356,2025-05-04,Email,54.37
ORD-003843,CUST-01356,2025-06-22,Email,145.28
ORD-003844,CUST-01357,2025-10-30,Paid Search,147.05
ORD-003845,CUST-01358,2025-08-25,Affiliate,87.67
ORD-003846,CUST-01358,2025-09-30,Affiliate,112.54
ORD-003847,CUST-01358,2025-09-16,Affiliate,124.83
ORD-003848,CUST-01359,2025-11-15,Display,93.32
ORD-003849,CUST-01360,2025-05-24,Email,134.03
ORD-003850,CUST-01360,2025-07-02,Email,118.49
ORD-003851,CUST-01361,2025-06-22,Organic Social,73.08
ORD-003852,CUST-01361,2025-07-20,Organic Social,53.84
ORD-003853,CUST-01361,2025-06-24,Organic Social,87.83
ORD-003854,CUST-01362,2025-03-08,Email,94.85
ORD-003855,CUST-01362,2025-03-08,Email,89.46
ORD-003856,CUST-01363,2025-05-12,Paid Social,83.33
ORD-003857,CUST-01363,2025-05-14,Paid Social,76.23
ORD-003858,CUST-01363,2025-06-17,Paid Social,84.75
ORD-003859,CUST-01363,2025-06-05,Paid Social,93.08
ORD-003860,CUST-01363,2025-07-19,Paid Social,73.7
ORD-003861,CUST-01364,2025-08-19,Organic Social,69.46
ORD-003862,CUST-01364,2025-10-11,Organic Social,69.3
ORD-003863,CUST-01364,2025-11-15,Organic Social,87.22
ORD-003864,CUST-01364,2025-12-23,Organic Social,98.74
ORD-003865,CUST-01365,2025-07-18,Paid Search,82.57
ORD-003866,CUST-01365,2025-07-31,Paid Search,161.62
ORD-003867,CUST-01365,2025-10-17,Paid Search,167.78
ORD-003868,CUST-01366,2025-09-05,Paid Search,83.55
ORD-003869,CUST-01366,2025-10-09,Paid Search,44.48
ORD-003870,CUST-01367,2025-04-22,Paid Search,110.33
ORD-003871,CUST-01367,2025-05-13,Paid Search,150.88
ORD-003872,CUST-01367,2025-05-12,Paid Search,87.86
ORD-003873,CUST-01368,2025-06-13,Organic Social,68.19
ORD-003874,CUST-01369,2025-06-20,Email,98.14
ORD-003875,CUST-01369,2025-10-24,Email,89.13
ORD-003876,CUST-01369,2025-09-14,Email,130.76
ORD-003877,CUST-01370,2025-07-07,Paid Social,93.26
ORD-003878,CUST-01370,2025-09-20,Paid Social,78.01
ORD-003879,CUST-01371,2025-02-23,Paid Search,100.74
ORD-003880,CUST-01371,2025-04-04,Paid Search,54.12
ORD-003881,CUST-01371,2025-07-03,Paid Search,111.27
ORD-003882,CUST-01371,2025-05-06,Paid Search,105.24
ORD-003883,CUST-01372,2025-04-23,Paid Search,95.52
ORD-003884,CUST-01373,2025-04-28,Paid Search,112.34
ORD-003885,CUST-01373,2025-05-31,Paid Search,170.18
ORD-003886,CUST-01374,2025-01-25,Organic Social,79.61
ORD-003887,CUST-01374,2025-01-31,Organic Social,59.39
ORD-003888,CUST-01375,2025-02-04,Display,61.22
ORD-003889,CUST-01375,2025-03-23,Display,104.03
ORD-003890,CUST-01375,2025-04-06,Display,60.3
ORD-003891,CUST-01375,2025-05-17,Display,65.16
ORD-003892,CUST-01376,2025-08-12,Organic Social,73.31
ORD-003893,CUST-01376,2025-10-08,Organic Social,91.47
ORD-003894,CUST-01376,2025-09-07,Organic Social,75.43
ORD-003895,CUST-01377,2025-03-30,Paid Social,78.46
ORD-003896,CUST-01377,2025-04-26,Paid Social,57.47
ORD-003897,CUST-01377,2025-09-12,Paid Social,76.88
ORD-003898,CUST-01377,2025-10-18,Paid Social,79.28
ORD-003899,CUST-01378,2025-08-10,Email,95.88
ORD-003900,CUST-01378,2025-11-20,Email,55.34
ORD-003901,CUST-01379,2025-04-13,Paid Social,71.91
ORD-003902,CUST-01379,2025-05-03,Paid Social,91.76
ORD-003903,CUST-01380,2025-03-12,Affiliate,92.64
ORD-003904,CUST-01380,2025-04-03,Affiliate,98.95
ORD-003905,CUST-01381,2025-11-03,Organic Social,51.29
ORD-003906,CUST-01381,2025-12-11,Organic Social,103.96
ORD-003907,CUST-01382,2025-08-06,Organic Social,51.48
ORD-003908,CUST-01382,2025-09-05,Organic Social,42.13
ORD-003909,CUST-01382,2025-08-19,Organic Social,106.91
ORD-003910,CUST-01382,2025-10-30,Organic Social,85.78
ORD-003911,CUST-01382,2025-09-20,Organic Social,67.5
ORD-003912,CUST-01383,2025-05-04,Email,59.97
ORD-003913,CUST-01384,2025-03-03,Paid Search,134.62
ORD-003914,CUST-01384,2025-03-07,Paid Search,71.82
ORD-003915,CUST-01384,2025-08-14,Paid Search,76.55
ORD-003916,CUST-01384,2025-03-03,Paid Search,111.63
ORD-003917,CUST-01384,2025-04-10,Paid Search,92.17
ORD-003918,CUST-01385,2025-05-03,Email,98.88
ORD-003919,CUST-01385,2025-06-23,Email,111.94
ORD-003920,CUST-01386,2025-03-11,Paid Search,125.27
ORD-003921,CUST-01386,2025-03-28,Paid Search,129.23
ORD-003922,CUST-01387,2025-10-20,Paid Search,119.53
ORD-003923,CUST-01387,2025-10-25,Paid Search,103.16
ORD-003924,CUST-01387,2025-12-22,Paid Search,100.18
ORD-003925,CUST-01388,2025-06-30,Paid Search,55.69
ORD-003926,CUST-01388,2025-07-13,Paid Search,102.8
ORD-003927,CUST-01388,2025-08-15,Paid Search,134.02
ORD-003928,CUST-01388,2025-07-19,Paid Search,70.71
ORD-003929,CUST-01389,2025-06-02,Paid Social,73.82
ORD-003930,CUST-01389,2025-06-04,Paid Social,101.22
ORD-003931,CUST-01389,2025-10-18,Paid Social,79.81
ORD-003932,CUST-01390,2025-03-09,Email,65.12
ORD-003933,CUST-01391,2025-10-29,Paid Social,61.0
ORD-003934,CUST-01391,2025-11-18,Paid Social,126.48
ORD-003935,CUST-01391,2025-10-30,Paid Social,87.89
ORD-003936,CUST-01392,2025-09-06,Paid Social,66.64
ORD-003937,CUST-01392,2025-11-18,Paid Social,87.99
ORD-003938,CUST-01392,2025-10-31,Paid Social,109.61
ORD-003939,CUST-01393,2025-08-24,Paid Search,59.94
ORD-003940,CUST-01393,2025-09-07,Paid Search,67.61
ORD-003941,CUST-01393,2025-09-21,Paid Search,102.76
ORD-003942,CUST-01394,2025-06-13,Email,81.41
ORD-003943,CUST-01394,2025-06-23,Email,92.08
ORD-003944,CUST-01394,2025-10-14,Email,74.25
ORD-003945,CUST-01395,2025-08-01,Email,89.24
ORD-003946,CUST-01395,2025-08-07,Email,56.9
ORD-003947,CUST-01395,2025-09-12,Email,148.91
ORD-003948,CUST-01396,2025-07-17,Paid Search,89.07
ORD-003949,CUST-01396,2025-08-06,Paid Search,128.32
ORD-003950,CUST-01397,2025-10-28,Affiliate,165.46
ORD-003951,CUST-01398,2025-04-07,Email,119.71
ORD-003952,CUST-01398,2025-05-30,Email,128.9
ORD-003953,CUST-01398,2025-08-14,Email,91.8
ORD-003954,CUST-01399,2025-06-17,Paid Social,83.86
ORD-003955,CUST-01400,2025-01-06,Email,56.26
ORD-003956,CUST-01400,2025-02-11,Email,100.08
ORD-003957,CUST-01400,2025-08-06,Email,126.24
ORD-003958,CUST-01400,2025-03-19,Email,46.19
ORD-003959,CUST-01401,2025-11-26,Paid Social,87.76
ORD-003960,CUST-01401,2025-12-11,Paid Social,94.79
ORD-003961,CUST-01401,2025-12-05,Paid Social,95.9
ORD-003962,CUST-01402,2025-09-28,Paid Search,58.2
ORD-003963,CUST-01402,2025-09-28,Paid Search,82.84
ORD-003964,CUST-01402,2025-10-07,Paid Search,112.49
ORD-003965,CUST-01403,2025-10-31,Display,94.37
ORD-003966,CUST-01403,2025-11-06,Display,51.84
ORD-003967,CUST-01404,2025-09-26,Paid Social,64.12
ORD-003968,CUST-01404,2025-10-31,Paid Social,39.35
ORD-003969,CUST-01404,2025-11-04,Paid Social,93.9
ORD-003970,CUST-01404,2025-09-27,Paid Social,70.38
ORD-003971,CUST-01404,2025-11-19,Paid Social,69.13
ORD-003972,CUST-01405,2025-04-12,Paid Search,135.39
ORD-003973,CUST-01405,2025-06-22,Paid Search,67.69
ORD-003974,CUST-01405,2025-10-14,Paid Search,71.5
ORD-003975,CUST-01406,2025-03-15,Display,72.55
ORD-003976,CUST-01406,2025-04-10,Display,88.63
ORD-003977,CUST-01406,2025-05-25,Display,99.24
ORD-003978,CUST-01406,2025-10-03,Display,104.27
ORD-003979,CUST-01406,2025-07-20,Display,46.44
ORD-003980,CUST-01407,2025-04-17,Display,63.07
ORD-003981,CUST-01407,2025-08-01,Display,118.64
ORD-003982,CUST-01407,2025-04-25,Display,66.72
ORD-003983,CUST-01407,2025-06-02,Display,75.93
ORD-003984,CUST-01408,2025-02-13,Paid Search,96.18
ORD-003985,CUST-01408,2025-03-09,Paid Search,55.55
ORD-003986,CUST-01408,2025-03-11,Paid Search,162.67
ORD-003987,CUST-01408,2025-03-12,Paid Search,108.1
ORD-003988,CUST-01408,2025-12-17,Paid Search,139.34
ORD-003989,CUST-01408,2025-03-19,Paid Search,99.3
ORD-003990,CUST-01409,2025-05-29,Affiliate,121.32
ORD-003991,CUST-01409,2025-07-14,Affiliate,126.44
ORD-003992,CUST-01410,2025-05-11,Paid Social,109.42
ORD-003993,CUST-01410,2025-05-22,Paid Social,60.87
ORD-003994,CUST-01410,2025-09-20,Paid Social,82.99
ORD-003995,CUST-01410,2025-07-12,Paid Social,63.68
ORD-003996,CUST-01410,2025-07-29,Paid Social,91.41
ORD-003997,CUST-01411,2025-03-08,Paid Search,65.97
ORD-003998,CUST-01411,2025-06-16,Paid Search,152.34
ORD-003999,CUST-01411,2025-06-18,Paid Search,155.57
ORD-004000,CUST-01412,2025-03-06,Email,51.27
ORD-004001,CUST-01412,2025-03-21,Email,117.86
ORD-004002,CUST-01412,2025-06-21,Email,96.29
ORD-004003,CUST-01413,2025-04-03,Email,61.35
ORD-004004,CUST-01413,2025-04-12,Email,76.56
ORD-004005,CUST-01413,2025-05-30,Email,159.6
ORD-004006,CUST-01414,2025-09-20,Paid Search,89.31
ORD-004007,CUST-01414,2025-10-14,Paid Search,101.45
ORD-004008,CUST-01415,2025-04-02,Affiliate,121.5
ORD-004009,CUST-01415,2025-05-03,Affiliate,128.37
ORD-004010,CUST-01415,2025-07-31,Affiliate,139.72
ORD-004011,CUST-01416,2025-02-10,Affiliate,106.08
ORD-004012,CUST-01416,2025-03-29,Affiliate,130.53
ORD-004013,CUST-01417,2025-04-25,Affiliate,54.56
ORD-004014,CUST-01417,2025-07-20,Affiliate,59.09
ORD-004015,CUST-01417,2025-07-26,Affiliate,81.87
ORD-004016,CUST-01418,2025-11-08,Paid Social,112.93
ORD-004017,CUST-01418,2025-11-10,Paid Social,57.77
ORD-004018,CUST-01418,2025-11-28,Paid Social,106.45
ORD-004019,CUST-01419,2025-06-03,Affiliate,104.57
ORD-004020,CUST-01419,2025-06-23,Affiliate,71.2
ORD-004021,CUST-01420,2025-09-08,Affiliate,52.29
ORD-004022,CUST-01421,2025-06-30,Organic Social,76.66
ORD-004023,CUST-01421,2025-07-05,Organic Social,51.6
ORD-004024,CUST-01422,2025-04-09,Organic Social,58.86
ORD-004025,CUST-01422,2025-05-07,Organic Social,28.77
ORD-004026,CUST-01422,2025-05-13,Organic Social,64.62
ORD-004027,CUST-01422,2025-06-27,Organic Social,96.62
ORD-004028,CUST-01422,2025-11-26,Organic Social,51.82
ORD-004029,CUST-01423,2025-07-08,Paid Social,88.75
ORD-004030,CUST-01424,2025-05-27,Paid Search,61.05
ORD-004031,CUST-01424,2025-09-26,Paid Search,100.28
ORD-004032,CUST-01424,2025-08-24,Paid Search,60.59
ORD-004033,CUST-01424,2025-10-27,Paid Search,55.56
ORD-004034,CUST-01425,2025-05-07,Paid Search,139.59
ORD-004035,CUST-01425,2025-05-15,Paid Search,112.2
ORD-004036,CUST-01426,2025-08-18,Paid Social,67.92
ORD-004037,CUST-01426,2025-10-10,Paid Social,77.65
ORD-004038,CUST-01427,2025-09-18,Affiliate,99.18
ORD-004039,CUST-01427,2025-10-05,Affiliate,140.15
ORD-004040,CUST-01427,2025-10-21,Affiliate,141.73
ORD-004041,CUST-01427,2025-11-11,Affiliate,87.0
ORD-004042,CUST-01428,2025-01-14,Display,117.72
ORD-004043,CUST-01428,2025-02-01,Display,86.09
ORD-004044,CUST-01428,2025-01-17,Display,101.65
ORD-004045,CUST-01428,2025-02-23,Display,111.7
ORD-004046,CUST-01428,2025-01-31,Display,81.52
ORD-004047,CUST-01428,2025-12-06,Display,98.02
ORD-004048,CUST-01428,2025-05-12,Display,115.46
ORD-004049,CUST-01429,2025-01-08,Affiliate,118.1
ORD-004050,CUST-01429,2025-02-23,Affiliate,61.87
ORD-004051,CUST-01429,2025-02-03,Affiliate,161.09
ORD-004052,CUST-01430,2025-01-13,Paid Social,57.22
ORD-004053,CUST-01430,2025-01-31,Paid Social,136.04
ORD-004054,CUST-01431,2025-09-20,Paid Search,65.67
ORD-004055,CUST-01432,2025-05-30,Paid Search,116.03
ORD-004056,CUST-01432,2025-06-26,Paid Search,84.84
ORD-004057,CUST-01432,2025-08-23,Paid Search,116.38
ORD-004058,CUST-01432,2025-09-07,Paid Search,139.87
ORD-004059,CUST-01432,2025-08-03,Paid Search,101.35
ORD-004060,CUST-01433,2025-05-20,Email,81.87
ORD-004061,CUST-01433,2025-05-26,Email,105.86
ORD-004062,CUST-01433,2025-05-20,Email,61.24
ORD-004063,CUST-01434,2025-10-18,Affiliate,116.0
ORD-004064,CUST-01434,2025-10-31,Affiliate,120.19
ORD-004065,CUST-01435,2025-09-20,Affiliate,97.73
ORD-004066,CUST-01435,2025-11-01,Affiliate,123.49
ORD-004067,CUST-01435,2025-10-18,Affiliate,88.41
ORD-004068,CUST-01435,2025-11-02,Affiliate,66.89
ORD-004069,CUST-01436,2025-08-11,Paid Social,109.69
ORD-004070,CUST-01437,2025-06-03,Organic Social,85.34
ORD-004071,CUST-01437,2025-06-04,Organic Social,60.65
ORD-004072,CUST-01438,2025-07-19,Paid Search,124.62
ORD-004073,CUST-01438,2025-08-15,Paid Search,75.06
ORD-004074,CUST-01438,2025-10-02,Paid Search,94.86
ORD-004075,CUST-01439,2025-01-06,Paid Social,37.27
ORD-004076,CUST-01439,2025-01-10,Paid Social,129.95
ORD-004077,CUST-01439,2025-01-27,Paid Social,73.92
ORD-004078,CUST-01439,2025-07-30,Paid Social,84.16
ORD-004079,CUST-01440,2025-03-04,Paid Search,118.44
ORD-004080,CUST-01440,2025-03-29,Paid Search,121.42
ORD-004081,CUST-01440,2025-04-14,Paid Search,124.97
ORD-004082,CUST-01441,2025-05-05,Paid Search,68.05
ORD-004083,CUST-01441,2025-07-18,Paid Search,79.6
ORD-004084,CUST-01441,2025-05-24,Paid Search,113.98
ORD-004085,CUST-01441,2025-07-09,Paid Search,101.99
ORD-004086,CUST-01442,2025-08-03,Organic Social,63.93
ORD-004087,CUST-01442,2025-09-14,Organic Social,63.31
ORD-004088,CUST-01442,2025-08-12,Organic Social,70.54
ORD-004089,CUST-01442,2025-12-08,Organic Social,83.79
ORD-004090,CUST-01442,2025-10-04,Organic Social,78.41
ORD-004091,CUST-01442,2025-08-22,Organic Social,91.88
ORD-004092,CUST-01443,2025-03-25,Affiliate,170.49
ORD-004093,CUST-01443,2025-03-25,Affiliate,73.15
ORD-004094,CUST-01443,2025-05-04,Affiliate,63.64
ORD-004095,CUST-01444,2025-10-15,Paid Search,88.68
ORD-004096,CUST-01444,2025-11-13,Paid Search,136.43
ORD-004097,CUST-01445,2025-10-31,Paid Search,71.37
ORD-004098,CUST-01445,2025-11-12,Paid Search,89.27
ORD-004099,CUST-01445,2025-11-24,Paid Search,68.83
ORD-004100,CUST-01445,2025-11-03,Paid Search,133.43
ORD-004101,CUST-01445,2025-12-05,Paid Search,129.83
ORD-004102,CUST-01446,2025-02-21,Paid Search,98.96
ORD-004103,CUST-01446,2025-03-26,Paid Search,64.39
ORD-004104,CUST-01447,2025-03-29,Paid Search,115.02
ORD-004105,CUST-01447,2025-04-12,Paid Search,76.76
ORD-004106,CUST-01448,2025-04-10,Display,52.93
ORD-004107,CUST-01448,2025-04-13,Display,53.02
ORD-004108,CUST-01448,2025-04-18,Display,60.08
ORD-004109,CUST-01449,2025-06-01,Email,49.53
ORD-004110,CUST-01449,2025-06-15,Email,100.61
ORD-004111,CUST-01449,2025-06-04,Email,107.28
ORD-004112,CUST-01449,2025-07-13,Email,96.82
ORD-004113,CUST-01449,2025-10-19,Email,147.94
ORD-004114,CUST-01450,2025-04-05,Paid Social,81.01
ORD-004115,CUST-01451,2025-10-28,Paid Search,113.15
ORD-004116,CUST-01451,2025-11-12,Paid Search,73.53
ORD-004117,CUST-01452,2025-07-21,Paid Search,68.78
ORD-004118,CUST-01452,2025-12-29,Paid Search,127.68
ORD-004119,CUST-01452,2025-08-17,Paid Search,107.87
ORD-004120,CUST-01452,2025-09-18,Paid Search,61.0
ORD-004121,CUST-01453,2025-01-09,Paid Social,80.58
ORD-004122,CUST-01453,2025-02-01,Paid Social,87.89
ORD-004123,CUST-01454,2025-08-02,Affiliate,113.31
ORD-004124,CUST-01454,2025-08-11,Affiliate,111.34
ORD-004125,CUST-01455,2025-07-24,Organic Social,52.1
ORD-004126,CUST-01455,2025-07-24,Organic Social,30.97
ORD-004127,CUST-01455,2025-09-24,Organic Social,48.4
ORD-004128,CUST-01456,2025-07-26,Paid Search,109.99
ORD-004129,CUST-01456,2025-08-23,Paid Search,153.88
ORD-004130,CUST-01456,2025-09-16,Paid Search,141.87
ORD-004131,CUST-01457,2025-06-04,Paid Social,96.32
ORD-004132,CUST-01457,2025-11-06,Paid Social,98.6
ORD-004133,CUST-01458,2025-01-21,Paid Search,76.24
ORD-004134,CUST-01458,2025-04-04,Paid Search,132.3
ORD-004135,CUST-01458,2025-05-17,Paid Search,81.19
ORD-004136,CUST-01458,2025-11-13,Paid Search,71.5
ORD-004137,CUST-01458,2025-07-04,Paid Search,123.6
ORD-004138,CUST-01459,2025-04-21,Paid Search,91.44
ORD-004139,CUST-01459,2025-05-31,Paid Search,113.19
ORD-004140,CUST-01459,2025-05-05,Paid Search,73.72
ORD-004141,CUST-01459,2025-08-01,Paid Search,55.53
ORD-004142,CUST-01459,2025-06-26,Paid Search,153.45
ORD-004143,CUST-01460,2025-06-20,Paid Search,71.03
ORD-004144,CUST-01460,2025-06-20,Paid Search,77.57
ORD-004145,CUST-01460,2025-07-05,Paid Search,94.77
ORD-004146,CUST-01461,2025-03-31,Organic Social,91.86
ORD-004147,CUST-01461,2025-05-22,Organic Social,79.61
ORD-004148,CUST-01461,2025-08-21,Organic Social,62.29
ORD-004149,CUST-01461,2025-11-12,Organic Social,59.58
ORD-004150,CUST-01462,2025-06-18,Affiliate,135.44
ORD-004151,CUST-01462,2025-06-24,Affiliate,93.63
ORD-004152,CUST-01463,2025-10-13,Paid Search,97.33
ORD-004153,CUST-01463,2025-10-22,Paid Search,97.88
ORD-004154,CUST-01464,2025-06-07,Paid Social,84.76
ORD-004155,CUST-01465,2025-02-21,Paid Social,94.38
ORD-004156,CUST-01465,2025-05-09,Paid Social,48.52
ORD-004157,CUST-01465,2025-03-01,Paid Social,101.69
ORD-004158,CUST-01465,2025-07-05,Paid Social,109.0
ORD-004159,CUST-01466,2025-02-21,Paid Search,73.9
ORD-004160,CUST-01466,2025-03-02,Paid Search,83.64
ORD-004161,CUST-01467,2025-10-15,Email,110.41
ORD-004162,CUST-01467,2025-12-08,Email,122.35
ORD-004163,CUST-01467,2025-11-21,Email,71.79
ORD-004164,CUST-01468,2025-02-26,Email,86.63
ORD-004165,CUST-01468,2025-06-30,Email,59.52
ORD-004166,CUST-01469,2025-08-08,Paid Social,93.38
ORD-004167,CUST-01469,2025-10-28,Paid Social,74.81
ORD-004168,CUST-01469,2025-08-25,Paid Social,60.15
ORD-004169,CUST-01469,2025-08-23,Paid Social,89.95
ORD-004170,CUST-01470,2025-03-22,Affiliate,67.0
ORD-004171,CUST-01471,2025-05-11,Email,92.09
ORD-004172,CUST-01471,2025-05-16,Email,113.72
ORD-004173,CUST-01472,2025-01-16,Paid Search,81.53
ORD-004174,CUST-01472,2025-03-24,Paid Search,76.64
ORD-004175,CUST-01473,2025-01-13,Paid Social,81.01
ORD-004176,CUST-01473,2025-03-13,Paid Social,66.52
ORD-004177,CUST-01474,2025-09-14,Paid Search,90.66
ORD-004178,CUST-01474,2025-10-23,Paid Search,120.17
ORD-004179,CUST-01474,2025-09-21,Paid Search,91.35
ORD-004180,CUST-01475,2025-05-05,Email,127.29
ORD-004181,CUST-01475,2025-06-11,Email,54.64
ORD-004182,CUST-01475,2025-06-01,Email,110.24
ORD-004183,CUST-01475,2025-05-12,Email,88.58
ORD-004184,CUST-01476,2025-06-14,Email,57.21
ORD-004185,CUST-01476,2025-06-17,Email,63.6
ORD-004186,CUST-01476,2025-06-17,Email,78.94
ORD-004187,CUST-01476,2025-12-22,Email,58.52
ORD-004188,CUST-01477,2025-10-06,Affiliate,116.95
ORD-004189,CUST-01477,2025-10-31,Affiliate,128.54
ORD-004190,CUST-01477,2025-10-25,Affiliate,151.32
ORD-004191,CUST-01477,2025-10-12,Affiliate,77.02
ORD-004192,CUST-01478,2025-01-28,Affiliate,70.27
ORD-004193,CUST-01478,2025-01-30,Affiliate,91.45
ORD-004194,CUST-01479,2025-09-18,Affiliate,97.34
ORD-004195,CUST-01479,2025-10-02,Affiliate,113.7
ORD-004196,CUST-01480,2025-04-19,Email,64.47
ORD-004197,CUST-01481,2025-02-13,Email,50.24
ORD-004198,CUST-01481,2025-04-14,Email,74.64
ORD-004199,CUST-01481,2025-05-05,Email,49.4
ORD-004200,CUST-01481,2025-03-16,Email,110.61
ORD-004201,CUST-01482,2025-03-03,Affiliate,176.66
ORD-004202,CUST-01482,2025-03-17,Affiliate,97.82
ORD-004203,CUST-01482,2025-03-07,Affiliate,92.9
ORD-004204,CUST-01483,2025-01-09,Paid Search,133.35
ORD-004205,CUST-01483,2025-02-09,Paid Search,99.75
ORD-004206,CUST-01483,2025-04-04,Paid Search,152.79
ORD-004207,CUST-01483,2025-05-30,Paid Search,122.18
ORD-004208,CUST-01484,2025-01-16,Paid Social,48.29
ORD-004209,CUST-01484,2025-04-03,Paid Social,122.57
ORD-004210,CUST-01484,2025-02-24,Paid Social,40.37
ORD-004211,CUST-01484,2025-05-19,Paid Social,80.27
ORD-004212,CUST-01485,2025-06-08,Paid Search,69.75
ORD-004213,CUST-01485,2025-06-17,Paid Search,111.76
ORD-004214,CUST-01485,2025-06-19,Paid Search,92.43
ORD-004215,CUST-01486,2025-01-17,Paid Social,99.42
ORD-004216,CUST-01486,2025-04-19,Paid Social,53.65
ORD-004217,CUST-01487,2025-08-20,Affiliate,90.33
ORD-004218,CUST-01487,2025-12-30,Affiliate,118.41
ORD-004219,CUST-01488,2025-03-12,Paid Search,128.69
ORD-004220,CUST-01488,2025-03-13,Paid Search,78.75
ORD-004221,CUST-01489,2025-09-10,Display,58.03
ORD-004222,CUST-01489,2025-09-10,Display,46.51
ORD-004223,CUST-01490,2025-01-06,Paid Social,84.09
ORD-004224,CUST-01490,2025-04-02,Paid Social,59.92
ORD-004225,CUST-01490,2025-07-07,Paid Social,90.51
ORD-004226,CUST-01490,2025-01-19,Paid Social,82.14
ORD-004227,CUST-01491,2025-04-04,Organic Social,70.94
ORD-004228,CUST-01491,2025-04-21,Organic Social,78.63
ORD-004229,CUST-01491,2025-04-19,Organic Social,73.35
ORD-004230,CUST-01491,2025-05-26,Organic Social,71.31
ORD-004231,CUST-01492,2025-02-06,Email,61.26
ORD-004232,CUST-01492,2025-02-07,Email,124.13
ORD-004233,CUST-01492,2025-06-01,Email,101.27
ORD-004234,CUST-01492,2025-12-12,Email,162.81
ORD-004235,CUST-01493,2025-03-11,Organic Social,59.65
ORD-004236,CUST-01493,2025-04-23,Organic Social,47.97
ORD-004237,CUST-01494,2025-01-03,Paid Search,127.5
ORD-004238,CUST-01494,2025-01-30,Paid Search,129.42
ORD-004239,CUST-01494,2025-05-08,Paid Search,126.01
ORD-004240,CUST-01495,2025-09-13,Organic Social,112.68
ORD-004241,CUST-01495,2025-09-23,Organic Social,60.16
ORD-004242,CUST-01495,2025-10-16,Organic Social,68.76
ORD-004243,CUST-01495,2025-11-16,Organic Social,63.37
ORD-004244,CUST-01496,2025-03-14,Paid Social,58.65
ORD-004245,CUST-01496,2025-05-15,Paid Social,105.08
ORD-004246,CUST-01496,2025-03-23,Paid Social,124.67
ORD-004247,CUST-01496,2025-03-31,Paid Social,70.83
ORD-004248,CUST-01497,2025-01-23,Email,86.85
ORD-004249,CUST-01497,2025-05-24,Email,65.05
ORD-004250,CUST-01497,2025-03-22,Email,130.29
ORD-004251,CUST-01498,2025-01-23,Paid Search,135.1
ORD-004252,CUST-01499,2025-07-14,Display,36.77
ORD-004253,CUST-01499,2025-07-18,Display,83.15
ORD-004254,CUST-01499,2025-07-30,Display,89.94
ORD-004255,CUST-01499,2025-12-20,Display,53.31
ORD-004256,CUST-01499,2025-08-03,Display,81.39
ORD-004257,CUST-01500,2025-06-10,Organic Social,47.26
ORD-004258,CUST-01500,2025-07-23,Organic Social,63.76
ORD-004259,CUST-01501,2025-01-02,Affiliate,108.59
ORD-004260,CUST-01501,2025-01-19,Affiliate,58.87
ORD-004261,CUST-01501,2025-03-07,Affiliate,135.05
ORD-004262,CUST-01501,2025-03-31,Affiliate,105.63
ORD-004263,CUST-01501,2025-07-28,Affiliate,54.03
ORD-004264,CUST-01501,2025-05-17,Affiliate,113.55
ORD-004265,CUST-01502,2025-09-17,Email,92.88
ORD-004266,CUST-01502,2025-11-06,Email,131.42
ORD-004267,CUST-01503,2025-07-14,Paid Social,91.73
ORD-004268,CUST-01503,2025-08-05,Paid Social,62.7
ORD-004269,CUST-01503,2025-08-13,Paid Social,76.72
ORD-004270,CUST-01503,2025-08-14,Paid Social,40.49
ORD-004271,CUST-01504,2025-05-11,Paid Social,55.49
ORD-004272,CUST-01504,2025-06-05,Paid Social,54.36
ORD-004273,CUST-01505,2025-01-19,Paid Social,37.63
ORD-004274,CUST-01505,2025-04-10,Paid Social,54.17
ORD-004275,CUST-01505,2025-07-07,Paid Social,86.4
ORD-004276,CUST-01505,2025-02-08,Paid Social,71.95
ORD-004277,CUST-01505,2025-04-26,Paid Social,61.65
ORD-004278,CUST-01506,2025-08-09,Paid Social,87.03
ORD-004279,CUST-01506,2025-10-24,Paid Social,99.24
ORD-004280,CUST-01507,2025-03-19,Affiliate,110.19
ORD-004281,CUST-01507,2025-03-31,Affiliate,100.0
ORD-004282,CUST-01507,2025-04-12,Affiliate,184.78
ORD-004283,CUST-01507,2025-09-30,Affiliate,103.57
ORD-004284,CUST-01508,2025-01-15,Affiliate,113.38
ORD-004285,CUST-01508,2025-03-27,Affiliate,87.1
ORD-004286,CUST-01509,2025-05-20,Organic Social,53.21
ORD-004287,CUST-01509,2025-06-03,Organic Social,52.51
ORD-004288,CUST-01509,2025-06-01,Organic Social,88.31
ORD-004289,CUST-01509,2025-08-15,Organic Social,52.96
ORD-004290,CUST-01510,2025-01-12,Paid Social,51.94
ORD-004291,CUST-01510,2025-03-13,Paid Social,70.87
ORD-004292,CUST-01510,2025-04-06,Paid Social,118.85
ORD-004293,CUST-01510,2025-03-29,Paid Social,65.45
ORD-004294,CUST-01511,2025-02-05,Email,55.85
ORD-004295,CUST-01511,2025-02-22,Email,64.97
ORD-004296,CUST-01511,2025-06-09,Email,137.44
ORD-004297,CUST-01511,2025-02-22,Email,53.27
ORD-004298,CUST-01511,2025-02-18,Email,74.22
ORD-004299,CUST-01511,2025-04-21,Email,83.5
ORD-004300,CUST-01511,2025-11-21,Email,107.02
ORD-004301,CUST-01512,2025-05-21,Email,125.14
ORD-004302,CUST-01512,2025-06-04,Email,122.11
ORD-004303,CUST-01512,2025-05-24,Email,43.5
ORD-004304,CUST-01512,2025-06-06,Email,61.59
ORD-004305,CUST-01513,2025-03-07,Email,64.94
ORD-004306,CUST-01513,2025-03-14,Email,125.4
ORD-004307,CUST-01513,2025-10-12,Email,104.72
ORD-004308,CUST-01514,2025-10-20,Paid Search,159.58
ORD-004309,CUST-01515,2025-04-08,Affiliate,101.34
ORD-004310,CUST-01515,2025-04-23,Affiliate,120.17
ORD-004311,CUST-01515,2025-07-31,Affiliate,128.98
ORD-004312,CUST-01515,2025-08-13,Affiliate,82.46
ORD-004313,CUST-01515,2025-12-04,Affiliate,65.85
ORD-004314,CUST-01515,2025-04-28,Affiliate,78.32
ORD-004315,CUST-01515,2025-07-19,Affiliate,116.14
ORD-004316,CUST-01516,2025-02-20,Paid Search,130.78
ORD-004317,CUST-01516,2025-05-05,Paid Search,78.9
ORD-004318,CUST-01517,2025-03-11,Paid Social,52.94
ORD-004319,CUST-01517,2025-03-21,Paid Social,117.86
ORD-004320,CUST-01517,2025-07-18,Paid Social,40.46
ORD-004321,CUST-01517,2025-03-25,Paid Social,87.87
ORD-004322,CUST-01518,2025-10-31,Affiliate,96.67
ORD-004323,CUST-01518,2025-12-13,Affiliate,128.88
ORD-004324,CUST-01519,2025-01-09,Organic Social,65.21
ORD-004325,CUST-01519,2025-03-06,Organic Social,85.83
ORD-004326,CUST-01520,2025-02-12,Affiliate,144.94
ORD-004327,CUST-01520,2025-05-01,Affiliate,78.11
ORD-004328,CUST-01521,2025-02-24,Paid Search,98.44
ORD-004329,CUST-01521,2025-03-31,Paid Search,90.77
ORD-004330,CUST-01521,2025-05-22,Paid Search,119.92
ORD-004331,CUST-01521,2025-09-22,Paid Search,107.25
ORD-004332,CUST-01521,2025-08-08,Paid Search,85.98
ORD-004333,CUST-01521,2025-03-30,Paid Search,72.59
ORD-004334,CUST-01522,2025-07-01,Paid Social,84.99
ORD-004335,CUST-01522,2025-10-02,Paid Social,129.05
ORD-004336,CUST-01523,2025-04-23,Paid Search,94.15
ORD-004337,CUST-01523,2025-05-15,Paid Search,95.39
ORD-004338,CUST-01523,2025-05-08,Paid Search,82.77
ORD-004339,CUST-01524,2025-08-23,Organic Social,61.13
ORD-004340,CUST-01525,2025-01-23,Paid Search,106.97
ORD-004341,CUST-01525,2025-04-13,Paid Search,97.95
ORD-004342,CUST-01526,2025-06-21,Organic Social,47.83
ORD-004343,CUST-01526,2025-07-10,Organic Social,49.58
ORD-004344,CUST-01526,2025-10-24,Organic Social,65.13
ORD-004345,CUST-01526,2025-07-04,Organic Social,76.81
ORD-004346,CUST-01526,2025-07-09,Organic Social,59.81
ORD-004347,CUST-01527,2025-10-26,Organic Social,72.23
ORD-004348,CUST-01528,2025-04-02,Affiliate,150.83
ORD-004349,CUST-01528,2025-05-26,Affiliate,94.79
ORD-004350,CUST-01529,2025-10-05,Paid Search,55.5
ORD-004351,CUST-01529,2025-10-11,Paid Search,118.03
ORD-004352,CUST-01529,2025-12-14,Paid Search,121.77
ORD-004353,CUST-01529,2025-11-14,Paid Search,114.6
ORD-004354,CUST-01530,2025-07-30,Paid Search,160.21
ORD-004355,CUST-01530,2025-08-17,Paid Search,80.43
ORD-004356,CUST-01531,2025-03-24,Affiliate,78.83
ORD-004357,CUST-01531,2025-04-12,Affiliate,115.96
ORD-004358,CUST-01531,2025-07-16,Affiliate,89.9
ORD-004359,CUST-01531,2025-05-22,Affiliate,104.04
ORD-004360,CUST-01531,2025-03-26,Affiliate,152.0
ORD-004361,CUST-01532,2025-01-06,Affiliate,106.98
ORD-004362,CUST-01532,2025-01-08,Affiliate,158.25
ORD-004363,CUST-01532,2025-05-26,Affiliate,150.59
ORD-004364,CUST-01532,2025-10-13,Affiliate,52.68
ORD-004365,CUST-01532,2025-02-12,Affiliate,72.77
ORD-004366,CUST-01533,2025-10-28,Organic Social,118.59
ORD-004367,CUST-01533,2025-12-27,Organic Social,97.54
ORD-004368,CUST-01533,2025-11-09,Organic Social,82.64
ORD-004369,CUST-01534,2025-02-21,Paid Search,63.79
ORD-004370,CUST-01534,2025-02-21,Paid Search,138.49
ORD-004371,CUST-01534,2025-06-01,Paid Search,90.5
ORD-004372,CUST-01534,2025-09-05,Paid Search,91.27
ORD-004373,CUST-01535,2025-11-14,Display,71.73
ORD-004374,CUST-01535,2025-12-31,Display,62.15
ORD-004375,CUST-01536,2025-04-08,Paid Social,123.77
ORD-004376,CUST-01536,2025-07-25,Paid Social,93.0
ORD-004377,CUST-01537,2025-03-07,Paid Social,83.2
ORD-004378,CUST-01537,2025-03-21,Paid Social,55.33
ORD-004379,CUST-01537,2025-03-11,Paid Social,90.44
ORD-004380,CUST-01538,2025-04-26,Email,103.21
ORD-004381,CUST-01538,2025-05-14,Email,80.54
ORD-004382,CUST-01538,2025-05-23,Email,62.49
ORD-004383,CUST-01539,2025-08-07,Email,84.49
ORD-004384,CUST-01539,2025-08-10,Email,118.37
ORD-004385,CUST-01539,2025-09-06,Email,66.09
ORD-004386,CUST-01539,2025-09-04,Email,94.61
ORD-004387,CUST-01539,2025-08-17,Email,122.26
ORD-004388,CUST-01540,2025-06-15,Paid Search,68.24
ORD-004389,CUST-01540,2025-07-23,Paid Search,91.35
ORD-004390,CUST-01541,2025-04-11,Paid Search,95.91
ORD-004391,CUST-01541,2025-04-15,Paid Search,87.83
ORD-004392,CUST-01542,2025-02-08,Paid Social,69.33
ORD-004393,CUST-01542,2025-05-03,Paid Social,100.63
ORD-004394,CUST-01543,2025-06-17,Paid Social,87.36
ORD-004395,CUST-01543,2025-06-24,Paid Social,43.13
ORD-004396,CUST-01544,2025-02-27,Paid Social,100.39
ORD-004397,CUST-01544,2025-04-22,Paid Social,74.2
ORD-004398,CUST-01544,2025-03-13,Paid Social,88.65
ORD-004399,CUST-01545,2025-06-03,Paid Search,110.83
ORD-004400,CUST-01545,2025-08-08,Paid Search,111.61
ORD-004401,CUST-01545,2025-07-11,Paid Search,69.84
ORD-004402,CUST-01546,2025-07-20,Organic Social,98.79
ORD-004403,CUST-01546,2025-07-30,Organic Social,83.62
ORD-004404,CUST-01547,2025-07-12,Affiliate,73.31
ORD-004405,CUST-01547,2025-08-01,Affiliate,62.36
ORD-004406,CUST-01548,2025-06-06,Affiliate,87.54
ORD-004407,CUST-01548,2025-08-02,Affiliate,100.6
ORD-004408,CUST-01548,2025-09-13,Affiliate,108.31
ORD-004409,CUST-01548,2025-09-30,Affiliate,86.7
ORD-004410,CUST-01549,2025-05-14,Paid Search,120.14
ORD-004411,CUST-01549,2025-07-10,Paid Search,113.81
ORD-004412,CUST-01550,2025-11-14,Paid Search,80.94
ORD-004413,CUST-01550,2025-11-26,Paid Search,135.35
ORD-004414,CUST-01550,2025-12-11,Paid Search,93.54
ORD-004415,CUST-01550,2025-11-20,Paid Search,79.98
ORD-004416,CUST-01551,2025-11-17,Affiliate,131.92
ORD-004417,CUST-01551,2025-12-16,Affiliate,102.56
ORD-004418,CUST-01552,2025-01-30,Paid Search,81.44
ORD-004419,CUST-01552,2025-04-10,Paid Search,92.08
ORD-004420,CUST-01552,2025-05-23,Paid Search,45.22
ORD-004421,CUST-01553,2025-02-22,Paid Social,102.88
ORD-004422,CUST-01554,2025-09-07,Paid Search,127.88
ORD-004423,CUST-01554,2025-11-27,Paid Search,102.47
ORD-004424,CUST-01555,2025-09-03,Paid Social,85.83
ORD-004425,CUST-01555,2025-09-18,Paid Social,94.66
ORD-004426,CUST-01555,2025-10-17,Paid Social,64.78
ORD-004427,CUST-01556,2025-01-16,Affiliate,120.72
ORD-004428,CUST-01556,2025-01-30,Affiliate,86.97
ORD-004429,CUST-01556,2025-04-19,Affiliate,93.89
ORD-004430,CUST-01556,2025-07-12,Affiliate,126.76
ORD-004431,CUST-01557,2025-05-22,Affiliate,65.23
ORD-004432,CUST-01557,2025-11-05,Affiliate,138.97
ORD-004433,CUST-01557,2025-12-30,Affiliate,145.04
ORD-004434,CUST-01558,2025-10-29,Organic Social,43.26
ORD-004435,CUST-01558,2025-11-30,Organic Social,65.94
ORD-004436,CUST-01559,2025-03-17,Organic Social,67.53
ORD-004437,CUST-01559,2025-07-03,Organic Social,59.4
ORD-004438,CUST-01559,2025-04-26,Organic Social,116.79
ORD-004439,CUST-01559,2025-08-26,Organic Social,101.62
ORD-004440,CUST-01560,2025-04-07,Display,78.48
ORD-004441,CUST-01560,2025-04-10,Display,83.33
ORD-004442,CUST-01561,2025-11-07,Paid Social,71.57
ORD-004443,CUST-01561,2025-11-22,Paid Social,71.35
ORD-004444,CUST-01562,2025-09-12,Paid Search,93.97
ORD-004445,CUST-01562,2025-12-05,Paid Search,116.72
ORD-004446,CUST-01563,2025-08-16,Email,90.48
ORD-004447,CUST-01563,2025-11-05,Email,72.69
ORD-004448,CUST-01564,2025-02-02,Paid Search,142.53
ORD-004449,CUST-01564,2025-04-05,Paid Search,82.68
ORD-004450,CUST-01564,2025-03-01,Paid Search,138.58
ORD-004451,CUST-01565,2025-02-24,Affiliate,187.49
ORD-004452,CUST-01565,2025-03-07,Affiliate,81.86
ORD-004453,CUST-01565,2025-04-29,Affiliate,120.74
ORD-004454,CUST-01565,2025-03-09,Affiliate,103.7
ORD-004455,CUST-01565,2025-04-15,Affiliate,60.61
ORD-004456,CUST-01566,2025-08-26,Email,109.36
ORD-004457,CUST-01566,2025-09-04,Email,135.09
ORD-004458,CUST-01566,2025-12-21,Email,108.46
ORD-004459,CUST-01566,2025-10-17,Email,90.56
ORD-004460,CUST-01567,2025-03-22,Display,108.68
ORD-004461,CUST-01567,2025-03-28,Display,86.76
ORD-004462,CUST-01567,2025-05-30,Display,60.8
ORD-004463,CUST-01568,2025-07-03,Display,106.17
ORD-004464,CUST-01568,2025-07-04,Display,58.46
ORD-004465,CUST-01569,2025-08-13,Paid Social,53.34
ORD-004466,CUST-01569,2025-09-05,Paid Social,50.68
ORD-004467,CUST-01570,2025-11-13,Display,65.72
ORD-004468,CUST-01570,2025-11-13,Display,49.26
ORD-004469,CUST-01571,2025-09-26,Affiliate,70.77
ORD-004470,CUST-01571,2025-10-11,Affiliate,127.46
ORD-004471,CUST-01572,2025-01-02,Display,136.43
ORD-004472,CUST-01572,2025-02-10,Display,105.28
ORD-004473,CUST-01572,2025-01-15,Display,48.38
ORD-004474,CUST-01572,2025-02-24,Display,98.21
ORD-004475,CUST-01572,2025-01-17,Display,81.04
ORD-004476,CUST-01573,2025-01-02,Affiliate,123.79
ORD-004477,CUST-01573,2025-01-17,Affiliate,136.15
ORD-004478,CUST-01574,2025-05-13,Paid Social,44.53
ORD-004479,CUST-01574,2025-05-27,Paid Social,50.9
ORD-004480,CUST-01574,2025-05-22,Paid Social,87.69
ORD-004481,CUST-01575,2025-06-26,Organic Social,90.79
ORD-004482,CUST-01575,2025-08-09,Organic Social,75.04
ORD-004483,CUST-01575,2025-12-09,Organic Social,63.08
ORD-004484,CUST-01575,2025-10-22,Organic Social,37.28
ORD-004485,CUST-01576,2025-07-17,Paid Social,100.37
ORD-004486,CUST-01576,2025-07-28,Paid Social,81.52
ORD-004487,CUST-01576,2025-07-17,Paid Social,46.87
ORD-004488,CUST-01577,2025-08-04,Affiliate,94.92
ORD-004489,CUST-01577,2025-08-13,Affiliate,102.42
ORD-004490,CUST-01577,2025-09-14,Affiliate,93.22
ORD-004491,CUST-01578,2025-02-02,Affiliate,72.37
ORD-004492,CUST-01578,2025-04-22,Affiliate,70.42
ORD-004493,CUST-01578,2025-08-12,Affiliate,136.96
ORD-004494,CUST-01578,2025-11-23,Affiliate,144.62
ORD-004495,CUST-01579,2025-10-11,Paid Search,109.38
ORD-004496,CUST-01579,2025-12-08,Paid Search,78.92
ORD-004497,CUST-01579,2025-10-22,Paid Search,71.58
ORD-004498,CUST-01580,2025-06-29,Organic Social,60.35
ORD-004499,CUST-01581,2025-02-09,Organic Social,123.19
ORD-004500,CUST-01581,2025-02-16,Organic Social,62.85
ORD-004501,CUST-01581,2025-03-02,Organic Social,48.97
ORD-004502,CUST-01581,2025-09-16,Organic Social,61.8
ORD-004503,CUST-01582,2025-03-28,Email,136.48
ORD-004504,CUST-01582,2025-04-05,Email,39.02
ORD-004505,CUST-01582,2025-07-19,Email,126.61
ORD-004506,CUST-01583,2025-06-09,Affiliate,99.57
ORD-004507,CUST-01583,2025-06-12,Affiliate,72.36
ORD-004508,CUST-01583,2025-07-03,Affiliate,137.17
ORD-004509,CUST-01583,2025-09-21,Affiliate,134.65
ORD-004510,CUST-01584,2025-03-10,Organic Social,59.03
ORD-004511,CUST-01585,2025-11-22,Paid Search,116.13
ORD-004512,CUST-01585,2025-11-29,Paid Search,74.18
ORD-004513,CUST-01586,2025-11-20,Organic Social,100.42
ORD-004514,CUST-01586,2025-12-09,Organic Social,92.49
ORD-004515,CUST-01586,2025-12-16,Organic Social,74.22
ORD-004516,CUST-01587,2025-10-25,Email,97.95
ORD-004517,CUST-01587,2025-11-08,Email,51.84
ORD-004518,CUST-01588,2025-09-11,Affiliate,103.34
ORD-004519,CUST-01588,2025-10-17,Affiliate,99.45
ORD-004520,CUST-01588,2025-12-26,Affiliate,98.87
ORD-004521,CUST-01588,2025-12-18,Affiliate,99.83
ORD-004522,CUST-01588,2025-11-06,Affiliate,83.33
ORD-004523,CUST-01589,2025-06-16,Email,51.62
ORD-004524,CUST-01589,2025-07-20,Email,89.43
ORD-004525,CUST-01590,2025-08-06,Email,78.73
ORD-004526,CUST-01590,2025-12-16,Email,67.66
ORD-004527,CUST-01590,2025-08-30,Email,114.14
ORD-004528,CUST-01590,2025-10-17,Email,85.68
ORD-004529,CUST-01590,2025-10-04,Email,94.38
ORD-004530,CUST-01591,2025-03-26,Affiliate,104.62
ORD-004531,CUST-01591,2025-07-08,Affiliate,95.65
ORD-004532,CUST-01592,2025-10-03,Paid Social,58.04
ORD-004533,CUST-01592,2025-10-29,Paid Social,52.3
ORD-004534,CUST-01593,2025-04-29,Paid Social,92.62
ORD-004535,CUST-01593,2025-05-07,Paid Social,86.6
ORD-004536,CUST-01593,2025-07-13,Paid Social,30.48
ORD-004537,CUST-01593,2025-09-07,Paid Social,80.56
ORD-004538,CUST-01593,2025-09-26,Paid Social,63.95
ORD-004539,CUST-01594,2025-05-01,Email,81.12
ORD-004540,CUST-01594,2025-06-26,Email,49.39
ORD-004541,CUST-01594,2025-05-06,Email,110.06
ORD-004542,CUST-01595,2025-02-21,Paid Social,112.17
ORD-004543,CUST-01595,2025-03-15,Paid Social,60.06
ORD-004544,CUST-01595,2025-08-17,Paid Social,84.7
ORD-004545,CUST-01596,2025-03-11,Paid Social,83.55
ORD-004546,CUST-01597,2025-05-20,Paid Search,84.36
ORD-004547,CUST-01597,2025-05-24,Paid Search,55.01
ORD-004548,CUST-01597,2025-09-10,Paid Search,56.32
ORD-004549,CUST-01597,2025-10-30,Paid Search,147.27
ORD-004550,CUST-01598,2025-07-06,Paid Social,88.3
ORD-004551,CUST-01598,2025-10-20,Paid Social,55.65
ORD-004552,CUST-01598,2025-10-19,Paid Social,64.96
ORD-004553,CUST-01598,2025-08-14,Paid Social,71.3
ORD-004554,CUST-01598,2025-07-31,Paid Social,55.97
ORD-004555,CUST-01598,2025-09-28,Paid Social,91.56
ORD-004556,CUST-01599,2025-02-27,Paid Search,135.87
ORD-004557,CUST-01599,2025-09-11,Paid Search,98.86
ORD-004558,CUST-01599,2025-05-11,Paid Search,118.23
ORD-004559,CUST-01599,2025-04-18,Paid Search,123.75
ORD-004560,CUST-01599,2025-04-16,Paid Search,119.96
ORD-004561,CUST-01600,2025-10-15,Paid Social,68.31
ORD-004562,CUST-01600,2025-11-07,Paid Social,52.82
ORD-004563,CUST-01601,2025-09-06,Email,89.29
ORD-004564,CUST-01601,2025-11-24,Email,73.26
ORD-004565,CUST-01601,2025-09-30,Email,99.75
ORD-004566,CUST-01602,2025-06-16,Email,109.44
ORD-004567,CUST-01602,2025-07-28,Email,51.06
ORD-004568,CUST-01602,2025-07-16,Email,97.54
ORD-004569,CUST-01603,2025-07-16,Paid Search,63.89
ORD-004570,CUST-01604,2025-10-19,Paid Search,83.84
ORD-004571,CUST-01604,2025-12-14,Paid Search,86.51
ORD-004572,CUST-01605,2025-01-13,Display,51.89
ORD-004573,CUST-01605,2025-06-22,Display,51.84
ORD-004574,CUST-01605,2025-05-26,Display,71.78
ORD-004575,CUST-01605,2025-07-07,Display,49.94
ORD-004576,CUST-01606,2025-06-11,Email,41.98
ORD-004577,CUST-01607,2025-08-12,Paid Social,53.71
ORD-004578,CUST-01608,2025-03-30,Paid Search,56.4
ORD-004579,CUST-01608,2025-04-23,Paid Search,124.58
ORD-004580,CUST-01608,2025-06-02,Paid Search,53.46
ORD-004581,CUST-01608,2025-09-26,Paid Search,66.28
ORD-004582,CUST-01609,2025-04-06,Paid Social,66.87
ORD-004583,CUST-01609,2025-04-22,Paid Social,64.39
ORD-004584,CUST-01609,2025-04-07,Paid Social,70.79
ORD-004585,CUST-01609,2025-06-07,Paid Social,82.93
ORD-004586,CUST-01609,2025-04-27,Paid Social,81.55
ORD-004587,CUST-01610,2025-10-07,Affiliate,150.19
ORD-004588,CUST-01611,2025-10-15,Email,135.05
ORD-004589,CUST-01611,2025-10-24,Email,111.25
ORD-004590,CUST-01612,2025-06-27,Paid Search,120.46
ORD-004591,CUST-01612,2025-07-20,Paid Search,100.82
ORD-004592,CUST-01612,2025-08-19,Paid Search,82.58
ORD-004593,CUST-01613,2025-06-22,Paid Social,79.94
ORD-004594,CUST-01613,2025-06-25,Paid Social,94.41
ORD-004595,CUST-01614,2025-04-10,Organic Social,53.27
ORD-004596,CUST-01614,2025-04-28,Organic Social,89.24
ORD-004597,CUST-01614,2025-10-28,Organic Social,62.67
ORD-004598,CUST-01615,2025-11-24,Email,63.93
ORD-004599,CUST-01615,2025-12-28,Email,107.2
ORD-004600,CUST-01615,2025-12-26,Email,88.91
ORD-004601,CUST-01615,2025-12-21,Email,63.63
ORD-004602,CUST-01616,2025-02-06,Paid Search,41.14
ORD-004603,CUST-01616,2025-03-02,Paid Search,114.92
ORD-004604,CUST-01616,2025-02-21,Paid Search,84.64
ORD-004605,CUST-01617,2025-04-08,Organic Social,37.79
ORD-004606,CUST-01617,2025-04-15,Organic Social,72.89
ORD-004607,CUST-01617,2025-08-02,Organic Social,65.7
ORD-004608,CUST-01618,2025-05-21,Paid Social,84.34
ORD-004609,CUST-01618,2025-06-30,Paid Social,106.25
ORD-004610,CUST-01618,2025-10-08,Paid Social,105.46
ORD-004611,CUST-01618,2025-06-04,Paid Social,113.75
ORD-004612,CUST-01618,2025-09-28,Paid Social,63.29
ORD-004613,CUST-01619,2025-08-22,Display,90.95
ORD-004614,CUST-01619,2025-11-23,Display,72.53
ORD-004615,CUST-01619,2025-10-13,Display,39.38
ORD-004616,CUST-01619,2025-08-28,Display,98.34
ORD-004617,CUST-01620,2025-01-28,Paid Search,121.18
ORD-004618,CUST-01620,2025-04-12,Paid Search,94.82
ORD-004619,CUST-01620,2025-09-12,Paid Search,74.14
ORD-004620,CUST-01620,2025-01-28,Paid Search,78.19
ORD-004621,CUST-01621,2025-10-24,Paid Search,138.91
ORD-004622,CUST-01621,2025-12-23,Paid Search,104.29
ORD-004623,CUST-01622,2025-08-10,Email,80.03
ORD-004624,CUST-01622,2025-08-13,Email,94.37
ORD-004625,CUST-01622,2025-09-03,Email,61.52
ORD-004626,CUST-01623,2025-08-28,Paid Search,101.75
ORD-004627,CUST-01623,2025-10-05,Paid Search,78.01
ORD-004628,CUST-01624,2025-09-01,Paid Search,137.88
ORD-004629,CUST-01624,2025-09-02,Paid Search,107.43
ORD-004630,CUST-01625,2025-06-18,Organic Social,88.47
ORD-004631,CUST-01625,2025-06-25,Organic Social,68.62
ORD-004632,CUST-01625,2025-09-11,Organic Social,69.71
ORD-004633,CUST-01625,2025-07-26,Organic Social,44.05
ORD-004634,CUST-01626,2025-05-17,Paid Search,120.09
ORD-004635,CUST-01626,2025-07-05,Paid Search,81.39
ORD-004636,CUST-01626,2025-06-15,Paid Search,96.99
ORD-004637,CUST-01627,2025-10-20,Display,53.81
ORD-004638,CUST-01627,2025-10-26,Display,82.03
ORD-004639,CUST-01627,2025-10-24,Display,48.55
ORD-004640,CUST-01628,2025-07-24,Paid Social,57.23
ORD-004641,CUST-01628,2025-08-23,Paid Social,84.69
ORD-004642,CUST-01628,2025-08-30,Paid Social,43.97
ORD-004643,CUST-01629,2025-01-26,Organic Social,58.26
ORD-004644,CUST-01629,2025-05-28,Organic Social,90.54
ORD-004645,CUST-01629,2025-02-21,Organic Social,52.53
ORD-004646,CUST-01630,2025-03-25,Organic Social,48.91
ORD-004647,CUST-01630,2025-05-02,Organic Social,60.61
ORD-004648,CUST-01630,2025-04-30,Organic Social,81.81
ORD-004649,CUST-01630,2025-04-27,Organic Social,61.27
ORD-004650,CUST-01631,2025-09-07,Paid Social,62.68
ORD-004651,CUST-01631,2025-12-19,Paid Social,66.67
ORD-004652,CUST-01632,2025-08-05,Email,66.58
ORD-004653,CUST-01632,2025-09-03,Email,88.23
ORD-004654,CUST-01633,2025-10-22,Affiliate,109.66
ORD-004655,CUST-01634,2025-09-08,Paid Search,147.89
ORD-004656,CUST-01634,2025-09-16,Paid Search,113.04
ORD-004657,CUST-01634,2025-11-20,Paid Search,160.33
ORD-004658,CUST-01635,2025-02-03,Display,139.82
ORD-004659,CUST-01635,2025-06-17,Display,54.69
ORD-004660,CUST-01635,2025-03-03,Display,79.81
ORD-004661,CUST-01635,2025-02-15,Display,118.48
ORD-004662,CUST-01635,2025-05-26,Display,101.43
ORD-004663,CUST-01636,2025-03-22,Organic Social,48.9
ORD-004664,CUST-01636,2025-03-22,Organic Social,63.61
ORD-004665,CUST-01636,2025-05-25,Organic Social,87.83
ORD-004666,CUST-01637,2025-05-25,Paid Search,87.68
ORD-004667,CUST-01637,2025-06-16,Paid Search,92.94
ORD-004668,CUST-01638,2025-03-26,Affiliate,94.35
ORD-004669,CUST-01638,2025-04-06,Affiliate,81.91
ORD-004670,CUST-01638,2025-03-31,Affiliate,161.24
ORD-004671,CUST-01638,2025-04-03,Affiliate,168.56
ORD-004672,CUST-01639,2025-06-25,Paid Search,132.11
ORD-004673,CUST-01640,2025-05-21,Email,129.79
ORD-004674,CUST-01640,2025-10-20,Email,73.7
ORD-004675,CUST-01641,2025-04-13,Paid Social,79.31
ORD-004676,CUST-01641,2025-09-17,Paid Social,94.44
ORD-004677,CUST-01642,2025-07-30,Paid Social,56.84
ORD-004678,CUST-01643,2025-01-11,Paid Social,67.66
ORD-004679,CUST-01643,2025-02-20,Paid Social,111.38
ORD-004680,CUST-01643,2025-04-30,Paid Social,73.89
ORD-004681,CUST-01644,2025-09-27,Paid Search,78.08
ORD-004682,CUST-01645,2025-11-11,Display,84.02
ORD-004683,CUST-01645,2025-12-26,Display,120.72
ORD-004684,CUST-01645,2025-12-06,Display,96.27
ORD-004685,CUST-01646,2025-06-30,Paid Search,138.99
ORD-004686,CUST-01646,2025-08-04,Paid Search,129.05
ORD-004687,CUST-01646,2025-11-21,Paid Search,133.87
ORD-004688,CUST-01646,2025-07-14,Paid Search,127.11
ORD-004689,CUST-01647,2025-08-24,Paid Social,114.09
ORD-004690,CUST-01647,2025-09-01,Paid Social,101.92
ORD-004691,CUST-01647,2025-10-26,Paid Social,91.08
ORD-004692,CUST-01648,2025-03-30,Paid Search,145.32
ORD-004693,CUST-01648,2025-04-20,Paid Search,77.96
ORD-004694,CUST-01648,2025-07-06,Paid Search,109.76
ORD-004695,CUST-01649,2025-04-22,Paid Search,95.41
ORD-004696,CUST-01649,2025-06-19,Paid Search,134.16
ORD-004697,CUST-01649,2025-06-08,Paid Search,65.06
ORD-004698,CUST-01649,2025-05-02,Paid Search,112.89
ORD-004699,CUST-01650,2025-10-02,Email,123.06
ORD-004700,CUST-01650,2025-10-09,Email,79.73
ORD-004701,CUST-01650,2025-10-03,Email,88.21
ORD-004702,CUST-01651,2025-10-28,Paid Search,139.66
ORD-004703,CUST-01651,2025-10-28,Paid Search,106.47
ORD-004704,CUST-01651,2025-11-24,Paid Search,113.88
ORD-004705,CUST-01652,2025-07-30,Affiliate,89.9
ORD-004706,CUST-01652,2025-08-24,Affiliate,126.86
ORD-004707,CUST-01653,2025-03-18,Email,103.8
ORD-004708,CUST-01653,2025-09-15,Email,95.53
ORD-004709,CUST-01654,2025-11-21,Affiliate,147.58
ORD-004710,CUST-01654,2025-11-30,Affiliate,107.08
ORD-004711,CUST-01655,2025-10-05,Paid Search,92.39
ORD-004712,CUST-01655,2025-10-14,Paid Search,81.95
ORD-004713,CUST-01655,2025-10-15,Paid Search,143.86
ORD-004714,CUST-01655,2025-11-19,Paid Search,93.38
ORD-004715,CUST-01656,2025-06-14,Display,54.06
ORD-004716,CUST-01657,2025-02-16,Paid Social,85.45
ORD-004717,CUST-01657,2025-04-12,Paid Social,97.13
ORD-004718,CUST-01657,2025-03-14,Paid Social,86.75
ORD-004719,CUST-01657,2025-05-26,Paid Social,64.06
ORD-004720,CUST-01658,2025-06-04,Paid Search,96.85
ORD-004721,CUST-01658,2025-06-15,Paid Search,92.38
ORD-004722,CUST-01658,2025-07-25,Paid Search,81.61
ORD-004723,CUST-01659,2025-03-17,Display,139.53
ORD-004724,CUST-01660,2025-07-18,Display,63.31
ORD-004725,CUST-01660,2025-11-22,Display,58.41
ORD-004726,CUST-01661,2025-03-31,Paid Search,55.02
ORD-004727,CUST-01662,2025-03-23,Organic Social,108.6
ORD-004728,CUST-01662,2025-04-13,Organic Social,43.09
ORD-004729,CUST-01662,2025-04-08,Organic Social,96.89
ORD-004730,CUST-01663,2025-10-16,Display,50.91
ORD-004731,CUST-01663,2025-10-18,Display,50.32
ORD-004732,CUST-01663,2025-11-12,Display,100.95
ORD-004733,CUST-01664,2025-10-24,Paid Social,64.79
ORD-004734,CUST-01664,2025-11-21,Paid Social,77.28
ORD-004735,CUST-01665,2025-09-16,Paid Search,75.77
ORD-004736,CUST-01666,2025-02-13,Paid Social,77.5
ORD-004737,CUST-01666,2025-03-05,Paid Social,51.22
ORD-004738,CUST-01666,2025-03-13,Paid Social,104.97
ORD-004739,CUST-01666,2025-04-03,Paid Social,67.91
ORD-004740,CUST-01666,2025-08-08,Paid Social,104.7
ORD-004741,CUST-01667,2025-06-01,Paid Search,72.53
ORD-004742,CUST-01667,2025-07-03,Paid Search,53.24
ORD-004743,CUST-01668,2025-10-03,Paid Search,73.64
ORD-004744,CUST-01668,2025-11-08,Paid Search,81.94
ORD-004745,CUST-01669,2025-07-03,Paid Social,54.66
ORD-004746,CUST-01669,2025-07-05,Paid Social,39.05
ORD-004747,CUST-01670,2025-01-23,Paid Search,131.92
ORD-004748,CUST-01670,2025-01-28,Paid Search,83.69
ORD-004749,CUST-01670,2025-04-28,Paid Search,168.55
ORD-004750,CUST-01670,2025-12-23,Paid Search,59.4
ORD-004751,CUST-01670,2025-03-25,Paid Search,71.65
ORD-004752,CUST-01670,2025-02-14,Paid Search,114.19
ORD-004753,CUST-01671,2025-01-26,Paid Social,111.86
ORD-004754,CUST-01671,2025-01-29,Paid Social,88.7
ORD-004755,CUST-01671,2025-07-10,Paid Social,86.79
ORD-004756,CUST-01671,2025-03-12,Paid Social,78.23
ORD-004757,CUST-01672,2025-01-04,Paid Search,106.47
ORD-004758,CUST-01672,2025-04-07,Paid Search,84.42
ORD-004759,CUST-01672,2025-08-09,Paid Search,118.7
ORD-004760,CUST-01673,2025-04-01,Paid Search,83.65
ORD-004761,CUST-01673,2025-07-02,Paid Search,95.43
ORD-004762,CUST-01673,2025-08-09,Paid Search,127.86
ORD-004763,CUST-01674,2025-10-03,Paid Search,102.0
ORD-004764,CUST-01674,2025-10-26,Paid Search,99.92
ORD-004765,CUST-01674,2025-10-03,Paid Search,113.33
ORD-004766,CUST-01675,2025-01-19,Email,116.7
ORD-004767,CUST-01675,2025-01-21,Email,106.21
ORD-004768,CUST-01675,2025-02-22,Email,63.52
ORD-004769,CUST-01676,2025-11-12,Paid Social,46.44
ORD-004770,CUST-01677,2025-06-08,Display,74.6
ORD-004771,CUST-01678,2025-03-09,Organic Social,75.16
ORD-004772,CUST-01678,2025-03-21,Organic Social,120.89
ORD-004773,CUST-01679,2025-01-04,Paid Search,103.17
ORD-004774,CUST-01679,2025-01-26,Paid Search,90.89
ORD-004775,CUST-01679,2025-01-09,Paid Search,169.64
ORD-004776,CUST-01680,2025-11-16,Paid Search,68.25
ORD-004777,CUST-01681,2025-10-02,Display,103.46
ORD-004778,CUST-01681,2025-11-10,Display,87.52
ORD-004779,CUST-01681,2025-10-08,Display,34.77
ORD-004780,CUST-01681,2025-10-05,Display,58.19
ORD-004781,CUST-01682,2025-08-16,Paid Search,117.84
ORD-004782,CUST-01682,2025-08-24,Paid Search,125.58
ORD-004783,CUST-01683,2025-07-10,Paid Search,107.61
ORD-004784,CUST-01684,2025-07-27,Paid Search,125.28
ORD-004785,CUST-01684,2025-09-16,Paid Search,110.97
ORD-004786,CUST-01684,2025-11-28,Paid Search,139.87
ORD-004787,CUST-01685,2025-01-10,Paid Social,102.73
ORD-004788,CUST-01685,2025-02-22,Paid Social,89.53
ORD-004789,CUST-01685,2025-02-12,Paid Social,73.66
ORD-004790,CUST-01685,2025-04-25,Paid Social,65.72
ORD-004791,CUST-01686,2025-05-31,Paid Social,52.55
ORD-004792,CUST-01686,2025-07-19,Paid Social,78.33
ORD-004793,CUST-01686,2025-06-07,Paid Social,115.18
ORD-004794,CUST-01687,2025-03-28,Organic Social,92.27
ORD-004795,CUST-01687,2025-05-12,Organic Social,57.99
ORD-004796,CUST-01687,2025-05-28,Organic Social,43.32
ORD-004797,CUST-01687,2025-10-16,Organic Social,94.32
ORD-004798,CUST-01688,2025-02-05,Paid Social,95.18
ORD-004799,CUST-01688,2025-04-30,Paid Social,108.23
ORD-004800,CUST-01688,2025-03-11,Paid Social,76.88
ORD-004801,CUST-01688,2025-06-27,Paid Social,94.55
ORD-004802,CUST-01689,2025-07-25,Display,75.31
ORD-004803,CUST-01689,2025-08-04,Display,64.19
ORD-004804,CUST-01689,2025-09-21,Display,72.23
ORD-004805,CUST-01689,2025-11-02,Display,112.41
ORD-004806,CUST-01690,2025-06-13,Paid Social,57.7
ORD-004807,CUST-01690,2025-08-17,Paid Social,67.42
ORD-004808,CUST-01690,2025-08-10,Paid Social,47.92
ORD-004809,CUST-01690,2025-12-16,Paid Social,84.44
ORD-004810,CUST-01691,2025-09-11,Paid Search,131.88
ORD-004811,CUST-01692,2025-09-11,Paid Search,118.55
ORD-004812,CUST-01692,2025-10-31,Paid Search,78.82
ORD-004813,CUST-01692,2025-10-22,Paid Search,125.23
ORD-004814,CUST-01693,2025-05-08,Affiliate,65.49
ORD-004815,CUST-01693,2025-11-04,Affiliate,69.38
ORD-004816,CUST-01694,2025-03-17,Paid Search,63.48
ORD-004817,CUST-01694,2025-05-10,Paid Search,91.22
ORD-004818,CUST-01694,2025-04-09,Paid Search,110.29
ORD-004819,CUST-01695,2025-10-10,Paid Search,71.43
ORD-004820,CUST-01695,2025-11-22,Paid Search,98.65
ORD-004821,CUST-01695,2025-12-03,Paid Search,125.16
ORD-004822,CUST-01696,2025-06-02,Paid Search,121.45
ORD-004823,CUST-01696,2025-07-02,Paid Search,108.89
ORD-004824,CUST-01696,2025-07-11,Paid Search,77.39
ORD-004825,CUST-01696,2025-09-12,Paid Search,90.13
ORD-004826,CUST-01697,2025-03-06,Paid Search,74.69
ORD-004827,CUST-01697,2025-06-01,Paid Search,92.99
ORD-004828,CUST-01697,2025-07-07,Paid Search,74.96
ORD-004829,CUST-01698,2025-05-17,Paid Search,139.51
ORD-004830,CUST-01698,2025-06-02,Paid Search,63.2
ORD-004831,CUST-01699,2025-05-08,Email,62.01
ORD-004832,CUST-01699,2025-07-17,Email,120.46
ORD-004833,CUST-01699,2025-06-15,Email,79.37
ORD-004834,CUST-01699,2025-07-06,Email,151.28
ORD-004835,CUST-01700,2025-02-14,Paid Search,83.82
ORD-004836,CUST-01700,2025-05-10,Paid Search,79.3
ORD-004837,CUST-01700,2025-03-16,Paid Search,147.51
ORD-004838,CUST-01701,2025-08-15,Paid Social,56.5
ORD-004839,CUST-01701,2025-11-27,Paid Social,82.31
ORD-004840,CUST-01701,2025-09-02,Paid Social,63.41
ORD-004841,CUST-01702,2025-03-14,Affiliate,105.54
ORD-004842,CUST-01702,2025-08-23,Affiliate,87.93
ORD-004843,CUST-01703,2025-06-21,Affiliate,123.33
ORD-004844,CUST-01703,2025-08-14,Affiliate,76.07
ORD-004845,CUST-01704,2025-04-28,Paid Social,94.18
ORD-004846,CUST-01704,2025-05-13,Paid Social,80.37
ORD-004847,CUST-01704,2025-10-18,Paid Social,71.78
ORD-004848,CUST-01705,2025-08-19,Email,45.52
ORD-004849,CUST-01705,2025-08-22,Email,113.8
ORD-004850,CUST-01706,2025-01-11,Paid Search,141.01
ORD-004851,CUST-01706,2025-03-05,Paid Search,148.45
ORD-004852,CUST-01706,2025-04-27,Paid Search,132.65
ORD-004853,CUST-01706,2025-05-08,Paid Search,141.1
ORD-004854,CUST-01706,2025-03-31,Paid Search,38.78
ORD-004855,CUST-01707,2025-03-19,Display,75.55
ORD-004856,CUST-01707,2025-03-24,Display,79.38
ORD-004857,CUST-01707,2025-05-17,Display,52.27
ORD-004858,CUST-01708,2025-08-21,Paid Social,82.14
ORD-004859,CUST-01708,2025-09-12,Paid Social,81.21
ORD-004860,CUST-01708,2025-10-24,Paid Social,70.4
ORD-004861,CUST-01709,2025-05-29,Email,84.27
ORD-004862,CUST-01710,2025-03-20,Email,103.78
ORD-004863,CUST-01710,2025-05-08,Email,111.61
ORD-004864,CUST-01711,2025-05-10,Paid Social,79.77
ORD-004865,CUST-01711,2025-06-11,Paid Social,66.79
ORD-004866,CUST-01712,2025-10-07,Email,108.35
ORD-004867,CUST-01712,2025-10-27,Email,124.86
ORD-004868,CUST-01713,2025-11-13,Paid Social,61.23
ORD-004869,CUST-01714,2025-09-03,Paid Social,89.26
ORD-004870,CUST-01714,2025-09-08,Paid Social,61.74
ORD-004871,CUST-01714,2025-12-28,Paid Social,53.11
ORD-004872,CUST-01715,2025-04-10,Display,65.6
ORD-004873,CUST-01715,2025-06-03,Display,68.62
ORD-004874,CUST-01715,2025-08-19,Display,137.5
ORD-004875,CUST-01715,2025-05-09,Display,118.66
ORD-004876,CUST-01716,2025-10-12,Paid Social,127.09
ORD-004877,CUST-01716,2025-11-11,Paid Social,80.96
ORD-004878,CUST-01716,2025-10-31,Paid Social,77.55
ORD-004879,CUST-01717,2025-01-20,Paid Search,104.95
ORD-004880,CUST-01717,2025-01-25,Paid Search,67.76
ORD-004881,CUST-01717,2025-04-15,Paid Search,151.46
ORD-004882,CUST-01717,2025-05-12,Paid Search,96.13
ORD-004883,CUST-01718,2025-08-10,Email,103.31
ORD-004884,CUST-01718,2025-11-25,Email,62.23
ORD-004885,CUST-01719,2025-06-05,Organic Social,54.1
ORD-004886,CUST-01719,2025-06-05,Organic Social,61.56
ORD-004887,CUST-01719,2025-09-28,Organic Social,88.1
ORD-004888,CUST-01720,2025-06-21,Paid Search,64.98
ORD-004889,CUST-01720,2025-10-08,Paid Search,86.58
ORD-004890,CUST-01721,2025-08-01,Affiliate,61.92
ORD-004891,CUST-01721,2025-08-31,Affiliate,121.43
ORD-004892,CUST-01722,2025-03-27,Paid Social,106.8
ORD-004893,CUST-01722,2025-07-01,Paid Social,60.7
ORD-004894,CUST-01723,2025-02-26,Email,125.39
ORD-004895,CUST-01723,2025-04-13,Email,72.62
ORD-004896,CUST-01723,2025-06-24,Email,124.35
ORD-004897,CUST-01723,2025-10-07,Email,117.96
ORD-004898,CUST-01724,2025-07-11,Affiliate,98.42
ORD-004899,CUST-01724,2025-08-25,Affiliate,65.64
ORD-004900,CUST-01724,2025-11-16,Affiliate,91.58
ORD-004901,CUST-01725,2025-01-14,Affiliate,135.57
ORD-004902,CUST-01725,2025-04-03,Affiliate,68.89
ORD-004903,CUST-01725,2025-03-16,Affiliate,140.48
ORD-004904,CUST-01725,2025-04-25,Affiliate,72.89
ORD-004905,CUST-01726,2025-11-19,Affiliate,135.2
ORD-004906,CUST-01726,2025-12-01,Affiliate,97.97
ORD-004907,CUST-01726,2025-12-19,Affiliate,68.4
ORD-004908,CUST-01726,2025-11-20,Affiliate,64.6
ORD-004909,CUST-01727,2025-08-06,Paid Search,72.77
ORD-004910,CUST-01727,2025-08-09,Paid Search,116.66
ORD-004911,CUST-01727,2025-11-02,Paid Search,88.14
ORD-004912,CUST-01727,2025-08-19,Paid Search,112.04
ORD-004913,CUST-01728,2025-10-17,Paid Search,80.21
ORD-004914,CUST-01728,2025-12-01,Paid Search,73.64
ORD-004915,CUST-01729,2025-05-02,Paid Social,74.25
ORD-004916,CUST-01729,2025-05-27,Paid Social,74.53
ORD-004917,CUST-01729,2025-05-31,Paid Social,72.01
ORD-004918,CUST-01729,2025-12-14,Paid Social,58.22
ORD-004919,CUST-01729,2025-05-13,Paid Social,92.4
ORD-004920,CUST-01729,2025-12-20,Paid Social,46.21
ORD-004921,CUST-01730,2025-08-29,Affiliate,95.3
ORD-004922,CUST-01730,2025-08-30,Affiliate,138.05
ORD-004923,CUST-01731,2025-09-19,Affiliate,167.23
ORD-004924,CUST-01731,2025-11-07,Affiliate,68.57
ORD-004925,CUST-01731,2025-10-16,Affiliate,103.61
ORD-004926,CUST-01732,2025-06-30,Paid Search,77.44
ORD-004927,CUST-01732,2025-09-02,Paid Search,105.69
ORD-004928,CUST-01732,2025-09-23,Paid Search,96.2
ORD-004929,CUST-01732,2025-11-27,Paid Search,137.38
ORD-004930,CUST-01732,2025-08-22,Paid Search,87.49
ORD-004931,CUST-01733,2025-11-21,Paid Search,84.94
ORD-004932,CUST-01733,2025-11-21,Paid Search,91.84
ORD-004933,CUST-01734,2025-05-03,Affiliate,66.69
ORD-004934,CUST-01734,2025-08-12,Affiliate,120.79
ORD-004935,CUST-01735,2025-01-09,Email,98.55
ORD-004936,CUST-01735,2025-01-11,Email,122.64
ORD-004937,CUST-01736,2025-04-13,Email,111.44
ORD-004938,CUST-01736,2025-08-05,Email,76.13
ORD-004939,CUST-01736,2025-04-22,Email,97.44
ORD-004940,CUST-01737,2025-05-07,Affiliate,102.45
ORD-004941,CUST-01737,2025-05-23,Affiliate,175.42
ORD-004942,CUST-01738,2025-09-04,Paid Search,103.0
ORD-004943,CUST-01738,2025-09-15,Paid Search,92.06
ORD-004944,CUST-01739,2025-06-10,Paid Search,94.33
ORD-004945,CUST-01739,2025-06-19,Paid Search,105.56
ORD-004946,CUST-01739,2025-06-13,Paid Search,70.36
ORD-004947,CUST-01739,2025-06-12,Paid Search,79.84
ORD-004948,CUST-01740,2025-05-01,Affiliate,109.1
ORD-004949,CUST-01740,2025-06-25,Affiliate,83.1
ORD-004950,CUST-01740,2025-10-08,Affiliate,74.39
ORD-004951,CUST-01741,2025-03-26,Paid Search,74.9
ORD-004952,CUST-01741,2025-04-01,Paid Search,125.11
ORD-004953,CUST-01741,2025-04-12,Paid Search,91.48
ORD-004954,CUST-01741,2025-09-27,Paid Search,51.38
ORD-004955,CUST-01742,2025-06-29,Paid Search,113.51
ORD-004956,CUST-01742,2025-09-15,Paid Search,137.85
ORD-004957,CUST-01742,2025-12-10,Paid Search,113.46
ORD-004958,CUST-01742,2025-09-20,Paid Search,105.19
ORD-004959,CUST-01742,2025-10-03,Paid Search,93.15
ORD-004960,CUST-01743,2025-04-04,Paid Search,99.95
ORD-004961,CUST-01743,2025-05-02,Paid Search,82.85
ORD-004962,CUST-01743,2025-05-06,Paid Search,97.56
ORD-004963,CUST-01743,2025-07-12,Paid Search,117.55
ORD-004964,CUST-01743,2025-06-04,Paid Search,98.7
ORD-004965,CUST-01743,2025-12-28,Paid Search,82.65
ORD-004966,CUST-01744,2025-06-18,Paid Social,73.8
ORD-004967,CUST-01744,2025-07-10,Paid Social,91.13
ORD-004968,CUST-01744,2025-07-15,Paid Social,45.41
ORD-004969,CUST-01745,2025-05-19,Paid Search,119.14
ORD-004970,CUST-01745,2025-06-14,Paid Search,100.57
ORD-004971,CUST-01746,2025-09-29,Display,91.05
ORD-004972,CUST-01746,2025-10-10,Display,121.53
ORD-004973,CUST-01746,2025-11-24,Display,66.56
ORD-004974,CUST-01747,2025-05-13,Organic Social,85.27
ORD-004975,CUST-01747,2025-06-13,Organic Social,48.09
ORD-004976,CUST-01747,2025-06-06,Organic Social,74.79
ORD-004977,CUST-01748,2025-04-12,Paid Search,85.41
ORD-004978,CUST-01748,2025-04-30,Paid Search,83.32
ORD-004979,CUST-01749,2025-02-13,Affiliate,140.08
ORD-004980,CUST-01749,2025-02-16,Affiliate,98.19
ORD-004981,CUST-01750,2025-06-22,Paid Search,104.34
ORD-004982,CUST-01750,2025-08-02,Paid Search,91.04
ORD-004983,CUST-01750,2025-10-15,Paid Search,113.33
ORD-004984,CUST-01750,2025-09-06,Paid Search,39.05
ORD-004985,CUST-01751,2025-02-15,Paid Search,114.14
ORD-004986,CUST-01751,2025-02-23,Paid Search,125.19
ORD-004987,CUST-01751,2025-05-06,Paid Search,101.13
ORD-004988,CUST-01751,2025-05-05,Paid Search,92.48
ORD-004989,CUST-01751,2025-04-24,Paid Search,83.09
ORD-004990,CUST-01752,2025-10-30,Paid Social,74.97
ORD-004991,CUST-01752,2025-11-16,Paid Social,56.69
ORD-004992,CUST-01753,2025-11-26,Organic Social,60.61
ORD-004993,CUST-01753,2025-12-07,Organic Social,57.74
ORD-004994,CUST-01754,2025-01-30,Organic Social,87.43
ORD-004995,CUST-01754,2025-03-12,Organic Social,79.63
ORD-004996,CUST-01754,2025-07-21,Organic Social,49.29
ORD-004997,CUST-01755,2025-02-08,Paid Search,84.05
ORD-004998,CUST-01755,2025-04-01,Paid Search,132.89
ORD-004999,CUST-01756,2025-05-22,Paid Search,77.5
ORD-005000,CUST-01756,2025-08-17,Paid Search,106.81
ORD-005001,CUST-01756,2025-07-04,Paid Search,69.43
ORD-005002,CUST-01757,2025-07-11,Organic Social,81.17
ORD-005003,CUST-01757,2025-07-16,Organic Social,53.28
ORD-005004,CUST-01757,2025-09-02,Organic Social,58.88
ORD-005005,CUST-01757,2025-11-12,Organic Social,56.79
ORD-005006,CUST-01758,2025-05-21,Paid Search,94.81
ORD-005007,CUST-01758,2025-05-23,Paid Search,65.38
ORD-005008,CUST-01758,2025-07-17,Paid Search,65.53
ORD-005009,CUST-01759,2025-07-19,Display,106.19
ORD-005010,CUST-01760,2025-01-08,Paid Search,102.16
ORD-005011,CUST-01760,2025-04-25,Paid Search,86.27
ORD-005012,CUST-01760,2025-12-06,Paid Search,86.5
ORD-005013,CUST-01761,2025-08-10,Email,47.4
ORD-005014,CUST-01761,2025-09-28,Email,132.75
ORD-005015,CUST-01761,2025-10-04,Email,82.1
ORD-005016,CUST-01762,2025-04-09,Paid Social,87.34
ORD-005017,CUST-01762,2025-04-27,Paid Social,87.7
ORD-005018,CUST-01762,2025-04-30,Paid Social,60.62
ORD-005019,CUST-01762,2025-04-17,Paid Social,82.68
ORD-005020,CUST-01762,2025-11-20,Paid Social,59.82
ORD-005021,CUST-01762,2025-11-01,Paid Social,70.71
ORD-005022,CUST-01763,2025-06-04,Paid Social,38.56
ORD-005023,CUST-01763,2025-08-04,Paid Social,60.01
ORD-005024,CUST-01763,2025-06-26,Paid Social,51.67
ORD-005025,CUST-01764,2025-04-05,Affiliate,72.88
ORD-005026,CUST-01764,2025-08-22,Affiliate,153.25
ORD-005027,CUST-01764,2025-04-07,Affiliate,84.6
ORD-005028,CUST-01764,2025-09-21,Affiliate,86.16
ORD-005029,CUST-01765,2025-06-19,Paid Search,77.59
ORD-005030,CUST-01765,2025-07-28,Paid Search,58.64
ORD-005031,CUST-01765,2025-07-28,Paid Search,67.14
ORD-005032,CUST-01765,2025-11-19,Paid Search,98.36
ORD-005033,CUST-01765,2025-11-20,Paid Search,70.14
ORD-005034,CUST-01766,2025-01-02,Paid Social,52.84
ORD-005035,CUST-01766,2025-01-25,Paid Social,73.13
ORD-005036,CUST-01766,2025-05-24,Paid Social,82.34
ORD-005037,CUST-01767,2025-09-11,Paid Social,55.19
ORD-005038,CUST-01767,2025-10-31,Paid Social,63.35
ORD-005039,CUST-01767,2025-11-19,Paid Social,88.01
ORD-005040,CUST-01767,2025-10-17,Paid Social,114.21
ORD-005041,CUST-01767,2025-12-06,Paid Social,79.44
ORD-005042,CUST-01768,2025-11-21,Paid Search,123.36
ORD-005043,CUST-01768,2025-11-25,Paid Search,125.36
ORD-005044,CUST-01768,2025-11-22,Paid Search,82.85
ORD-005045,CUST-01769,2025-01-06,Paid Search,138.09
ORD-005046,CUST-01769,2025-02-04,Paid Search,76.96
ORD-005047,CUST-01770,2025-10-03,Paid Search,78.41
ORD-005048,CUST-01770,2025-12-19,Paid Search,106.16
ORD-005049,CUST-01771,2025-01-08,Paid Search,55.21
ORD-005050,CUST-01771,2025-02-27,Paid Search,108.22
ORD-005051,CUST-01771,2025-02-18,Paid Search,165.05
ORD-005052,CUST-01771,2025-02-01,Paid Search,82.68
ORD-005053,CUST-01772,2025-05-16,Organic Social,87.25
ORD-005054,CUST-01772,2025-10-15,Organic Social,87.93
ORD-005055,CUST-01773,2025-03-06,Paid Social,63.61
ORD-005056,CUST-01773,2025-03-08,Paid Social,83.13
ORD-005057,CUST-01773,2025-03-14,Paid Social,90.13
ORD-005058,CUST-01774,2025-07-03,Paid Social,103.84
ORD-005059,CUST-01774,2025-08-17,Paid Social,125.81
ORD-005060,CUST-01775,2025-08-31,Display,38.77
ORD-005061,CUST-01775,2025-10-15,Display,87.43
ORD-005062,CUST-01776,2025-03-23,Display,93.03
ORD-005063,CUST-01776,2025-05-08,Display,107.1
ORD-005064,CUST-01777,2025-01-13,Paid Social,44.87
ORD-005065,CUST-01777,2025-01-17,Paid Social,80.06
ORD-005066,CUST-01777,2025-01-20,Paid Social,66.78
ORD-005067,CUST-01778,2025-11-09,Paid Social,92.38
ORD-005068,CUST-01779,2025-03-23,Paid Social,92.47
ORD-005069,CUST-01779,2025-04-18,Paid Social,80.68
ORD-005070,CUST-01779,2025-06-22,Paid Social,77.13
ORD-005071,CUST-01780,2025-10-01,Paid Search,106.48
ORD-005072,CUST-01780,2025-11-02,Paid Search,83.17
ORD-005073,CUST-01780,2025-12-09,Paid Search,123.54
ORD-005074,CUST-01781,2025-02-15,Affiliate,77.38
ORD-005075,CUST-01781,2025-03-11,Affiliate,121.08
ORD-005076,CUST-01781,2025-03-07,Affiliate,110.18
ORD-005077,CUST-01782,2025-05-27,Display,54.8
ORD-005078,CUST-01782,2025-06-20,Display,127.03
ORD-005079,CUST-01782,2025-06-21,Display,76.91
ORD-005080,CUST-01782,2025-08-16,Display,60.14
ORD-005081,CUST-01782,2025-11-08,Display,63.68
ORD-005082,CUST-01783,2025-01-30,Email,103.53
ORD-005083,CUST-01783,2025-05-03,Email,106.94
ORD-005084,CUST-01783,2025-03-21,Email,103.79
ORD-005085,CUST-01784,2025-05-21,Paid Social,64.14
ORD-005086,CUST-01784,2025-05-23,Paid Social,70.01
ORD-005087,CUST-01785,2025-09-17,Email,73.86
ORD-005088,CUST-01785,2025-12-15,Email,93.35
ORD-005089,CUST-01786,2025-02-06,Paid Social,40.93
ORD-005090,CUST-01786,2025-04-21,Paid Social,82.53
ORD-005091,CUST-01786,2025-08-15,Paid Social,43.32
ORD-005092,CUST-01786,2025-02-27,Paid Social,52.07
ORD-005093,CUST-01787,2025-09-16,Paid Search,125.75
ORD-005094,CUST-01787,2025-09-20,Paid Search,77.74
ORD-005095,CUST-01787,2025-09-16,Paid Search,81.87
ORD-005096,CUST-01788,2025-10-17,Paid Search,93.79
ORD-005097,CUST-01788,2025-10-30,Paid Search,89.54
ORD-005098,CUST-01789,2025-08-23,Affiliate,117.0
ORD-005099,CUST-01789,2025-11-03,Affiliate,122.72
ORD-005100,CUST-01789,2025-12-25,Affiliate,118.55
ORD-005101,CUST-01790,2025-11-03,Email,121.06
ORD-005102,CUST-01791,2025-05-22,Paid Search,64.8
ORD-005103,CUST-01791,2025-06-10,Paid Search,110.97
ORD-005104,CUST-01791,2025-06-24,Paid Search,53.69
ORD-005105,CUST-01791,2025-07-01,Paid Search,167.22
ORD-005106,CUST-01792,2025-03-04,Paid Social,77.23
ORD-005107,CUST-01792,2025-04-24,Paid Social,81.22
ORD-005108,CUST-01792,2025-04-19,Paid Social,51.74
ORD-005109,CUST-01793,2025-04-19,Paid Social,106.66
ORD-005110,CUST-01794,2025-03-12,Display,47.34
ORD-005111,CUST-01794,2025-08-09,Display,116.65
ORD-005112,CUST-01794,2025-04-07,Display,138.1
ORD-005113,CUST-01795,2025-08-09,Display,90.55
ORD-005114,CUST-01795,2025-10-15,Display,104.57
ORD-005115,CUST-01795,2025-09-12,Display,60.09
ORD-005116,CUST-01796,2025-02-01,Paid Social,56.49
ORD-005117,CUST-01796,2025-02-19,Paid Social,118.83
ORD-005118,CUST-01796,2025-02-14,Paid Social,69.84
ORD-005119,CUST-01797,2025-01-19,Organic Social,102.51
ORD-005120,CUST-01797,2025-07-04,Organic Social,60.91
ORD-005121,CUST-01798,2025-01-28,Affiliate,67.58
ORD-005122,CUST-01798,2025-05-09,Affiliate,69.08
ORD-005123,CUST-01799,2025-08-19,Affiliate,118.92
ORD-005124,CUST-01800,2025-10-21,Paid Social,53.97
ORD-005125,CUST-01800,2025-11-11,Paid Social,103.53
ORD-005126,CUST-01801,2025-06-08,Paid Social,72.78
ORD-005127,CUST-01801,2025-06-13,Paid Social,125.8
ORD-005128,CUST-01802,2025-03-28,Paid Social,104.37
ORD-005129,CUST-01802,2025-03-30,Paid Social,84.71
ORD-005130,CUST-01803,2025-06-17,Paid Social,54.08
ORD-005131,CUST-01803,2025-07-10,Paid Social,80.77
ORD-005132,CUST-01803,2025-07-14,Paid Social,73.73
ORD-005133,CUST-01804,2025-01-26,Affiliate,112.04
ORD-005134,CUST-01804,2025-01-28,Affiliate,127.68
ORD-005135,CUST-01805,2025-05-04,Paid Search,108.33
ORD-005136,CUST-01805,2025-09-07,Paid Search,86.24
ORD-005137,CUST-01805,2025-08-04,Paid Search,136.59
ORD-005138,CUST-01805,2025-07-05,Paid Search,169.98
ORD-005139,CUST-01806,2025-03-23,Affiliate,132.86
ORD-005140,CUST-01806,2025-03-30,Affiliate,151.71
ORD-005141,CUST-01807,2025-07-25,Paid Social,67.91
ORD-005142,CUST-01808,2025-01-31,Paid Search,119.76
ORD-005143,CUST-01808,2025-02-22,Paid Search,112.91
ORD-005144,CUST-01808,2025-04-14,Paid Search,141.89
ORD-005145,CUST-01808,2025-04-28,Paid Search,80.32
ORD-005146,CUST-01809,2025-04-07,Email,108.37
ORD-005147,CUST-01809,2025-04-07,Email,74.46
ORD-005148,CUST-01809,2025-05-17,Email,152.99
ORD-005149,CUST-01810,2025-10-27,Paid Search,114.75
ORD-005150,CUST-01811,2025-06-19,Paid Search,119.51
ORD-005151,CUST-01811,2025-07-11,Paid Search,73.64
ORD-005152,CUST-01811,2025-08-14,Paid Search,74.99
ORD-005153,CUST-01812,2025-08-31,Affiliate,80.54
ORD-005154,CUST-01812,2025-09-03,Affiliate,86.98
ORD-005155,CUST-01813,2025-03-25,Display,80.45
ORD-005156,CUST-01813,2025-04-28,Display,58.26
ORD-005157,CUST-01813,2025-07-05,Display,40.38
ORD-005158,CUST-01814,2025-10-22,Paid Search,88.43
ORD-005159,CUST-01814,2025-10-23,Paid Search,66.37
ORD-005160,CUST-01814,2025-12-04,Paid Search,57.59
ORD-005161,CUST-01814,2025-12-28,Paid Search,69.18
ORD-005162,CUST-01814,2025-11-01,Paid Search,86.54
ORD-005163,CUST-01815,2025-01-16,Organic Social,87.05
ORD-005164,CUST-01815,2025-01-22,Organic Social,72.47
ORD-005165,CUST-01815,2025-02-02,Organic Social,68.55
ORD-005166,CUST-01815,2025-07-09,Organic Social,65.07
ORD-005167,CUST-01816,2025-10-02,Paid Search,105.57
ORD-005168,CUST-01816,2025-10-21,Paid Search,52.48
ORD-005169,CUST-01816,2025-10-17,Paid Search,62.24
ORD-005170,CUST-01816,2025-11-22,Paid Search,98.88
ORD-005171,CUST-01817,2025-09-14,Paid Social,52.06
ORD-005172,CUST-01817,2025-09-23,Paid Social,67.33
ORD-005173,CUST-01817,2025-10-03,Paid Social,52.95
ORD-005174,CUST-01817,2025-10-09,Paid Social,105.41
ORD-005175,CUST-01817,2025-10-31,Paid Social,84.58
ORD-005176,CUST-01818,2025-01-28,Paid Search,134.46
ORD-005177,CUST-01818,2025-04-22,Paid Search,96.43
ORD-005178,CUST-01818,2025-05-08,Paid Search,98.78
ORD-005179,CUST-01818,2025-03-31,Paid Search,67.69
ORD-005180,CUST-01818,2025-10-07,Paid Search,124.85
ORD-005181,CUST-01819,2025-10-21,Paid Search,132.87
ORD-005182,CUST-01819,2025-11-30,Paid Search,87.35
ORD-005183,CUST-01819,2025-10-31,Paid Search,121.08
ORD-005184,CUST-01820,2025-02-12,Paid Search,123.52
ORD-005185,CUST-01820,2025-04-01,Paid Search,59.73
ORD-005186,CUST-01820,2025-03-14,Paid Search,111.49
ORD-005187,CUST-01821,2025-01-01,Affiliate,108.84
ORD-005188,CUST-01821,2025-01-07,Affiliate,99.02
ORD-005189,CUST-01822,2025-05-02,Organic Social,55.82
ORD-005190,CUST-01822,2025-06-01,Organic Social,85.17
ORD-005191,CUST-01822,2025-05-13,Organic Social,106.93
ORD-005192,CUST-01822,2025-06-17,Organic Social,70.59
ORD-005193,CUST-01822,2025-12-05,Organic Social,71.34
ORD-005194,CUST-01823,2025-05-03,Affiliate,88.93
ORD-005195,CUST-01823,2025-05-20,Affiliate,89.44
ORD-005196,CUST-01823,2025-05-09,Affiliate,151.64
ORD-005197,CUST-01824,2025-06-18,Email,85.21
ORD-005198,CUST-01824,2025-08-06,Email,65.18
ORD-005199,CUST-01824,2025-06-26,Email,38.61
ORD-005200,CUST-01824,2025-08-06,Email,116.63
ORD-005201,CUST-01824,2025-10-21,Email,77.76
ORD-005202,CUST-01824,2025-08-23,Email,117.45
ORD-005203,CUST-01825,2025-09-02,Display,72.22
ORD-005204,CUST-01825,2025-10-01,Display,88.19
ORD-005205,CUST-01825,2025-11-11,Display,77.62
ORD-005206,CUST-01825,2025-09-19,Display,111.61
ORD-005207,CUST-01826,2025-08-29,Email,128.27
ORD-005208,CUST-01826,2025-10-19,Email,117.63
ORD-005209,CUST-01827,2025-01-13,Paid Social,88.64
ORD-005210,CUST-01827,2025-04-13,Paid Social,61.49
ORD-005211,CUST-01827,2025-03-02,Paid Social,57.41
ORD-005212,CUST-01828,2025-09-07,Display,90.47
ORD-005213,CUST-01828,2025-10-30,Display,139.0
ORD-005214,CUST-01828,2025-12-22,Display,58.39
ORD-005215,CUST-01828,2025-10-02,Display,64.81
ORD-005216,CUST-01829,2025-11-16,Organic Social,67.09
ORD-005217,CUST-01829,2025-12-31,Organic Social,41.49
ORD-005218,CUST-01829,2025-12-04,Organic Social,98.62
ORD-005219,CUST-01830,2025-04-29,Paid Search,85.83
ORD-005220,CUST-01830,2025-04-29,Paid Search,73.58
ORD-005221,CUST-01830,2025-05-09,Paid Search,78.81
ORD-005222,CUST-01831,2025-01-14,Paid Social,89.78
ORD-005223,CUST-01831,2025-02-02,Paid Social,58.63
ORD-005224,CUST-01832,2025-06-08,Paid Social,92.91
ORD-005225,CUST-01832,2025-07-12,Paid Social,123.73
ORD-005226,CUST-01832,2025-09-19,Paid Social,76.28
ORD-005227,CUST-01833,2025-02-05,Paid Social,118.75
ORD-005228,CUST-01833,2025-04-27,Paid Social,61.86
ORD-005229,CUST-01833,2025-05-22,Paid Social,121.61
ORD-005230,CUST-01833,2025-02-22,Paid Social,70.93
ORD-005231,CUST-01834,2025-06-20,Email,107.4
ORD-005232,CUST-01834,2025-07-15,Email,68.92
ORD-005233,CUST-01835,2025-06-25,Paid Social,65.2
ORD-005234,CUST-01836,2025-08-18,Paid Search,124.47
ORD-005235,CUST-01836,2025-10-11,Paid Search,88.09
ORD-005236,CUST-01836,2025-09-08,Paid Search,123.13
ORD-005237,CUST-01837,2025-02-04,Paid Social,106.64
ORD-005238,CUST-01837,2025-02-26,Paid Social,55.48
ORD-005239,CUST-01838,2025-02-17,Email,93.51
ORD-005240,CUST-01838,2025-02-18,Email,101.1
ORD-005241,CUST-01838,2025-03-19,Email,89.18
ORD-005242,CUST-01839,2025-08-19,Paid Social,70.51
ORD-005243,CUST-01840,2025-09-16,Affiliate,91.8
ORD-005244,CUST-01841,2025-09-03,Paid Social,80.11
ORD-005245,CUST-01841,2025-12-02,Paid Social,60.48
ORD-005246,CUST-01842,2025-04-20,Paid Search,94.48
ORD-005247,CUST-01842,2025-04-28,Paid Search,87.41
ORD-005248,CUST-01842,2025-10-12,Paid Search,61.78
ORD-005249,CUST-01842,2025-10-04,Paid Search,64.54
ORD-005250,CUST-01843,2025-07-04,Paid Search,152.09
ORD-005251,CUST-01844,2025-10-28,Paid Search,65.4
ORD-005252,CUST-01844,2025-12-05,Paid Search,132.66
ORD-005253,CUST-01845,2025-06-29,Paid Search,82.96
ORD-005254,CUST-01845,2025-08-29,Paid Search,68.61
ORD-005255,CUST-01846,2025-02-26,Paid Social,58.28
ORD-005256,CUST-01846,2025-03-05,Paid Social,106.23
ORD-005257,CUST-01846,2025-03-01,Paid Social,95.06
ORD-005258,CUST-01846,2025-06-11,Paid Social,68.45
ORD-005259,CUST-01847,2025-03-19,Display,96.33
ORD-005260,CUST-01847,2025-03-29,Display,74.01
ORD-005261,CUST-01847,2025-09-06,Display,101.79
ORD-005262,CUST-01847,2025-10-28,Display,55.06
ORD-005263,CUST-01847,2025-12-15,Display,108.01
ORD-005264,CUST-01848,2025-07-14,Paid Social,74.1
ORD-005265,CUST-01848,2025-08-03,Paid Social,91.63
ORD-005266,CUST-01849,2025-11-25,Affiliate,88.53
ORD-005267,CUST-01850,2025-01-11,Paid Search,90.38
ORD-005268,CUST-01850,2025-06-08,Paid Search,128.51
ORD-005269,CUST-01850,2025-03-04,Paid Search,117.11
ORD-005270,CUST-01851,2025-06-19,Paid Search,63.44
ORD-005271,CUST-01851,2025-07-08,Paid Search,97.82
ORD-005272,CUST-01851,2025-07-04,Paid Search,82.82
ORD-005273,CUST-01851,2025-08-02,Paid Search,106.84
ORD-005274,CUST-01852,2025-03-19,Paid Search,80.58
ORD-005275,CUST-01852,2025-04-06,Paid Search,103.05
ORD-005276,CUST-01852,2025-05-01,Paid Search,142.62
ORD-005277,CUST-01852,2025-09-16,Paid Search,76.48
ORD-005278,CUST-01853,2025-10-08,Organic Social,49.96
ORD-005279,CUST-01853,2025-10-29,Organic Social,49.89
ORD-005280,CUST-01853,2025-12-07,Organic Social,75.41
ORD-005281,CUST-01854,2025-11-21,Paid Social,62.03
ORD-005282,CUST-01855,2025-04-25,Paid Social,70.88
ORD-005283,CUST-01855,2025-07-09,Paid Social,60.53
ORD-005284,CUST-01855,2025-04-29,Paid Social,112.59
ORD-005285,CUST-01856,2025-04-22,Paid Search,60.14
ORD-005286,CUST-01856,2025-05-11,Paid Search,80.54
ORD-005287,CUST-01856,2025-06-23,Paid Search,105.28
ORD-005288,CUST-01857,2025-02-13,Display,87.99
ORD-005289,CUST-01857,2025-02-25,Display,49.17
ORD-005290,CUST-01857,2025-05-27,Display,100.4
ORD-005291,CUST-01857,2025-05-05,Display,89.61
ORD-005292,CUST-01857,2025-08-20,Display,106.81
ORD-005293,CUST-01858,2025-03-02,Display,123.6
ORD-005294,CUST-01858,2025-03-15,Display,108.38
ORD-005295,CUST-01858,2025-04-12,Display,66.53
ORD-005296,CUST-01859,2025-05-23,Paid Social,86.29
ORD-005297,CUST-01860,2025-01-20,Display,51.6
ORD-005298,CUST-01860,2025-03-26,Display,113.05
ORD-005299,CUST-01861,2025-01-23,Paid Social,56.63
ORD-005300,CUST-01861,2025-03-16,Paid Social,83.87
ORD-005301,CUST-01861,2025-02-13,Paid Social,115.67
ORD-005302,CUST-01861,2025-11-15,Paid Social,66.24
ORD-005303,CUST-01862,2025-10-13,Paid Search,101.03
ORD-005304,CUST-01863,2025-02-05,Display,81.16
ORD-005305,CUST-01863,2025-02-19,Display,128.54
ORD-005306,CUST-01863,2025-03-17,Display,97.17
ORD-005307,CUST-01864,2025-01-21,Organic Social,69.8
ORD-005308,CUST-01864,2025-01-31,Organic Social,44.39
ORD-005309,CUST-01865,2025-05-24,Email,70.46
ORD-005310,CUST-01865,2025-10-16,Email,87.6
ORD-005311,CUST-01866,2025-09-16,Paid Search,103.01
ORD-005312,CUST-01867,2025-10-17,Paid Search,117.83
ORD-005313,CUST-01867,2025-10-25,Paid Search,87.19
ORD-005314,CUST-01867,2025-11-26,Paid Search,92.95
ORD-005315,CUST-01868,2025-02-13,Organic Social,104.67
ORD-005316,CUST-01868,2025-03-03,Organic Social,55.9
ORD-005317,CUST-01868,2025-06-17,Organic Social,47.85
ORD-005318,CUST-01869,2025-06-17,Paid Social,93.83
ORD-005319,CUST-01869,2025-09-22,Paid Social,77.47
ORD-005320,CUST-01869,2025-07-24,Paid Social,65.08
ORD-005321,CUST-01869,2025-10-07,Paid Social,104.54
ORD-005322,CUST-01869,2025-06-25,Paid Social,89.35
ORD-005323,CUST-01869,2025-08-03,Paid Social,136.65
ORD-005324,CUST-01869,2025-10-11,Paid Social,47.88
ORD-005325,CUST-01870,2025-06-09,Display,103.14
ORD-005326,CUST-01870,2025-07-04,Display,57.91
ORD-005327,CUST-01871,2025-02-20,Email,118.13
ORD-005328,CUST-01871,2025-05-11,Email,67.44
ORD-005329,CUST-01871,2025-07-15,Email,108.46
ORD-005330,CUST-01872,2025-02-15,Email,63.3
ORD-005331,CUST-01872,2025-04-18,Email,66.12
ORD-005332,CUST-01873,2025-10-04,Paid Search,69.6
ORD-005333,CUST-01873,2025-12-18,Paid Search,134.99
ORD-005334,CUST-01874,2025-07-25,Paid Search,122.45
ORD-005335,CUST-01874,2025-07-27,Paid Search,91.64
ORD-005336,CUST-01874,2025-08-10,Paid Search,160.72
ORD-005337,CUST-01875,2025-03-31,Paid Social,52.42
ORD-005338,CUST-01875,2025-04-08,Paid Social,43.96
ORD-005339,CUST-01876,2025-10-18,Organic Social,46.27
ORD-005340,CUST-01876,2025-12-12,Organic Social,104.06
ORD-005341,CUST-01876,2025-12-26,Organic Social,88.14
ORD-005342,CUST-01877,2025-04-12,Paid Search,121.86
ORD-005343,CUST-01878,2025-01-28,Email,154.16
ORD-005344,CUST-01879,2025-10-11,Display,111.95
ORD-005345,CUST-01879,2025-10-30,Display,86.63
ORD-005346,CUST-01879,2025-12-21,Display,64.32
ORD-005347,CUST-01880,2025-02-21,Paid Social,63.41
ORD-005348,CUST-01880,2025-04-25,Paid Social,61.45
ORD-005349,CUST-01881,2025-11-13,Paid Social,116.34
ORD-005350,CUST-01881,2025-12-05,Paid Social,69.56
ORD-005351,CUST-01881,2025-11-27,Paid Social,98.72
ORD-005352,CUST-01882,2025-05-25,Email,93.26
ORD-005353,CUST-01882,2025-06-10,Email,82.24
ORD-005354,CUST-01882,2025-12-21,Email,62.21
ORD-005355,CUST-01882,2025-07-02,Email,64.88
ORD-005356,CUST-01883,2025-08-02,Affiliate,128.41
ORD-005357,CUST-01883,2025-09-17,Affiliate,75.96
ORD-005358,CUST-01883,2025-12-11,Affiliate,88.79
ORD-005359,CUST-01884,2025-09-13,Paid Social,59.74
ORD-005360,CUST-01884,2025-09-30,Paid Social,47.47
ORD-005361,CUST-01884,2025-11-20,Paid Social,130.95
ORD-005362,CUST-01885,2025-09-19,Affiliate,122.76
ORD-005363,CUST-01885,2025-10-04,Affiliate,71.3
ORD-005364,CUST-01885,2025-10-23,Affiliate,85.07
ORD-005365,CUST-01886,2025-01-30,Paid Social,106.86
ORD-005366,CUST-01887,2025-10-19,Email,156.41
ORD-005367,CUST-01887,2025-10-25,Email,107.14
ORD-005368,CUST-01887,2025-12-10,Email,76.83
ORD-005369,CUST-01887,2025-12-24,Email,111.63
ORD-005370,CUST-01888,2025-03-30,Paid Search,139.89
ORD-005371,CUST-01888,2025-06-29,Paid Search,99.61
ORD-005372,CUST-01889,2025-08-08,Paid Social,59.93
ORD-005373,CUST-01889,2025-08-20,Paid Social,117.08
ORD-005374,CUST-01890,2025-11-21,Paid Search,72.2
ORD-005375,CUST-01891,2025-11-11,Paid Social,39.73
ORD-005376,CUST-01891,2025-12-25,Paid Social,95.35
ORD-005377,CUST-01891,2025-11-13,Paid Social,81.61
ORD-005378,CUST-01891,2025-12-02,Paid Social,78.92
ORD-005379,CUST-01892,2025-08-12,Paid Search,100.22
ORD-005380,CUST-01892,2025-12-17,Paid Search,104.39
ORD-005381,CUST-01893,2025-06-19,Affiliate,86.03
ORD-005382,CUST-01893,2025-07-02,Affiliate,94.16
ORD-005383,CUST-01893,2025-07-03,Affiliate,133.51
ORD-005384,CUST-01894,2025-02-20,Display,61.02
ORD-005385,CUST-01894,2025-05-21,Display,103.83
ORD-005386,CUST-01894,2025-06-23,Display,67.05
ORD-005387,CUST-01894,2025-04-27,Display,85.06
ORD-005388,CUST-01894,2025-12-31,Display,128.24
ORD-005389,CUST-01895,2025-11-13,Affiliate,74.07
ORD-005390,CUST-01895,2025-11-21,Affiliate,148.57
ORD-005391,CUST-01896,2025-07-10,Paid Social,40.27
ORD-005392,CUST-01896,2025-07-11,Paid Social,91.7
ORD-005393,CUST-01896,2025-10-14,Paid Social,60.94
ORD-005394,CUST-01896,2025-10-10,Paid Social,63.86
ORD-005395,CUST-01896,2025-11-11,Paid Social,92.29
ORD-005396,CUST-01897,2025-01-10,Affiliate,147.71
ORD-005397,CUST-01897,2025-02-17,Affiliate,94.92
ORD-005398,CUST-01898,2025-03-25,Affiliate,93.67
ORD-005399,CUST-01899,2025-08-15,Paid Social,115.39
ORD-005400,CUST-01899,2025-11-30,Paid Social,71.57
ORD-005401,CUST-01900,2025-04-26,Paid Social,84.53
ORD-005402,CUST-01900,2025-05-05,Paid Social,118.49
ORD-005403,CUST-01900,2025-06-04,Paid Social,76.23
ORD-005404,CUST-01901,2025-06-17,Paid Social,39.01
ORD-005405,CUST-01901,2025-07-03,Paid Social,99.01
ORD-005406,CUST-01902,2025-10-03,Paid Search,74.08
ORD-005407,CUST-01902,2025-10-16,Paid Search,60.82
ORD-005408,CUST-01903,2025-01-04,Organic Social,66.67
ORD-005409,CUST-01903,2025-03-25,Organic Social,81.42
ORD-005410,CUST-01904,2025-02-04,Paid Social,103.21
ORD-005411,CUST-01904,2025-03-16,Paid Social,63.36
ORD-005412,CUST-01905,2025-09-11,Paid Social,48.74
ORD-005413,CUST-01906,2025-06-11,Display,59.26
ORD-005414,CUST-01906,2025-07-23,Display,85.65
ORD-005415,CUST-01906,2025-09-30,Display,62.98
ORD-005416,CUST-01907,2025-03-07,Paid Search,55.93
ORD-005417,CUST-01907,2025-03-14,Paid Search,89.91
ORD-005418,CUST-01907,2025-04-29,Paid Search,103.03
ORD-005419,CUST-01908,2025-02-22,Paid Search,94.8
ORD-005420,CUST-01908,2025-03-06,Paid Search,71.7
ORD-005421,CUST-01909,2025-05-27,Paid Search,99.22
ORD-005422,CUST-01909,2025-06-11,Paid Search,65.7
ORD-005423,CUST-01909,2025-06-06,Paid Search,78.42
ORD-005424,CUST-01910,2025-03-26,Email,128.31
ORD-005425,CUST-01910,2025-05-02,Email,127.79
ORD-005426,CUST-01910,2025-11-04,Email,100.33
ORD-005427,CUST-01910,2025-07-22,Email,74.41
ORD-005428,CUST-01911,2025-03-28,Paid Search,63.86
ORD-005429,CUST-01911,2025-05-12,Paid Search,133.71
ORD-005430,CUST-01912,2025-06-16,Display,94.69
ORD-005431,CUST-01912,2025-06-20,Display,111.56
ORD-005432,CUST-01912,2025-07-20,Display,115.75
ORD-005433,CUST-01913,2025-06-28,Paid Social,47.7
ORD-005434,CUST-01913,2025-08-09,Paid Social,90.64
ORD-005435,CUST-01914,2025-01-10,Email,136.33
ORD-005436,CUST-01914,2025-01-30,Email,62.52
ORD-005437,CUST-01915,2025-02-16,Paid Search,90.76
ORD-005438,CUST-01915,2025-03-20,Paid Search,92.68
ORD-005439,CUST-01915,2025-03-11,Paid Search,83.72
ORD-005440,CUST-01916,2025-05-18,Paid Search,145.61
ORD-005441,CUST-01916,2025-06-20,Paid Search,106.24
ORD-005442,CUST-01917,2025-03-31,Display,120.94
ORD-005443,CUST-01917,2025-03-31,Display,104.08
ORD-005444,CUST-01917,2025-05-05,Display,91.58
ORD-005445,CUST-01917,2025-12-28,Display,125.82
ORD-005446,CUST-01918,2025-09-08,Paid Search,115.63
ORD-005447,CUST-01918,2025-10-12,Paid Search,168.45
ORD-005448,CUST-01918,2025-12-19,Paid Search,140.34
ORD-005449,CUST-01919,2025-05-17,Affiliate,113.95
ORD-005450,CUST-01919,2025-06-23,Affiliate,66.6
ORD-005451,CUST-01919,2025-05-19,Affiliate,72.9
ORD-005452,CUST-01920,2025-04-09,Paid Search,95.13
ORD-005453,CUST-01920,2025-05-14,Paid Search,120.53
ORD-005454,CUST-01920,2025-12-10,Paid Search,76.08
ORD-005455,CUST-01920,2025-10-17,Paid Search,36.68
ORD-005456,CUST-01920,2025-04-28,Paid Search,93.54
ORD-005457,CUST-01921,2025-04-21,Email,75.27
ORD-005458,CUST-01921,2025-07-07,Email,99.13
ORD-005459,CUST-01921,2025-07-21,Email,89.55
ORD-005460,CUST-01922,2025-03-06,Email,81.22
ORD-005461,CUST-01922,2025-03-23,Email,106.08
ORD-005462,CUST-01922,2025-05-24,Email,114.84
ORD-005463,CUST-01922,2025-06-04,Email,156.29
ORD-005464,CUST-01923,2025-10-23,Paid Social,57.89
ORD-005465,CUST-01923,2025-11-23,Paid Social,94.26
ORD-005466,CUST-01924,2025-04-14,Organic Social,83.78
ORD-005467,CUST-01924,2025-07-09,Organic Social,61.15
ORD-005468,CUST-01924,2025-04-15,Organic Social,93.5
ORD-005469,CUST-01925,2025-01-29,Paid Social,56.23
ORD-005470,CUST-01926,2025-10-16,Affiliate,55.84
ORD-005471,CUST-01926,2025-10-18,Affiliate,75.9
ORD-005472,CUST-01926,2025-12-06,Affiliate,111.39
ORD-005473,CUST-01927,2025-09-19,Paid Search,66.54
ORD-005474,CUST-01927,2025-10-09,Paid Search,97.13
ORD-005475,CUST-01928,2025-02-28,Paid Social,99.31
ORD-005476,CUST-01928,2025-04-09,Paid Social,74.21
ORD-005477,CUST-01929,2025-09-21,Paid Search,94.99
ORD-005478,CUST-01929,2025-09-22,Paid Search,118.43
ORD-005479,CUST-01929,2025-10-01,Paid Search,93.69
ORD-005480,CUST-01929,2025-09-27,Paid Search,162.02
ORD-005481,CUST-01929,2025-09-28,Paid Search,189.6
ORD-005482,CUST-01930,2025-09-25,Email,61.16
ORD-005483,CUST-01930,2025-11-08,Email,140.92
ORD-005484,CUST-01930,2025-12-01,Email,109.55
ORD-005485,CUST-01930,2025-10-11,Email,92.83
ORD-005486,CUST-01930,2025-11-02,Email,97.52
ORD-005487,CUST-01931,2025-02-17,Email,116.79
ORD-005488,CUST-01931,2025-03-02,Email,70.34
ORD-005489,CUST-01931,2025-05-12,Email,126.57
ORD-005490,CUST-01931,2025-03-27,Email,84.51
ORD-005491,CUST-01932,2025-02-24,Paid Social,65.66
ORD-005492,CUST-01932,2025-05-24,Paid Social,61.67
ORD-005493,CUST-01932,2025-09-03,Paid Social,110.79
ORD-005494,CUST-01932,2025-10-04,Paid Social,117.87
ORD-005495,CUST-01933,2025-05-22,Display,63.01
ORD-005496,CUST-01933,2025-07-27,Display,85.88
ORD-005497,CUST-01934,2025-02-28,Affiliate,102.21
ORD-005498,CUST-01934,2025-05-12,Affiliate,129.74
ORD-005499,CUST-01934,2025-05-29,Affiliate,165.89
ORD-005500,CUST-01934,2025-09-25,Affiliate,104.29
ORD-005501,CUST-01935,2025-02-24,Affiliate,69.63
ORD-005502,CUST-01936,2025-02-06,Paid Search,51.65
ORD-005503,CUST-01936,2025-03-28,Paid Search,77.62
ORD-005504,CUST-01937,2025-04-14,Paid Social,114.0
ORD-005505,CUST-01937,2025-05-29,Paid Social,74.03
ORD-005506,CUST-01937,2025-05-07,Paid Social,90.13
ORD-005507,CUST-01938,2025-06-10,Paid Social,72.87
ORD-005508,CUST-01938,2025-08-02,Paid Social,120.25
ORD-005509,CUST-01938,2025-08-10,Paid Social,69.98
ORD-005510,CUST-01938,2025-11-17,Paid Social,66.93
ORD-005511,CUST-01939,2025-02-03,Paid Search,92.0
ORD-005512,CUST-01939,2025-05-12,Paid Search,53.52
ORD-005513,CUST-01939,2025-07-18,Paid Search,170.36
ORD-005514,CUST-01939,2025-10-27,Paid Search,103.06
ORD-005515,CUST-01940,2025-06-13,Paid Social,59.2
ORD-005516,CUST-01940,2025-06-22,Paid Social,48.12
ORD-005517,CUST-01940,2025-12-23,Paid Social,87.74
ORD-005518,CUST-01941,2025-02-04,Paid Search,85.01
ORD-005519,CUST-01941,2025-03-16,Paid Search,111.0
ORD-005520,CUST-01942,2025-02-24,Organic Social,107.38
ORD-005521,CUST-01942,2025-02-28,Organic Social,95.24
ORD-005522,CUST-01942,2025-09-04,Organic Social,81.86
ORD-005523,CUST-01942,2025-08-04,Organic Social,61.87
ORD-005524,CUST-01942,2025-08-24,Organic Social,39.48
ORD-005525,CUST-01942,2025-05-24,Organic Social,77.79
ORD-005526,CUST-01942,2025-06-08,Organic Social,57.21
ORD-005527,CUST-01943,2025-11-02,Affiliate,157.93
ORD-005528,CUST-01944,2025-04-22,Affiliate,98.4
ORD-005529,CUST-01944,2025-06-12,Affiliate,161.57
ORD-005530,CUST-01944,2025-06-19,Affiliate,97.33
ORD-005531,CUST-01945,2025-06-23,Organic Social,94.75
ORD-005532,CUST-01946,2025-04-30,Email,93.2
ORD-005533,CUST-01946,2025-06-06,Email,133.68
ORD-005534,CUST-01946,2025-07-08,Email,127.71
ORD-005535,CUST-01946,2025-12-05,Email,67.27
ORD-005536,CUST-01946,2025-08-09,Email,132.73
ORD-005537,CUST-01947,2025-05-22,Paid Search,48.48
ORD-005538,CUST-01947,2025-08-20,Paid Search,114.29
ORD-005539,CUST-01948,2025-02-27,Display,78.91
ORD-005540,CUST-01948,2025-03-10,Display,42.82
ORD-005541,CUST-01948,2025-03-03,Display,112.64
ORD-005542,CUST-01948,2025-03-18,Display,91.71
ORD-005543,CUST-01948,2025-08-11,Display,83.26
ORD-005544,CUST-01949,2025-11-11,Paid Search,64.48
ORD-005545,CUST-01949,2025-11-17,Paid Search,64.72
ORD-005546,CUST-01950,2025-04-18,Paid Search,118.7
ORD-005547,CUST-01950,2025-05-06,Paid Search,118.9
ORD-005548,CUST-01950,2025-07-09,Paid Search,148.37
ORD-005549,CUST-01951,2025-11-23,Paid Search,123.32
ORD-005550,CUST-01951,2025-12-26,Paid Search,81.13
ORD-005551,CUST-01952,2025-04-20,Paid Search,69.75
ORD-005552,CUST-01952,2025-04-25,Paid Search,69.93
ORD-005553,CUST-01952,2025-05-04,Paid Search,87.45
ORD-005554,CUST-01952,2025-06-01,Paid Search,124.68
ORD-005555,CUST-01953,2025-05-16,Display,84.47
ORD-005556,CUST-01953,2025-06-10,Display,51.78
ORD-005557,CUST-01954,2025-03-03,Affiliate,77.68
ORD-005558,CUST-01955,2025-09-08,Paid Search,58.61
ORD-005559,CUST-01955,2025-10-22,Paid Search,80.72
ORD-005560,CUST-01956,2025-04-15,Paid Search,68.61
ORD-005561,CUST-01956,2025-07-08,Paid Search,60.48
ORD-005562,CUST-01957,2025-05-03,Paid Search,101.07
ORD-005563,CUST-01957,2025-05-27,Paid Search,71.57
ORD-005564,CUST-01957,2025-05-10,Paid Search,44.44
ORD-005565,CUST-01957,2025-08-02,Paid Search,91.71
ORD-005566,CUST-01958,2025-01-17,Email,59.45
ORD-005567,CUST-01958,2025-02-01,Email,87.64
ORD-005568,CUST-01958,2025-02-26,Email,63.11
ORD-005569,CUST-01958,2025-06-29,Email,51.44
ORD-005570,CUST-01959,2025-10-05,Paid Social,109.3
ORD-005571,CUST-01959,2025-12-19,Paid Social,73.09
ORD-005572,CUST-01959,2025-11-30,Paid Social,62.33
ORD-005573,CUST-01959,2025-10-28,Paid Social,69.1
ORD-005574,CUST-01960,2025-02-18,Organic Social,67.98
ORD-005575,CUST-01960,2025-09-23,Organic Social,90.56
ORD-005576,CUST-01961,2025-03-28,Paid Search,59.46
ORD-005577,CUST-01961,2025-04-13,Paid Search,126.95
ORD-005578,CUST-01961,2025-06-14,Paid Search,124.65
ORD-005579,CUST-01961,2025-09-02,Paid Search,64.34
ORD-005580,CUST-01962,2025-03-25,Organic Social,54.34
ORD-005581,CUST-01962,2025-05-09,Organic Social,84.03
ORD-005582,CUST-01962,2025-08-13,Organic Social,73.6
ORD-005583,CUST-01962,2025-09-25,Organic Social,53.4
ORD-005584,CUST-01962,2025-07-16,Organic Social,56.12
ORD-005585,CUST-01963,2025-03-30,Paid Search,97.77
ORD-005586,CUST-01963,2025-04-24,Paid Search,94.16
ORD-005587,CUST-01964,2025-09-09,Paid Social,61.22
ORD-005588,CUST-01965,2025-10-18,Paid Search,133.45
ORD-005589,CUST-01965,2025-11-18,Paid Search,92.87
ORD-005590,CUST-01966,2025-06-17,Email,108.85
ORD-005591,CUST-01966,2025-10-21,Email,149.44
ORD-005592,CUST-01967,2025-04-07,Paid Search,108.32
ORD-005593,CUST-01967,2025-04-24,Paid Search,129.37
ORD-005594,CUST-01967,2025-05-10,Paid Search,101.18
ORD-005595,CUST-01968,2025-08-26,Affiliate,135.52
ORD-005596,CUST-01969,2025-04-04,Paid Search,101.36
ORD-005597,CUST-01970,2025-07-31,Email,100.37
ORD-005598,CUST-01970,2025-09-25,Email,57.73
ORD-005599,CUST-01971,2025-10-14,Paid Search,146.33
ORD-005600,CUST-01971,2025-12-16,Paid Search,73.68
ORD-005601,CUST-01972,2025-08-31,Paid Social,67.63
ORD-005602,CUST-01972,2025-09-09,Paid Social,85.42
ORD-005603,CUST-01972,2025-09-11,Paid Social,82.25
ORD-005604,CUST-01973,2025-02-15,Paid Search,132.42
ORD-005605,CUST-01973,2025-02-22,Paid Search,98.4
ORD-005606,CUST-01973,2025-02-19,Paid Search,85.75
ORD-005607,CUST-01973,2025-04-23,Paid Search,64.23
ORD-005608,CUST-01973,2025-12-09,Paid Search,103.1
ORD-005609,CUST-01974,2025-04-15,Organic Social,120.64
ORD-005610,CUST-01974,2025-07-05,Organic Social,55.51
ORD-005611,CUST-01974,2025-05-07,Organic Social,98.45
ORD-005612,CUST-01974,2025-09-04,Organic Social,39.84
ORD-005613,CUST-01975,2025-03-16,Paid Search,104.87
ORD-005614,CUST-01975,2025-04-01,Paid Search,106.67
ORD-005615,CUST-01975,2025-03-22,Paid Search,103.47
ORD-005616,CUST-01976,2025-08-07,Paid Social,85.86
ORD-005617,CUST-01976,2025-10-05,Paid Social,101.67
ORD-005618,CUST-01976,2025-11-22,Paid Social,78.87
ORD-005619,CUST-01977,2025-08-22,Paid Social,80.95
ORD-005620,CUST-01977,2025-10-08,Paid Social,104.81
ORD-005621,CUST-01977,2025-08-23,Paid Social,132.53
ORD-005622,CUST-01977,2025-09-07,Paid Social,65.95
ORD-005623,CUST-01978,2025-11-19,Email,105.85
ORD-005624,CUST-01978,2025-12-11,Email,104.49
ORD-005625,CUST-01979,2025-01-12,Paid Search,80.08
ORD-005626,CUST-01979,2025-03-19,Paid Search,79.97
ORD-005627,CUST-01979,2025-02-17,Paid Search,108.59
ORD-005628,CUST-01979,2025-02-05,Paid Search,77.93
ORD-005629,CUST-01979,2025-06-16,Paid Search,75.58
ORD-005630,CUST-01980,2025-04-05,Affiliate,87.24
ORD-005631,CUST-01980,2025-06-08,Affiliate,98.6
ORD-005632,CUST-01980,2025-05-03,Affiliate,140.93
ORD-005633,CUST-01980,2025-04-18,Affiliate,57.38
ORD-005634,CUST-01981,2025-09-15,Paid Social,36.88
ORD-005635,CUST-01981,2025-09-17,Paid Social,110.47
ORD-005636,CUST-01982,2025-08-15,Paid Social,49.39
ORD-005637,CUST-01982,2025-08-16,Paid Social,68.17
ORD-005638,CUST-01983,2025-08-16,Paid Search,106.64
ORD-005639,CUST-01984,2025-04-19,Paid Social,83.92
ORD-005640,CUST-01984,2025-05-26,Paid Social,78.96
ORD-005641,CUST-01985,2025-02-13,Paid Social,92.53
ORD-005642,CUST-01986,2025-02-16,Paid Search,75.87
ORD-005643,CUST-01986,2025-03-16,Paid Search,69.48
ORD-005644,CUST-01986,2025-06-04,Paid Search,144.35
ORD-005645,CUST-01986,2025-06-03,Paid Search,78.68
ORD-005646,CUST-01987,2025-09-14,Paid Search,125.29
ORD-005647,CUST-01987,2025-09-22,Paid Search,115.85
ORD-005648,CUST-01988,2025-02-20,Display,106.74
ORD-005649,CUST-01989,2025-05-24,Paid Search,129.52
ORD-005650,CUST-01989,2025-05-29,Paid Search,42.42
ORD-005651,CUST-01990,2025-06-01,Paid Search,71.91
ORD-005652,CUST-01991,2025-07-28,Email,52.32
ORD-005653,CUST-01991,2025-07-28,Email,104.61
ORD-005654,CUST-01992,2025-08-22,Paid Search,65.8
ORD-005655,CUST-01992,2025-09-07,Paid Search,116.2
ORD-005656,CUST-01992,2025-12-12,Paid Search,85.25
ORD-005657,CUST-01993,2025-10-30,Paid Social,52.04
ORD-005658,CUST-01993,2025-11-14,Paid Social,50.22
ORD-005659,CUST-01993,2025-12-27,Paid Social,93.87
ORD-005660,CUST-01994,2025-02-06,Email,119.29
ORD-005661,CUST-01994,2025-04-20,Email,146.62
ORD-005662,CUST-01995,2025-05-03,Paid Search,96.05
ORD-005663,CUST-01996,2025-03-15,Paid Social,59.03
ORD-005664,CUST-01997,2025-08-26,Paid Search,95.98
ORD-005665,CUST-01997,2025-10-11,Paid Search,55.9
ORD-005666,CUST-01998,2025-06-18,Paid Social,103.61
ORD-005667,CUST-01998,2025-11-23,Paid Social,64.62
ORD-005668,CUST-01998,2025-11-01,Paid Social,49.99
ORD-005669,CUST-01998,2025-08-06,Paid Social,112.02
ORD-005670,CUST-01999,2025-09-15,Organic Social,67.56
ORD-005671,CUST-01999,2025-10-11,Organic Social,72.78
ORD-005672,CUST-01999,2025-10-26,Organic Social,45.72
ORD-005673,CUST-02000,2025-07-05,Paid Social,64.02
ORD-005674,CUST-02000,2025-09-05,Paid Social,83.31
ORD-005675,CUST-02000,2025-12-08,Paid Social,49.3
ORD-005676,CUST-02001,2025-08-12,Email,76.41
ORD-005677,CUST-02001,2025-09-29,Email,116.58
ORD-005678,CUST-02001,2025-10-26,Email,106.0
ORD-005679,CUST-02002,2025-01-14,Email,57.9
ORD-005680,CUST-02002,2025-01-26,Email,80.96
ORD-005681,CUST-02003,2025-07-03,Affiliate,154.39
ORD-005682,CUST-02004,2025-02-06,Display,81.67
ORD-005683,CUST-02004,2025-02-21,Display,68.82
ORD-005684,CUST-02005,2025-05-02,Paid Search,104.2
ORD-005685,CUST-02005,2025-06-27,Paid Search,72.93
ORD-005686,CUST-02005,2025-10-04,Paid Search,103.38
ORD-005687,CUST-02006,2025-02-19,Paid Social,94.45
ORD-005688,CUST-02006,2025-03-12,Paid Social,42.84
ORD-005689,CUST-02006,2025-03-14,Paid Social,79.36
ORD-005690,CUST-02006,2025-10-26,Paid Social,101.83
ORD-005691,CUST-02006,2025-07-22,Paid Social,90.57
ORD-005692,CUST-02007,2025-11-10,Affiliate,139.1
ORD-005693,CUST-02007,2025-12-27,Affiliate,78.34
ORD-005694,CUST-02007,2025-12-28,Affiliate,93.1
ORD-005695,CUST-02008,2025-10-28,Email,88.47
ORD-005696,CUST-02008,2025-11-21,Email,140.54
ORD-005697,CUST-02008,2025-11-03,Email,86.07
ORD-005698,CUST-02009,2025-06-30,Paid Search,112.83
ORD-005699,CUST-02010,2025-07-19,Paid Search,141.85
ORD-005700,CUST-02010,2025-09-12,Paid Search,94.23
ORD-005701,CUST-02010,2025-09-14,Paid Search,73.56
ORD-005702,CUST-02011,2025-03-10,Paid Search,73.62
ORD-005703,CUST-02012,2025-06-19,Affiliate,65.46
ORD-005704,CUST-02012,2025-07-26,Affiliate,150.84
ORD-005705,CUST-02012,2025-10-07,Affiliate,153.75
ORD-005706,CUST-02012,2025-10-01,Affiliate,119.46
ORD-005707,CUST-02013,2025-02-11,Email,64.22
ORD-005708,CUST-02014,2025-06-05,Email,134.46
ORD-005709,CUST-02015,2025-09-01,Paid Social,68.9
ORD-005710,CUST-02016,2025-03-31,Paid Search,88.94
ORD-005711,CUST-02016,2025-07-21,Paid Search,137.31
ORD-005712,CUST-02017,2025-11-19,Paid Search,137.71
ORD-005713,CUST-02017,2025-11-23,Paid Search,137.56
ORD-005714,CUST-02018,2025-11-26,Paid Social,55.98
ORD-005715,CUST-02018,2025-12-18,Paid Social,53.42
ORD-005716,CUST-02018,2025-12-19,Paid Social,57.33
ORD-005717,CUST-02019,2025-08-25,Paid Search,98.56
ORD-005718,CUST-02020,2025-05-18,Paid Search,116.75
ORD-005719,CUST-02020,2025-06-04,Paid Search,120.2
ORD-005720,CUST-02021,2025-09-20,Paid Search,85.06
ORD-005721,CUST-02021,2025-10-07,Paid Search,88.04
ORD-005722,CUST-02021,2025-09-20,Paid Search,68.22
ORD-005723,CUST-02022,2025-10-10,Display,94.3
ORD-005724,CUST-02023,2025-03-02,Paid Search,66.78
ORD-005725,CUST-02023,2025-03-09,Paid Search,100.48
ORD-005726,CUST-02023,2025-12-18,Paid Search,109.88
ORD-005727,CUST-02023,2025-10-11,Paid Search,74.96
ORD-005728,CUST-02023,2025-11-06,Paid Search,87.51
ORD-005729,CUST-02023,2025-03-07,Paid Search,86.15
ORD-005730,CUST-02024,2025-09-22,Paid Social,54.57
ORD-005731,CUST-02024,2025-10-12,Paid Social,68.67
ORD-005732,CUST-02024,2025-10-24,Paid Social,60.96
ORD-005733,CUST-02025,2025-06-04,Affiliate,143.24
ORD-005734,CUST-02025,2025-06-11,Affiliate,80.27
ORD-005735,CUST-02026,2025-07-16,Paid Search,63.29
ORD-005736,CUST-02026,2025-08-16,Paid Search,69.16
ORD-005737,CUST-02026,2025-10-22,Paid Search,101.01
ORD-005738,CUST-02027,2025-04-18,Paid Social,75.66
ORD-005739,CUST-02027,2025-06-21,Paid Social,121.49
ORD-005740,CUST-02027,2025-08-11,Paid Social,69.82
ORD-005741,CUST-02028,2025-07-09,Affiliate,127.97
ORD-005742,CUST-02029,2025-07-17,Email,73.73
ORD-005743,CUST-02029,2025-08-06,Email,72.01
ORD-005744,CUST-02029,2025-08-23,Email,50.52
ORD-005745,CUST-02030,2025-09-26,Affiliate,66.15
ORD-005746,CUST-02030,2025-09-30,Affiliate,148.55
ORD-005747,CUST-02030,2025-10-10,Affiliate,147.59
ORD-005748,CUST-02031,2025-06-25,Paid Search,81.18
ORD-005749,CUST-02031,2025-08-15,Paid Search,81.36
ORD-005750,CUST-02032,2025-08-25,Organic Social,77.34
ORD-005751,CUST-02032,2025-09-09,Organic Social,60.28
ORD-005752,CUST-02032,2025-12-04,Organic Social,41.29
ORD-005753,CUST-02033,2025-07-26,Paid Search,132.6
ORD-005754,CUST-02033,2025-08-06,Paid Search,97.25
ORD-005755,CUST-02033,2025-11-17,Paid Search,88.19
ORD-005756,CUST-02034,2025-04-04,Organic Social,49.66
ORD-005757,CUST-02034,2025-04-13,Organic Social,106.57
ORD-005758,CUST-02034,2025-07-12,Organic Social,53.0
ORD-005759,CUST-02035,2025-01-10,Organic Social,86.12
ORD-005760,CUST-02035,2025-01-10,Organic Social,94.52
ORD-005761,CUST-02035,2025-04-18,Organic Social,37.88
ORD-005762,CUST-02035,2025-01-16,Organic Social,52.0
ORD-005763,CUST-02035,2025-06-06,Organic Social,65.16
ORD-005764,CUST-02036,2025-01-08,Email,120.01
ORD-005765,CUST-02036,2025-01-15,Email,92.88
ORD-005766,CUST-02036,2025-01-23,Email,147.84
ORD-005767,CUST-02036,2025-06-08,Email,83.36
ORD-005768,CUST-02037,2025-10-30,Email,67.84
ORD-005769,CUST-02037,2025-12-07,Email,73.14
ORD-005770,CUST-02037,2025-12-09,Email,128.04
ORD-005771,CUST-02038,2025-02-28,Affiliate,133.17
ORD-005772,CUST-02038,2025-05-12,Affiliate,96.67
ORD-005773,CUST-02039,2025-05-26,Paid Social,59.54
ORD-005774,CUST-02039,2025-06-29,Paid Social,98.29
ORD-005775,CUST-02040,2025-03-29,Email,127.57
ORD-005776,CUST-02040,2025-06-30,Email,79.15
ORD-005777,CUST-02040,2025-09-28,Email,137.22
ORD-005778,CUST-02040,2025-05-04,Email,148.15
ORD-005779,CUST-02041,2025-01-25,Organic Social,77.19
ORD-005780,CUST-02041,2025-05-26,Organic Social,54.65
ORD-005781,CUST-02041,2025-05-26,Organic Social,61.61
ORD-005782,CUST-02041,2025-02-01,Organic Social,55.29
ORD-005783,CUST-02041,2025-10-24,Organic Social,66.14
ORD-005784,CUST-02042,2025-11-11,Paid Search,130.99
ORD-005785,CUST-02042,2025-11-27,Paid Search,75.79
ORD-005786,CUST-02042,2025-12-10,Paid Search,96.08
ORD-005787,CUST-02043,2025-05-23,Organic Social,54.34
ORD-005788,CUST-02043,2025-06-21,Organic Social,43.14
ORD-005789,CUST-02044,2025-03-03,Display,60.33
ORD-005790,CUST-02044,2025-03-05,Display,68.78
ORD-005791,CUST-02045,2025-07-28,Display,135.29
ORD-005792,CUST-02045,2025-08-28,Display,96.93
ORD-005793,CUST-02045,2025-09-09,Display,120.1
ORD-005794,CUST-02045,2025-09-18,Display,79.68
ORD-005795,CUST-02046,2025-09-14,Paid Search,70.42
ORD-005796,CUST-02046,2025-11-11,Paid Search,68.16
ORD-005797,CUST-02047,2025-08-28,Paid Search,114.39
ORD-005798,CUST-02047,2025-09-07,Paid Search,76.64
ORD-005799,CUST-02048,2025-07-09,Organic Social,41.54
ORD-005800,CUST-02048,2025-07-25,Organic Social,94.44
ORD-005801,CUST-02049,2025-01-13,Paid Search,69.51
ORD-005802,CUST-02049,2025-03-06,Paid Search,122.22
ORD-005803,CUST-02049,2025-07-04,Paid Search,80.12
ORD-005804,CUST-02050,2025-01-11,Email,89.33
ORD-005805,CUST-02051,2025-03-15,Affiliate,141.81
ORD-005806,CUST-02051,2025-05-19,Affiliate,71.24
ORD-005807,CUST-02052,2025-01-20,Paid Search,77.14
ORD-005808,CUST-02052,2025-02-16,Paid Search,127.0
ORD-005809,CUST-02052,2025-03-12,Paid Search,109.12
ORD-005810,CUST-02052,2025-09-02,Paid Search,118.51
ORD-005811,CUST-02053,2025-08-24,Display,110.05
ORD-005812,CUST-02053,2025-09-25,Display,110.03
ORD-005813,CUST-02053,2025-12-04,Display,58.45
ORD-005814,CUST-02054,2025-10-15,Paid Search,119.21
ORD-005815,CUST-02054,2025-12-26,Paid Search,91.15
ORD-005816,CUST-02054,2025-11-26,Paid Search,79.03
ORD-005817,CUST-02054,2025-11-18,Paid Search,50.61
ORD-005818,CUST-02055,2025-10-11,Paid Social,76.49
ORD-005819,CUST-02056,2025-08-01,Paid Social,84.97
ORD-005820,CUST-02056,2025-09-16,Paid Social,71.36
ORD-005821,CUST-02057,2025-10-29,Email,88.57
ORD-005822,CUST-02057,2025-11-14,Email,85.23
ORD-005823,CUST-02058,2025-07-19,Affiliate,101.15
ORD-005824,CUST-02058,2025-08-13,Affiliate,125.63
ORD-005825,CUST-02058,2025-07-31,Affiliate,92.14
ORD-005826,CUST-02059,2025-07-04,Paid Search,54.34
ORD-005827,CUST-02059,2025-10-03,Paid Search,121.63
ORD-005828,CUST-02059,2025-11-18,Paid Search,66.69
ORD-005829,CUST-02059,2025-08-09,Paid Search,148.58
ORD-005830,CUST-02060,2025-05-12,Paid Social,97.72
ORD-005831,CUST-02060,2025-05-20,Paid Social,68.07
ORD-005832,CUST-02060,2025-09-25,Paid Social,84.68
ORD-005833,CUST-02061,2025-08-16,Paid Social,86.66
ORD-005834,CUST-02061,2025-10-31,Paid Social,54.89
ORD-005835,CUST-02062,2025-07-12,Paid Social,132.46
ORD-005836,CUST-02062,2025-08-23,Paid Social,60.12
ORD-005837,CUST-02062,2025-08-27,Paid Social,45.68
ORD-005838,CUST-02063,2025-07-03,Paid Social,98.65
ORD-005839,CUST-02063,2025-07-17,Paid Social,82.29
ORD-005840,CUST-02063,2025-11-25,Paid Social,125.18
ORD-005841,CUST-02063,2025-09-09,Paid Social,59.74
ORD-005842,CUST-02064,2025-01-06,Affiliate,74.26
ORD-005843,CUST-02065,2025-05-15,Organic Social,78.65
ORD-005844,CUST-02065,2025-05-29,Organic Social,63.51
ORD-005845,CUST-02065,2025-09-19,Organic Social,65.88
ORD-005846,CUST-02065,2025-07-06,Organic Social,105.88
ORD-005847,CUST-02066,2025-03-02,Paid Search,87.09
ORD-005848,CUST-02066,2025-04-20,Paid Search,77.03
ORD-005849,CUST-02067,2025-04-11,Display,127.94
ORD-005850,CUST-02067,2025-06-18,Display,57.77
ORD-005851,CUST-02068,2025-08-10,Email,151.44
ORD-005852,CUST-02068,2025-08-29,Email,83.1
ORD-005853,CUST-02068,2025-10-03,Email,129.32
ORD-005854,CUST-02068,2025-08-25,Email,80.55
ORD-005855,CUST-02068,2025-11-17,Email,115.35
ORD-005856,CUST-02069,2025-04-02,Organic Social,89.43
ORD-005857,CUST-02070,2025-11-26,Paid Search,95.5
ORD-005858,CUST-02070,2025-12-31,Paid Search,83.43
ORD-005859,CUST-02071,2025-04-22,Affiliate,109.43
ORD-005860,CUST-02071,2025-05-05,Affiliate,94.05
ORD-005861,CUST-02072,2025-02-14,Organic Social,71.46
ORD-005862,CUST-02072,2025-04-22,Organic Social,68.18
ORD-005863,CUST-02073,2025-04-04,Organic Social,93.01
ORD-005864,CUST-02073,2025-04-19,Organic Social,84.45
ORD-005865,CUST-02073,2025-09-23,Organic Social,89.33
ORD-005866,CUST-02074,2025-03-09,Email,90.32
ORD-005867,CUST-02074,2025-04-04,Email,92.48
ORD-005868,CUST-02074,2025-03-19,Email,93.03
ORD-005869,CUST-02074,2025-07-09,Email,90.46
ORD-005870,CUST-02074,2025-08-21,Email,104.47
ORD-005871,CUST-02075,2025-05-25,Paid Social,83.06
ORD-005872,CUST-02075,2025-06-06,Paid Social,96.99
ORD-005873,CUST-02075,2025-06-04,Paid Social,83.68
ORD-005874,CUST-02075,2025-07-18,Paid Social,64.16
ORD-005875,CUST-02075,2025-10-14,Paid Social,58.5
ORD-005876,CUST-02076,2025-07-31,Email,81.98
ORD-005877,CUST-02076,2025-10-13,Email,118.89
ORD-005878,CUST-02077,2025-04-12,Paid Social,64.88
ORD-005879,CUST-02077,2025-05-09,Paid Social,59.45
ORD-005880,CUST-02078,2025-03-14,Paid Social,107.18
ORD-005881,CUST-02078,2025-04-25,Paid Social,71.2
ORD-005882,CUST-02078,2025-08-16,Paid Social,91.44
ORD-005883,CUST-02078,2025-07-09,Paid Social,81.1
ORD-005884,CUST-02079,2025-05-07,Paid Social,68.7
ORD-005885,CUST-02079,2025-05-22,Paid Social,56.3
ORD-005886,CUST-02079,2025-05-28,Paid Social,104.28
ORD-005887,CUST-02079,2025-10-24,Paid Social,47.89
ORD-005888,CUST-02079,2025-09-28,Paid Social,103.49
ORD-005889,CUST-02080,2025-03-16,Paid Social,37.65
ORD-005890,CUST-02080,2025-04-11,Paid Social,67.31
ORD-005891,CUST-02080,2025-10-19,Paid Social,91.13
ORD-005892,CUST-02081,2025-11-07,Paid Social,70.3
ORD-005893,CUST-02081,2025-11-16,Paid Social,63.4
ORD-005894,CUST-02082,2025-06-14,Paid Search,164.53
ORD-005895,CUST-02082,2025-07-15,Paid Search,101.03
ORD-005896,CUST-02083,2025-06-02,Paid Search,58.22
ORD-005897,CUST-02084,2025-03-16,Paid Social,57.83
ORD-005898,CUST-02084,2025-04-18,Paid Social,44.73
ORD-005899,CUST-02084,2025-07-02,Paid Social,45.88
ORD-005900,CUST-02084,2025-04-12,Paid Social,93.56
ORD-005901,CUST-02084,2025-09-09,Paid Social,101.46
ORD-005902,CUST-02085,2025-08-25,Paid Search,108.32
ORD-005903,CUST-02085,2025-10-09,Paid Search,109.23
ORD-005904,CUST-02086,2025-08-15,Affiliate,137.13
ORD-005905,CUST-02086,2025-08-17,Affiliate,120.1
ORD-005906,CUST-02087,2025-03-30,Email,84.16
ORD-005907,CUST-02088,2025-02-03,Affiliate,106.47
ORD-005908,CUST-02088,2025-02-23,Affiliate,131.26
ORD-005909,CUST-02088,2025-06-19,Affiliate,76.44
ORD-005910,CUST-02088,2025-07-16,Affiliate,130.26
ORD-005911,CUST-02088,2025-03-11,Affiliate,54.4
ORD-005912,CUST-02089,2025-03-02,Paid Search,53.39
ORD-005913,CUST-02089,2025-03-16,Paid Search,122.19
ORD-005914,CUST-02090,2025-03-07,Affiliate,129.56
ORD-005915,CUST-02090,2025-04-12,Affiliate,96.43
ORD-005916,CUST-02090,2025-04-30,Affiliate,63.04
ORD-005917,CUST-02090,2025-10-24,Affiliate,146.9
ORD-005918,CUST-02090,2025-11-06,Affiliate,103.7
ORD-005919,CUST-02090,2025-06-27,Affiliate,78.79
ORD-005920,CUST-02090,2025-09-28,Affiliate,75.96
ORD-005921,CUST-02091,2025-03-30,Organic Social,82.69
ORD-005922,CUST-02091,2025-06-11,Organic Social,98.66
ORD-005923,CUST-02091,2025-04-02,Organic Social,59.98
ORD-005924,CUST-02092,2025-07-21,Paid Social,68.37
ORD-005925,CUST-02092,2025-08-05,Paid Social,84.64
ORD-005926,CUST-02092,2025-10-11,Paid Social,106.04
ORD-005927,CUST-02093,2025-01-12,Paid Search,160.51
ORD-005928,CUST-02093,2025-03-09,Paid Search,116.64
ORD-005929,CUST-02094,2025-05-02,Email,102.6
ORD-005930,CUST-02094,2025-07-25,Email,111.41
ORD-005931,CUST-02095,2025-03-31,Email,147.43
ORD-005932,CUST-02095,2025-04-28,Email,107.12
ORD-005933,CUST-02095,2025-09-12,Email,136.53
ORD-005934,CUST-02095,2025-05-21,Email,74.86
ORD-005935,CUST-02095,2025-06-20,Email,132.69
ORD-005936,CUST-02095,2025-06-01,Email,70.94
ORD-005937,CUST-02096,2025-05-13,Paid Search,60.99
ORD-005938,CUST-02096,2025-05-20,Paid Search,103.45
ORD-005939,CUST-02096,2025-05-17,Paid Search,75.09
ORD-005940,CUST-02097,2025-09-30,Organic Social,78.25
ORD-005941,CUST-02097,2025-10-06,Organic Social,109.0
ORD-005942,CUST-02097,2025-10-03,Organic Social,112.42
ORD-005943,CUST-02098,2025-05-01,Paid Social,90.16
ORD-005944,CUST-02098,2025-06-20,Paid Social,46.03
ORD-005945,CUST-02099,2025-06-09,Display,67.63
ORD-005946,CUST-02099,2025-06-16,Display,95.43
ORD-005947,CUST-02099,2025-07-28,Display,71.06
ORD-005948,CUST-02099,2025-07-18,Display,102.73
ORD-005949,CUST-02100,2025-10-10,Paid Social,43.2
ORD-005950,CUST-02100,2025-10-24,Paid Social,49.57
ORD-005951,CUST-02101,2025-08-07,Paid Search,78.21
ORD-005952,CUST-02102,2025-08-19,Paid Search,132.65
ORD-005953,CUST-02102,2025-09-03,Paid Search,69.8
ORD-005954,CUST-02103,2025-07-16,Paid Search,128.5
ORD-005955,CUST-02103,2025-08-05,Paid Search,127.51
ORD-005956,CUST-02104,2025-05-05,Organic Social,84.3
ORD-005957,CUST-02104,2025-05-24,Organic Social,70.2
ORD-005958,CUST-02104,2025-11-03,Organic Social,66.83
ORD-005959,CUST-02104,2025-05-17,Organic Social,71.5
ORD-005960,CUST-02105,2025-05-15,Email,98.76
ORD-005961,CUST-02105,2025-06-23,Email,90.49
ORD-005962,CUST-02105,2025-11-22,Email,100.79
ORD-005963,CUST-02105,2025-08-29,Email,119.16
ORD-005964,CUST-02106,2025-05-15,Affiliate,68.37
ORD-005965,CUST-02106,2025-06-30,Affiliate,100.7
ORD-005966,CUST-02107,2025-03-27,Organic Social,79.31
ORD-005967,CUST-02107,2025-04-11,Organic Social,51.3
ORD-005968,CUST-02107,2025-05-03,Organic Social,66.24
ORD-005969,CUST-02107,2025-10-17,Organic Social,55.75
ORD-005970,CUST-02108,2025-10-01,Paid Search,55.73
ORD-005971,CUST-02108,2025-10-15,Paid Search,124.73
ORD-005972,CUST-02109,2025-11-16,Paid Search,102.24
ORD-005973,CUST-02110,2025-01-30,Organic Social,54.69
ORD-005974,CUST-02110,2025-02-18,Organic Social,59.73
ORD-005975,CUST-02110,2025-02-18,Organic Social,118.19
ORD-005976,CUST-02110,2025-02-18,Organic Social,54.78
ORD-005977,CUST-02110,2025-11-11,Organic Social,98.67
ORD-005978,CUST-02111,2025-07-22,Email,82.42
ORD-005979,CUST-02111,2025-08-17,Email,99.67
ORD-005980,CUST-02111,2025-08-31,Email,100.07
ORD-005981,CUST-02111,2025-07-25,Email,90.08
ORD-005982,CUST-02112,2025-06-27,Email,125.11
ORD-005983,CUST-02112,2025-07-12,Email,54.09
ORD-005984,CUST-02112,2025-12-28,Email,74.06
ORD-005985,CUST-02113,2025-06-23,Paid Social,84.09
ORD-005986,CUST-02113,2025-07-17,Paid Social,77.64
ORD-005987,CUST-02113,2025-10-22,Paid Social,64.71
ORD-005988,CUST-02114,2025-09-16,Affiliate,143.13
ORD-005989,CUST-02114,2025-12-24,Affiliate,115.09
ORD-005990,CUST-02114,2025-10-02,Affiliate,78.98
ORD-005991,CUST-02115,2025-07-09,Paid Social,79.65
ORD-005992,CUST-02115,2025-07-22,Paid Social,49.72
ORD-005993,CUST-02116,2025-02-24,Affiliate,62.82
ORD-005994,CUST-02117,2025-07-21,Organic Social,55.41
ORD-005995,CUST-02117,2025-09-12,Organic Social,74.23
ORD-005996,CUST-02118,2025-02-16,Email,77.41
ORD-005997,CUST-02118,2025-06-01,Email,85.66
ORD-005998,CUST-02118,2025-05-23,Email,157.33
ORD-005999,CUST-02118,2025-03-12,Email,95.35
ORD-006000,CUST-02118,2025-05-15,Email,100.78
ORD-006001,CUST-02119,2025-02-26,Email,67.56
ORD-006002,CUST-02120,2025-01-23,Paid Social,119.11
ORD-006003,CUST-02120,2025-02-03,Paid Social,53.03
ORD-006004,CUST-02121,2025-05-18,Paid Search,129.98
ORD-006005,CUST-02121,2025-08-13,Paid Search,129.55
ORD-006006,CUST-02121,2025-10-05,Paid Search,121.06
ORD-006007,CUST-02122,2025-06-26,Email,94.28
ORD-006008,CUST-02122,2025-08-01,Email,137.47
ORD-006009,CUST-02122,2025-07-13,Email,108.24
ORD-006010,CUST-02122,2025-12-08,Email,138.2
ORD-006011,CUST-02122,2025-08-08,Email,87.54
ORD-006012,CUST-02123,2025-09-23,Paid Search,118.48
ORD-006013,CUST-02123,2025-10-08,Paid Search,84.9
ORD-006014,CUST-02123,2025-12-21,Paid Search,119.07
ORD-006015,CUST-02124,2025-09-22,Organic Social,62.75
ORD-006016,CUST-02124,2025-10-11,Organic Social,53.46
ORD-006017,CUST-02124,2025-09-28,Organic Social,60.25
ORD-006018,CUST-02125,2025-07-19,Email,64.45
ORD-006019,CUST-02125,2025-08-01,Email,64.31
ORD-006020,CUST-02126,2025-08-30,Organic Social,60.42
ORD-006021,CUST-02127,2025-09-09,Paid Search,69.52
ORD-006022,CUST-02127,2025-10-08,Paid Search,146.17
ORD-006023,CUST-02127,2025-10-20,Paid Search,120.42
ORD-006024,CUST-02128,2025-09-16,Organic Social,48.47
ORD-006025,CUST-02129,2025-11-04,Email,70.7
ORD-006026,CUST-02130,2025-02-27,Affiliate,125.37
ORD-006027,CUST-02130,2025-06-21,Affiliate,129.27
ORD-006028,CUST-02130,2025-08-30,Affiliate,124.29
ORD-006029,CUST-02130,2025-05-04,Affiliate,143.63
ORD-006030,CUST-02131,2025-05-20,Paid Search,73.65
ORD-006031,CUST-02131,2025-06-12,Paid Search,100.29
ORD-006032,CUST-02131,2025-06-23,Paid Search,134.79
ORD-006033,CUST-02131,2025-06-20,Paid Search,146.85
ORD-006034,CUST-02131,2025-09-03,Paid Search,147.98
ORD-006035,CUST-02132,2025-03-04,Paid Social,66.1
ORD-006036,CUST-02132,2025-03-05,Paid Social,103.96
ORD-006037,CUST-02133,2025-07-29,Email,130.19
ORD-006038,CUST-02134,2025-05-11,Paid Social,48.37
ORD-006039,CUST-02134,2025-06-08,Paid Social,88.62
ORD-006040,CUST-02134,2025-07-01,Paid Social,102.06
ORD-006041,CUST-02134,2025-08-02,Paid Social,105.58
ORD-006042,CUST-02135,2025-06-26,Paid Search,67.34
ORD-006043,CUST-02135,2025-08-21,Paid Search,60.82
ORD-006044,CUST-02135,2025-07-02,Paid Search,111.44
ORD-006045,CUST-02136,2025-08-25,Organic Social,64.14
ORD-006046,CUST-02136,2025-09-14,Organic Social,118.04
ORD-006047,CUST-02136,2025-09-05,Organic Social,83.0
ORD-006048,CUST-02136,2025-09-25,Organic Social,101.55
ORD-006049,CUST-02137,2025-11-18,Paid Search,84.92
ORD-006050,CUST-02137,2025-12-05,Paid Search,64.17
ORD-006051,CUST-02138,2025-06-07,Paid Search,147.64
ORD-006052,CUST-02138,2025-07-03,Paid Search,67.43
ORD-006053,CUST-02138,2025-06-30,Paid Search,110.37
ORD-006054,CUST-02138,2025-09-04,Paid Search,92.8
ORD-006055,CUST-02139,2025-02-09,Paid Social,64.84
ORD-006056,CUST-02139,2025-04-16,Paid Social,65.07
ORD-006057,CUST-02139,2025-02-12,Paid Social,88.69
ORD-006058,CUST-02140,2025-08-23,Organic Social,80.21
ORD-006059,CUST-02140,2025-11-07,Organic Social,38.43
ORD-006060,CUST-02141,2025-04-12,Email,133.89
ORD-006061,CUST-02141,2025-05-05,Email,105.89
ORD-006062,CUST-02142,2025-10-10,Paid Social,56.35
ORD-006063,CUST-02142,2025-12-15,Paid Social,119.41
ORD-006064,CUST-02142,2025-11-03,Paid Social,66.9
ORD-006065,CUST-02143,2025-07-28,Paid Social,56.27
ORD-006066,CUST-02143,2025-08-08,Paid Social,72.18
ORD-006067,CUST-02143,2025-11-15,Paid Social,61.08
ORD-006068,CUST-02144,2025-05-27,Affiliate,86.36
ORD-006069,CUST-02144,2025-08-10,Affiliate,123.41
ORD-006070,CUST-02144,2025-06-25,Affiliate,166.41
ORD-006071,CUST-02145,2025-08-07,Paid Search,105.55
ORD-006072,CUST-02145,2025-08-11,Paid Search,71.53
ORD-006073,CUST-02145,2025-12-19,Paid Search,108.1
ORD-006074,CUST-02145,2025-10-23,Paid Search,76.01
ORD-006075,CUST-02146,2025-02-25,Paid Search,88.07
ORD-006076,CUST-02146,2025-03-15,Paid Search,108.38
ORD-006077,CUST-02146,2025-07-21,Paid Search,102.13
ORD-006078,CUST-02146,2025-03-01,Paid Search,106.87
ORD-006079,CUST-02146,2025-05-18,Paid Search,84.18
ORD-006080,CUST-02147,2025-04-08,Paid Search,106.66
ORD-006081,CUST-02147,2025-04-24,Paid Search,112.37
ORD-006082,CUST-02147,2025-05-03,Paid Search,81.47
ORD-006083,CUST-02148,2025-01-24,Paid Social,48.77
ORD-006084,CUST-02148,2025-04-15,Paid Social,44.67
ORD-006085,CUST-02149,2025-04-19,Email,117.47
ORD-006086,CUST-02149,2025-08-06,Email,117.39
ORD-006087,CUST-02149,2025-05-18,Email,77.04
ORD-006088,CUST-02150,2025-11-03,Email,93.21
ORD-006089,CUST-02151,2025-07-09,Display,108.79
ORD-006090,CUST-02151,2025-07-10,Display,62.25
ORD-006091,CUST-02151,2025-08-21,Display,134.63
ORD-006092,CUST-02152,2025-06-14,Paid Search,86.76
ORD-006093,CUST-02152,2025-06-19,Paid Search,64.06
ORD-006094,CUST-02152,2025-07-05,Paid Search,138.44
ORD-006095,CUST-02153,2025-07-25,Paid Search,102.64
ORD-006096,CUST-02153,2025-07-28,Paid Search,89.96
ORD-006097,CUST-02153,2025-08-29,Paid Search,86.68
ORD-006098,CUST-02153,2025-10-02,Paid Search,53.62
ORD-006099,CUST-02153,2025-10-14,Paid Search,133.58
ORD-006100,CUST-02154,2025-07-22,Paid Search,97.04
ORD-006101,CUST-02154,2025-08-18,Paid Search,110.82
ORD-006102,CUST-02154,2025-10-27,Paid Search,95.95
ORD-006103,CUST-02155,2025-09-04,Paid Search,58.73
ORD-006104,CUST-02155,2025-12-25,Paid Search,129.13
ORD-006105,CUST-02155,2025-10-02,Paid Search,70.1
ORD-006106,CUST-02156,2025-04-19,Paid Search,127.79
ORD-006107,CUST-02156,2025-04-26,Paid Search,118.5
ORD-006108,CUST-02156,2025-05-29,Paid Search,136.93
ORD-006109,CUST-02157,2025-08-28,Email,58.67
ORD-006110,CUST-02157,2025-09-04,Email,169.37
ORD-006111,CUST-02157,2025-09-09,Email,87.69
ORD-006112,CUST-02157,2025-09-29,Email,75.15
ORD-006113,CUST-02158,2025-07-10,Paid Social,68.18
ORD-006114,CUST-02158,2025-08-06,Paid Social,52.37
ORD-006115,CUST-02158,2025-11-01,Paid Social,103.35
ORD-006116,CUST-02158,2025-11-18,Paid Social,73.34
ORD-006117,CUST-02158,2025-09-13,Paid Social,53.77
ORD-006118,CUST-02159,2025-02-13,Display,95.96
ORD-006119,CUST-02159,2025-02-26,Display,77.13
ORD-006120,CUST-02160,2025-11-05,Email,122.22
ORD-006121,CUST-02160,2025-12-07,Email,117.15
ORD-006122,CUST-02161,2025-06-04,Paid Search,87.34
ORD-006123,CUST-02161,2025-06-08,Paid Search,45.3
ORD-006124,CUST-02161,2025-11-02,Paid Search,128.97
ORD-006125,CUST-02162,2025-01-23,Paid Social,142.59
ORD-006126,CUST-02162,2025-02-23,Paid Social,47.56
ORD-006127,CUST-02163,2025-11-23,Email,97.3
ORD-006128,CUST-02164,2025-07-09,Affiliate,140.74
ORD-006129,CUST-02165,2025-06-11,Affiliate,133.98
ORD-006130,CUST-02165,2025-06-14,Affiliate,115.77
ORD-006131,CUST-02165,2025-08-27,Affiliate,112.98
ORD-006132,CUST-02165,2025-09-06,Affiliate,110.21
ORD-006133,CUST-02165,2025-11-06,Affiliate,70.63
ORD-006134,CUST-02166,2025-06-03,Paid Social,54.68
ORD-006135,CUST-02166,2025-06-11,Paid Social,93.19
ORD-006136,CUST-02167,2025-03-19,Email,129.94
ORD-006137,CUST-02167,2025-04-20,Email,72.15
ORD-006138,CUST-02167,2025-06-16,Email,99.58
ORD-006139,CUST-02167,2025-07-22,Email,79.43
ORD-006140,CUST-02167,2025-07-15,Email,135.33
ORD-006141,CUST-02168,2025-10-09,Paid Search,85.22
ORD-006142,CUST-02168,2025-12-11,Paid Search,141.74
ORD-006143,CUST-02169,2025-09-01,Email,98.99
ORD-006144,CUST-02169,2025-09-20,Email,136.17
ORD-006145,CUST-02169,2025-11-26,Email,92.98
ORD-006146,CUST-02169,2025-09-25,Email,87.09
ORD-006147,CUST-02170,2025-03-10,Organic Social,110.17
ORD-006148,CUST-02170,2025-03-26,Organic Social,66.76
ORD-006149,CUST-02170,2025-12-25,Organic Social,71.53
ORD-006150,CUST-02170,2025-05-16,Organic Social,35.33
ORD-006151,CUST-02170,2025-12-17,Organic Social,60.43
ORD-006152,CUST-02171,2025-04-17,Email,43.46
ORD-006153,CUST-02172,2025-02-27,Paid Social,104.13
ORD-006154,CUST-02172,2025-03-17,Paid Social,51.47
ORD-006155,CUST-02172,2025-04-16,Paid Social,97.46
ORD-006156,CUST-02172,2025-03-05,Paid Social,113.58
ORD-006157,CUST-02173,2025-04-17,Email,108.02
ORD-006158,CUST-02174,2025-08-23,Organic Social,63.16
ORD-006159,CUST-02174,2025-09-20,Organic Social,63.13
ORD-006160,CUST-02174,2025-09-18,Organic Social,129.53
ORD-006161,CUST-02175,2025-01-23,Paid Search,105.79
ORD-006162,CUST-02175,2025-02-10,Paid Search,56.23
ORD-006163,CUST-02175,2025-05-25,Paid Search,86.23
ORD-006164,CUST-02175,2025-01-26,Paid Search,83.85
ORD-006165,CUST-02175,2025-06-08,Paid Search,91.98
ORD-006166,CUST-02176,2025-03-04,Paid Social,82.43
ORD-006167,CUST-02177,2025-07-31,Paid Social,65.09
ORD-006168,CUST-02177,2025-08-19,Paid Social,71.0
ORD-006169,CUST-02178,2025-04-15,Paid Search,124.07
ORD-006170,CUST-02178,2025-05-10,Paid Search,65.17
ORD-006171,CUST-02178,2025-04-22,Paid Search,67.81
ORD-006172,CUST-02178,2025-05-11,Paid Search,87.16
ORD-006173,CUST-02179,2025-09-28,Paid Social,70.1
ORD-006174,CUST-02180,2025-09-04,Paid Social,65.84
ORD-006175,CUST-02180,2025-09-14,Paid Social,76.5
ORD-006176,CUST-02180,2025-09-07,Paid Social,88.57
ORD-006177,CUST-02181,2025-07-06,Paid Search,125.57
ORD-006178,CUST-02181,2025-09-09,Paid Search,78.96
ORD-006179,CUST-02181,2025-10-27,Paid Search,74.15
ORD-006180,CUST-02182,2025-04-19,Paid Social,93.04
ORD-006181,CUST-02182,2025-05-08,Paid Social,62.55
ORD-006182,CUST-02182,2025-04-19,Paid Social,58.41
ORD-006183,CUST-02182,2025-09-16,Paid Social,91.04
ORD-006184,CUST-02182,2025-08-10,Paid Social,40.24
ORD-006185,CUST-02183,2025-06-19,Email,61.26
ORD-006186,CUST-02183,2025-07-20,Email,113.54
ORD-006187,CUST-02183,2025-10-09,Email,93.65
ORD-006188,CUST-02184,2025-05-17,Paid Search,100.8
ORD-006189,CUST-02184,2025-07-10,Paid Search,131.04
ORD-006190,CUST-02185,2025-10-10,Organic Social,72.19
ORD-006191,CUST-02185,2025-10-20,Organic Social,62.38
ORD-006192,CUST-02185,2025-11-13,Organic Social,75.11
ORD-006193,CUST-02186,2025-03-31,Paid Search,169.58
ORD-006194,CUST-02186,2025-04-10,Paid Search,65.02
ORD-006195,CUST-02186,2025-12-29,Paid Search,131.29
ORD-006196,CUST-02186,2025-05-21,Paid Search,89.19
ORD-006197,CUST-02186,2025-04-15,Paid Search,106.34
ORD-006198,CUST-02187,2025-01-20,Email,67.9
ORD-006199,CUST-02187,2025-02-26,Email,72.03
ORD-006200,CUST-02188,2025-09-25,Paid Search,132.72
ORD-006201,CUST-02188,2025-10-16,Paid Search,122.07
ORD-006202,CUST-02189,2025-11-22,Paid Social,57.7
ORD-006203,CUST-02189,2025-12-19,Paid Social,78.2
ORD-006204,CUST-02190,2025-02-27,Email,149.58
ORD-006205,CUST-02190,2025-03-25,Email,78.09
ORD-006206,CUST-02191,2025-10-05,Email,109.76
ORD-006207,CUST-02192,2025-10-30,Affiliate,145.44
ORD-006208,CUST-02192,2025-12-16,Affiliate,85.15
ORD-006209,CUST-02192,2025-12-25,Affiliate,116.38
ORD-006210,CUST-02193,2025-10-28,Affiliate,150.35
ORD-006211,CUST-02194,2025-10-19,Paid Social,83.96
ORD-006212,CUST-02194,2025-11-14,Paid Social,118.96
ORD-006213,CUST-02195,2025-09-28,Paid Search,108.4
ORD-006214,CUST-02195,2025-10-23,Paid Search,142.43
ORD-006215,CUST-02196,2025-10-25,Email,132.15
ORD-006216,CUST-02196,2025-10-25,Email,59.57
ORD-006217,CUST-02196,2025-11-30,Email,80.96
ORD-006218,CUST-02197,2025-06-21,Paid Social,61.16
ORD-006219,CUST-02197,2025-07-20,Paid Social,79.62
ORD-006220,CUST-02198,2025-07-13,Paid Search,95.78
ORD-006221,CUST-02198,2025-07-21,Paid Search,95.31
ORD-006222,CUST-02198,2025-09-23,Paid Search,69.87
ORD-006223,CUST-02199,2025-03-20,Paid Search,89.76
ORD-006224,CUST-02200,2025-03-20,Paid Social,72.11
ORD-006225,CUST-02201,2025-02-05,Paid Search,101.99
ORD-006226,CUST-02201,2025-06-24,Paid Search,64.19
ORD-006227,CUST-02202,2025-10-17,Paid Social,119.05
ORD-006228,CUST-02202,2025-12-14,Paid Social,68.58
ORD-006229,CUST-02202,2025-12-27,Paid Social,93.61
ORD-006230,CUST-02203,2025-09-21,Display,77.44
ORD-006231,CUST-02203,2025-12-06,Display,94.38
ORD-006232,CUST-02203,2025-12-08,Display,90.97
ORD-006233,CUST-02203,2025-11-18,Display,79.62
ORD-006234,CUST-02204,2025-08-29,Paid Social,53.56
ORD-006235,CUST-02204,2025-10-12,Paid Social,98.6
ORD-006236,CUST-02205,2025-08-16,Organic Social,64.13
ORD-006237,CUST-02206,2025-01-02,Paid Search,128.68
ORD-006238,CUST-02206,2025-01-27,Paid Search,90.52
ORD-006239,CUST-02207,2025-04-07,Paid Search,56.96
ORD-006240,CUST-02207,2025-05-26,Paid Search,121.44
ORD-006241,CUST-02207,2025-08-08,Paid Search,125.16
ORD-006242,CUST-02207,2025-04-15,Paid Search,94.17
ORD-006243,CUST-02207,2025-11-04,Paid Search,89.33
ORD-006244,CUST-02208,2025-09-23,Email,123.59
ORD-006245,CUST-02208,2025-11-07,Email,111.29
ORD-006246,CUST-02208,2025-10-10,Email,76.02
ORD-006247,CUST-02209,2025-03-18,Affiliate,78.41
ORD-006248,CUST-02209,2025-03-24,Affiliate,90.25
ORD-006249,CUST-02209,2025-04-29,Affiliate,105.15
ORD-006250,CUST-02209,2025-12-19,Affiliate,67.71
ORD-006251,CUST-02209,2025-04-28,Affiliate,96.68
ORD-006252,CUST-02209,2025-04-30,Affiliate,172.7
ORD-006253,CUST-02210,2025-04-02,Display,46.95
ORD-006254,CUST-02210,2025-07-06,Display,93.58
ORD-006255,CUST-02210,2025-08-25,Display,128.29
ORD-006256,CUST-02210,2025-09-23,Display,54.59
ORD-006257,CUST-02211,2025-02-23,Display,91.3
ORD-006258,CUST-02212,2025-07-27,Affiliate,85.76
ORD-006259,CUST-02212,2025-09-22,Affiliate,87.38
ORD-006260,CUST-02213,2025-08-28,Email,78.24
ORD-006261,CUST-02213,2025-09-30,Email,68.38
ORD-006262,CUST-02213,2025-09-05,Email,130.43
ORD-006263,CUST-02214,2025-04-13,Display,98.4
ORD-006264,CUST-02215,2025-03-26,Affiliate,127.7
ORD-006265,CUST-02215,2025-05-05,Affiliate,121.84
ORD-006266,CUST-02215,2025-05-15,Affiliate,119.79
ORD-006267,CUST-02215,2025-03-28,Affiliate,158.82
ORD-006268,CUST-02215,2025-10-16,Affiliate,99.93
ORD-006269,CUST-02216,2025-02-19,Paid Search,98.51
ORD-006270,CUST-02216,2025-04-24,Paid Search,108.74
ORD-006271,CUST-02216,2025-06-09,Paid Search,91.7
ORD-006272,CUST-02216,2025-03-13,Paid Search,88.35
ORD-006273,CUST-02217,2025-06-16,Affiliate,138.17
ORD-006274,CUST-02217,2025-06-20,Affiliate,131.11
ORD-006275,CUST-02218,2025-11-15,Paid Search,124.21
ORD-006276,CUST-02219,2025-07-16,Organic Social,94.05
ORD-006277,CUST-02219,2025-07-23,Organic Social,65.63
ORD-006278,CUST-02219,2025-11-20,Organic Social,74.13
ORD-006279,CUST-02220,2025-09-11,Paid Search,128.14
ORD-006280,CUST-02220,2025-09-19,Paid Search,93.16
ORD-006281,CUST-02220,2025-09-20,Paid Search,83.54
ORD-006282,CUST-02220,2025-11-01,Paid Search,134.07
ORD-006283,CUST-02221,2025-03-02,Paid Social,51.6
ORD-006284,CUST-02221,2025-03-21,Paid Social,68.05
ORD-006285,CUST-02221,2025-03-28,Paid Social,71.48
ORD-006286,CUST-02221,2025-11-21,Paid Social,52.99
ORD-006287,CUST-02221,2025-05-13,Paid Social,117.08
ORD-006288,CUST-02222,2025-06-17,Organic Social,57.67
ORD-006289,CUST-02222,2025-11-13,Organic Social,47.96
ORD-006290,CUST-02222,2025-08-04,Organic Social,43.02
ORD-006291,CUST-02223,2025-07-11,Paid Search,99.79
ORD-006292,CUST-02223,2025-10-24,Paid Search,128.17
ORD-006293,CUST-02224,2025-09-22,Display,69.18
ORD-006294,CUST-02224,2025-09-24,Display,42.23
ORD-006295,CUST-02224,2025-10-19,Display,97.97
ORD-006296,CUST-02224,2025-12-23,Display,100.73
ORD-006297,CUST-02225,2025-03-16,Paid Social,60.2
ORD-006298,CUST-02225,2025-03-23,Paid Social,95.62
ORD-006299,CUST-02226,2025-10-26,Paid Search,87.87
ORD-006300,CUST-02226,2025-10-27,Paid Search,135.49
ORD-006301,CUST-02227,2025-05-30,Organic Social,64.83
ORD-006302,CUST-02227,2025-08-15,Organic Social,70.45
ORD-006303,CUST-02227,2025-06-07,Organic Social,44.28
ORD-006304,CUST-02227,2025-07-21,Organic Social,98.99
ORD-006305,CUST-02228,2025-05-01,Paid Search,67.29
ORD-006306,CUST-02228,2025-06-10,Paid Search,145.33
ORD-006307,CUST-02229,2025-06-27,Affiliate,78.06
ORD-006308,CUST-02229,2025-08-01,Affiliate,118.62
ORD-006309,CUST-02229,2025-07-12,Affiliate,168.29
ORD-006310,CUST-02230,2025-06-08,Paid Social,54.1
ORD-006311,CUST-02230,2025-06-08,Paid Social,48.25
ORD-006312,CUST-02230,2025-08-29,Paid Social,48.8
ORD-006313,CUST-02230,2025-11-29,Paid Social,69.01
ORD-006314,CUST-02231,2025-07-23,Affiliate,85.22
ORD-006315,CUST-02231,2025-08-28,Affiliate,171.43
ORD-006316,CUST-02231,2025-08-29,Affiliate,141.89
ORD-006317,CUST-02232,2025-10-27,Display,59.0
ORD-006318,CUST-02233,2025-05-31,Email,102.29
ORD-006319,CUST-02233,2025-08-16,Email,97.77
ORD-006320,CUST-02233,2025-06-04,Email,104.42
ORD-006321,CUST-02233,2025-09-26,Email,89.48
ORD-006322,CUST-02233,2025-06-25,Email,63.02
ORD-006323,CUST-02234,2025-03-08,Organic Social,73.58
ORD-006324,CUST-02234,2025-04-12,Organic Social,53.03
ORD-006325,CUST-02234,2025-04-27,Organic Social,50.59
ORD-006326,CUST-02235,2025-04-24,Paid Search,108.89
ORD-006327,CUST-02235,2025-06-07,Paid Search,85.74
ORD-006328,CUST-02236,2025-05-08,Affiliate,87.56
ORD-006329,CUST-02236,2025-05-25,Affiliate,152.83
ORD-006330,CUST-02237,2025-06-13,Display,133.68
ORD-006331,CUST-02237,2025-07-25,Display,104.16
ORD-006332,CUST-02237,2025-06-14,Display,57.59
ORD-006333,CUST-02238,2025-09-10,Paid Social,81.7
ORD-006334,CUST-02238,2025-11-18,Paid Social,75.3
ORD-006335,CUST-02239,2025-02-26,Email,87.05
ORD-006336,CUST-02239,2025-05-01,Email,54.28
ORD-006337,CUST-02239,2025-03-18,Email,89.85
ORD-006338,CUST-02240,2025-05-06,Email,127.34
ORD-006339,CUST-02240,2025-06-11,Email,110.46
ORD-006340,CUST-02240,2025-06-01,Email,100.62
ORD-006341,CUST-02241,2025-11-21,Display,98.61
ORD-006342,CUST-02241,2025-12-30,Display,79.08
ORD-006343,CUST-02241,2025-12-08,Display,127.44
ORD-006344,CUST-02242,2025-03-27,Paid Search,121.24
ORD-006345,CUST-02242,2025-04-29,Paid Search,129.91
ORD-006346,CUST-02242,2025-06-03,Paid Search,65.24
ORD-006347,CUST-02242,2025-03-27,Paid Search,91.07
ORD-006348,CUST-02243,2025-09-26,Paid Search,111.56
ORD-006349,CUST-02243,2025-12-10,Paid Search,66.09
ORD-006350,CUST-02243,2025-11-01,Paid Search,101.87
ORD-006351,CUST-02244,2025-01-16,Paid Search,72.7
ORD-006352,CUST-02244,2025-01-19,Paid Search,99.53
ORD-006353,CUST-02244,2025-03-17,Paid Search,86.31
ORD-006354,CUST-02245,2025-10-21,Paid Search,71.44
ORD-006355,CUST-02245,2025-11-26,Paid Search,110.55
ORD-006356,CUST-02245,2025-12-15,Paid Search,127.83
ORD-006357,CUST-02246,2025-02-24,Paid Search,121.44
ORD-006358,CUST-02247,2025-02-08,Email,58.32
ORD-006359,CUST-02248,2025-02-25,Paid Social,87.42
ORD-006360,CUST-02248,2025-05-04,Paid Social,76.28
ORD-006361,CUST-02248,2025-04-16,Paid Social,81.08
ORD-006362,CUST-02248,2025-04-03,Paid Social,74.52
ORD-006363,CUST-02249,2025-10-04,Affiliate,87.91
ORD-006364,CUST-02250,2025-11-09,Display,78.8
ORD-006365,CUST-02250,2025-11-15,Display,60.92
ORD-006366,CUST-02251,2025-04-14,Paid Search,116.03
ORD-006367,CUST-02251,2025-05-11,Paid Search,154.17
ORD-006368,CUST-02252,2025-10-09,Paid Search,94.36
ORD-006369,CUST-02253,2025-03-27,Display,85.02
ORD-006370,CUST-02253,2025-05-12,Display,74.17
ORD-006371,CUST-02254,2025-01-30,Affiliate,149.88
ORD-006372,CUST-02254,2025-02-01,Affiliate,88.94
ORD-006373,CUST-02254,2025-02-07,Affiliate,65.96
ORD-006374,CUST-02254,2025-05-25,Affiliate,108.49
ORD-006375,CUST-02255,2025-06-28,Display,91.65
ORD-006376,CUST-02255,2025-10-21,Display,90.02
ORD-006377,CUST-02255,2025-08-22,Display,44.46
ORD-006378,CUST-02256,2025-05-27,Email,72.43
ORD-006379,CUST-02256,2025-06-03,Email,104.62
ORD-006380,CUST-02256,2025-06-14,Email,104.14
ORD-006381,CUST-02256,2025-11-27,Email,105.11
ORD-006382,CUST-02256,2025-11-06,Email,113.83
ORD-006383,CUST-02257,2025-06-20,Paid Search,120.0
ORD-006384,CUST-02257,2025-08-08,Paid Search,167.93
ORD-006385,CUST-02257,2025-11-15,Paid Search,41.37
ORD-006386,CUST-02257,2025-08-22,Paid Search,112.67
ORD-006387,CUST-02258,2025-04-06,Paid Social,43.75
ORD-006388,CUST-02258,2025-05-23,Paid Social,60.69
ORD-006389,CUST-02258,2025-05-04,Paid Social,51.04
ORD-006390,CUST-02259,2025-06-07,Display,73.43
ORD-006391,CUST-02259,2025-06-10,Display,92.37
ORD-006392,CUST-02260,2025-07-31,Paid Search,101.17
ORD-006393,CUST-02260,2025-07-31,Paid Search,111.8
ORD-006394,CUST-02260,2025-11-24,Paid Search,58.19
ORD-006395,CUST-02261,2025-05-21,Paid Social,66.46
ORD-006396,CUST-02261,2025-07-07,Paid Social,88.28
ORD-006397,CUST-02261,2025-06-10,Paid Social,67.68
ORD-006398,CUST-02262,2025-10-27,Paid Search,143.02
ORD-006399,CUST-02262,2025-12-03,Paid Search,59.86
ORD-006400,CUST-02262,2025-12-18,Paid Search,87.44
ORD-006401,CUST-02263,2025-05-29,Email,94.14
ORD-006402,CUST-02263,2025-06-04,Email,127.56
ORD-006403,CUST-02263,2025-07-31,Email,127.88
ORD-006404,CUST-02264,2025-08-02,Email,50.24
ORD-006405,CUST-02264,2025-08-07,Email,142.26
ORD-006406,CUST-02265,2025-01-06,Email,73.72
ORD-006407,CUST-02265,2025-01-23,Email,46.86
ORD-006408,CUST-02266,2025-11-14,Paid Social,90.2
ORD-006409,CUST-02267,2025-06-26,Email,134.61
ORD-006410,CUST-02267,2025-09-18,Email,97.17
ORD-006411,CUST-02267,2025-07-26,Email,143.32
ORD-006412,CUST-02268,2025-04-25,Organic Social,75.98
ORD-006413,CUST-02268,2025-07-03,Organic Social,35.32
ORD-006414,CUST-02269,2025-05-30,Email,107.1
ORD-006415,CUST-02269,2025-06-26,Email,122.36
ORD-006416,CUST-02269,2025-08-10,Email,38.1
ORD-006417,CUST-02270,2025-06-23,Display,72.49
ORD-006418,CUST-02270,2025-06-24,Display,61.11
ORD-006419,CUST-02270,2025-08-07,Display,82.53
ORD-006420,CUST-02271,2025-08-04,Paid Search,67.25
ORD-006421,CUST-02271,2025-08-20,Paid Search,106.88
ORD-006422,CUST-02271,2025-09-29,Paid Search,95.44
ORD-006423,CUST-02271,2025-10-22,Paid Search,73.97
ORD-006424,CUST-02271,2025-10-15,Paid Search,108.79
ORD-006425,CUST-02272,2025-02-27,Email,128.94
ORD-006426,CUST-02272,2025-03-17,Email,57.1
ORD-006427,CUST-02272,2025-07-10,Email,67.17
ORD-006428,CUST-02272,2025-09-05,Email,85.68
ORD-006429,CUST-02273,2025-01-16,Paid Search,117.87
ORD-006430,CUST-02273,2025-01-19,Paid Search,85.03
ORD-006431,CUST-02273,2025-07-21,Paid Search,92.8
ORD-006432,CUST-02274,2025-04-13,Paid Search,65.57
ORD-006433,CUST-02274,2025-06-03,Paid Search,127.12
ORD-006434,CUST-02274,2025-08-17,Paid Search,107.32
ORD-006435,CUST-02274,2025-07-04,Paid Search,97.99
ORD-006436,CUST-02275,2025-02-24,Paid Social,68.06
ORD-006437,CUST-02275,2025-02-25,Paid Social,86.79
ORD-006438,CUST-02275,2025-03-02,Paid Social,97.99
ORD-006439,CUST-02275,2025-07-12,Paid Social,106.65
ORD-006440,CUST-02276,2025-06-30,Paid Social,86.5
ORD-006441,CUST-02276,2025-08-04,Paid Social,112.98
ORD-006442,CUST-02276,2025-07-31,Paid Social,92.75
ORD-006443,CUST-02276,2025-12-16,Paid Social,88.31
ORD-006444,CUST-02277,2025-06-05,Email,103.35
ORD-006445,CUST-02277,2025-08-02,Email,144.67
ORD-006446,CUST-02277,2025-06-30,Email,92.78
ORD-006447,CUST-02278,2025-10-07,Affiliate,68.97
ORD-006448,CUST-02278,2025-12-24,Affiliate,122.38
ORD-006449,CUST-02278,2025-12-08,Affiliate,118.26
ORD-006450,CUST-02278,2025-11-11,Affiliate,106.19
ORD-006451,CUST-02279,2025-04-27,Affiliate,114.19
ORD-006452,CUST-02279,2025-04-29,Affiliate,105.52
ORD-006453,CUST-02280,2025-05-21,Paid Search,134.45
ORD-006454,CUST-02280,2025-07-09,Paid Search,96.66
ORD-006455,CUST-02280,2025-08-04,Paid Search,98.52
ORD-006456,CUST-02281,2025-07-12,Display,75.22
ORD-006457,CUST-02281,2025-07-20,Display,69.96
ORD-006458,CUST-02281,2025-09-10,Display,89.63
ORD-006459,CUST-02282,2025-04-21,Email,100.21
ORD-006460,CUST-02282,2025-04-23,Email,86.16
ORD-006461,CUST-02282,2025-05-11,Email,49.86
ORD-006462,CUST-02282,2025-12-06,Email,62.48
ORD-006463,CUST-02283,2025-03-26,Affiliate,95.8
ORD-006464,CUST-02283,2025-04-15,Affiliate,112.63
ORD-006465,CUST-02283,2025-08-25,Affiliate,74.74
ORD-006466,CUST-02283,2025-04-25,Affiliate,93.95
ORD-006467,CUST-02284,2025-06-01,Paid Social,71.34
ORD-006468,CUST-02284,2025-06-03,Paid Social,67.81
ORD-006469,CUST-02284,2025-08-25,Paid Social,98.24
ORD-006470,CUST-02284,2025-06-10,Paid Social,62.63
ORD-006471,CUST-02285,2025-11-13,Paid Search,63.99
ORD-006472,CUST-02285,2025-12-29,Paid Search,77.09
ORD-006473,CUST-02286,2025-02-25,Email,72.0
ORD-006474,CUST-02286,2025-03-31,Email,84.57
ORD-006475,CUST-02287,2025-04-25,Email,109.67
ORD-006476,CUST-02287,2025-05-01,Email,84.83
ORD-006477,CUST-02287,2025-07-25,Email,118.03
ORD-006478,CUST-02288,2025-07-28,Organic Social,68.55
ORD-006479,CUST-02288,2025-10-02,Organic Social,65.61
ORD-006480,CUST-02288,2025-11-12,Organic Social,74.97
ORD-006481,CUST-02289,2025-01-27,Paid Search,76.62
ORD-006482,CUST-02289,2025-01-27,Paid Search,165.31
ORD-006483,CUST-02290,2025-11-02,Email,84.49
ORD-006484,CUST-02290,2025-12-26,Email,47.42
ORD-006485,CUST-02291,2025-07-14,Paid Social,59.69
ORD-006486,CUST-02291,2025-08-20,Paid Social,102.96
ORD-006487,CUST-02291,2025-07-30,Paid Social,95.49
ORD-006488,CUST-02292,2025-03-18,Paid Social,70.61
ORD-006489,CUST-02292,2025-05-04,Paid Social,54.59
ORD-006490,CUST-02293,2025-01-16,Affiliate,175.89
ORD-006491,CUST-02293,2025-03-28,Affiliate,130.12
ORD-006492,CUST-02293,2025-01-20,Affiliate,87.81
ORD-006493,CUST-02293,2025-05-24,Affiliate,97.15
ORD-006494,CUST-02294,2025-03-01,Affiliate,130.02
ORD-006495,CUST-02294,2025-07-12,Affiliate,104.38
ORD-006496,CUST-02295,2025-08-07,Display,72.15
ORD-006497,CUST-02295,2025-08-28,Display,133.78
ORD-006498,CUST-02295,2025-09-06,Display,59.34
ORD-006499,CUST-02296,2025-09-24,Paid Search,84.22
ORD-006500,CUST-02296,2025-10-29,Paid Search,94.9
ORD-006501,CUST-02297,2025-09-23,Paid Social,65.0
ORD-006502,CUST-02297,2025-10-24,Paid Social,74.93
ORD-006503,CUST-02297,2025-10-04,Paid Social,49.73
ORD-006504,CUST-02297,2025-10-03,Paid Social,70.54
ORD-006505,CUST-02298,2025-01-28,Paid Search,150.58
ORD-006506,CUST-02299,2025-10-11,Paid Social,101.19
ORD-006507,CUST-02299,2025-12-17,Paid Social,104.36
ORD-006508,CUST-02300,2025-04-26,Email,92.67
ORD-006509,CUST-02300,2025-09-27,Email,97.76
ORD-006510,CUST-02300,2025-12-07,Email,124.04
ORD-006511,CUST-02300,2025-12-18,Email,99.75
ORD-006512,CUST-02301,2025-06-06,Paid Social,61.69
ORD-006513,CUST-02301,2025-07-18,Paid Social,83.64
ORD-006514,CUST-02302,2025-06-12,Display,107.67
ORD-006515,CUST-02302,2025-08-13,Display,79.2
ORD-006516,CUST-02302,2025-10-20,Display,75.87
ORD-006517,CUST-02303,2025-02-23,Email,113.99
ORD-006518,CUST-02303,2025-03-10,Email,86.33
ORD-006519,CUST-02303,2025-05-14,Email,40.47
ORD-006520,CUST-02304,2025-03-29,Email,145.95
ORD-006521,CUST-02304,2025-03-30,Email,68.5
ORD-006522,CUST-02304,2025-05-09,Email,121.14
ORD-006523,CUST-02304,2025-06-24,Email,88.89
ORD-006524,CUST-02305,2025-06-16,Paid Social,60.95
ORD-006525,CUST-02305,2025-08-04,Paid Social,67.21
ORD-006526,CUST-02305,2025-12-08,Paid Social,96.03
ORD-006527,CUST-02306,2025-11-18,Paid Social,72.48
ORD-006528,CUST-02307,2025-10-22,Paid Social,95.67
ORD-006529,CUST-02307,2025-11-19,Paid Social,99.01
ORD-006530,CUST-02307,2025-12-12,Paid Social,58.75
ORD-006531,CUST-02308,2025-10-25,Paid Search,112.73
ORD-006532,CUST-02308,2025-10-29,Paid Search,119.18
ORD-006533,CUST-02308,2025-11-26,Paid Search,72.57
ORD-006534,CUST-02309,2025-10-02,Affiliate,118.21
ORD-006535,CUST-02309,2025-10-14,Affiliate,136.27
ORD-006536,CUST-02310,2025-04-12,Affiliate,92.46
ORD-006537,CUST-02310,2025-05-18,Affiliate,113.99
ORD-006538,CUST-02310,2025-05-18,Affiliate,107.81
ORD-006539,CUST-02310,2025-07-01,Affiliate,104.05
ORD-006540,CUST-02310,2025-10-15,Affiliate,112.97
ORD-006541,CUST-02311,2025-08-09,Display,71.13
ORD-006542,CUST-02311,2025-11-25,Display,44.53
ORD-006543,CUST-02311,2025-09-03,Display,82.37
ORD-006544,CUST-02312,2025-10-16,Email,108.42
ORD-006545,CUST-02312,2025-12-21,Email,122.43
ORD-006546,CUST-02313,2025-10-04,Email,101.24
ORD-006547,CUST-02313,2025-11-12,Email,48.53
ORD-006548,CUST-02314,2025-04-02,Paid Social,47.94
ORD-006549,CUST-02314,2025-04-15,Paid Social,102.99
ORD-006550,CUST-02315,2025-02-15,Paid Search,116.06
ORD-006551,CUST-02315,2025-03-14,Paid Search,96.48
ORD-006552,CUST-02315,2025-10-22,Paid Search,100.25
ORD-006553,CUST-02316,2025-03-16,Paid Social,102.96
ORD-006554,CUST-02316,2025-04-25,Paid Social,58.3
ORD-006555,CUST-02316,2025-03-19,Paid Social,101.25
ORD-006556,CUST-02316,2025-03-25,Paid Social,83.49
ORD-006557,CUST-02316,2025-05-26,Paid Social,107.22
ORD-006558,CUST-02317,2025-05-22,Organic Social,102.11
ORD-006559,CUST-02317,2025-06-12,Organic Social,39.2
ORD-006560,CUST-02317,2025-06-07,Organic Social,57.75
ORD-006561,CUST-02317,2025-11-12,Organic Social,29.21
ORD-006562,CUST-02317,2025-06-20,Organic Social,98.05
ORD-006563,CUST-02318,2025-07-08,Paid Search,99.51
ORD-006564,CUST-02318,2025-08-03,Paid Search,97.84
ORD-006565,CUST-02318,2025-07-29,Paid Search,99.42
ORD-006566,CUST-02318,2025-12-31,Paid Search,109.45
ORD-006567,CUST-02319,2025-03-24,Email,143.51
ORD-006568,CUST-02319,2025-03-29,Email,114.13
ORD-006569,CUST-02319,2025-04-01,Email,58.61
ORD-006570,CUST-02320,2025-01-16,Affiliate,126.59
ORD-006571,CUST-02320,2025-03-05,Affiliate,146.16
ORD-006572,CUST-02321,2025-10-12,Paid Social,57.36
ORD-006573,CUST-02321,2025-11-25,Paid Social,93.19
ORD-006574,CUST-02321,2025-11-20,Paid Social,43.97
ORD-006575,CUST-02322,2025-06-30,Email,143.38
ORD-006576,CUST-02322,2025-08-31,Email,50.4
ORD-006577,CUST-02323,2025-07-12,Affiliate,83.4
ORD-006578,CUST-02323,2025-10-14,Affiliate,128.64
ORD-006579,CUST-02323,2025-10-26,Affiliate,79.11
ORD-006580,CUST-02323,2025-10-05,Affiliate,107.53
ORD-006581,CUST-02324,2025-04-19,Email,86.38
ORD-006582,CUST-02324,2025-05-18,Email,138.74
ORD-006583,CUST-02325,2025-04-01,Display,117.9
ORD-006584,CUST-02326,2025-03-28,Paid Social,67.49
ORD-006585,CUST-02326,2025-05-29,Paid Social,86.52
ORD-006586,CUST-02326,2025-06-06,Paid Social,59.64
ORD-006587,CUST-02327,2025-02-07,Display,76.66
ORD-006588,CUST-02327,2025-02-16,Display,93.03
ORD-006589,CUST-02327,2025-05-07,Display,47.89
ORD-006590,CUST-02328,2025-08-07,Paid Search,113.79
ORD-006591,CUST-02328,2025-08-08,Paid Search,146.82
ORD-006592,CUST-02329,2025-04-20,Paid Search,66.58
ORD-006593,CUST-02329,2025-06-09,Paid Search,127.97
ORD-006594,CUST-02329,2025-05-31,Paid Search,96.69
ORD-006595,CUST-02329,2025-07-02,Paid Search,119.54
ORD-006596,CUST-02330,2025-08-23,Email,117.1
ORD-006597,CUST-02330,2025-10-27,Email,101.52
ORD-006598,CUST-02331,2025-06-02,Paid Social,92.08
ORD-006599,CUST-02331,2025-07-03,Paid Social,93.43
ORD-006600,CUST-02331,2025-08-05,Paid Social,65.28
ORD-006601,CUST-02331,2025-06-27,Paid Social,70.48
ORD-006602,CUST-02332,2025-09-08,Affiliate,90.96
ORD-006603,CUST-02333,2025-07-01,Paid Social,81.81
ORD-006604,CUST-02334,2025-07-24,Display,83.53
ORD-006605,CUST-02334,2025-08-25,Display,78.32
ORD-006606,CUST-02334,2025-09-07,Display,77.11
ORD-006607,CUST-02334,2025-10-02,Display,98.69
ORD-006608,CUST-02335,2025-02-17,Paid Search,73.78
ORD-006609,CUST-02336,2025-09-20,Organic Social,59.2
ORD-006610,CUST-02336,2025-10-13,Organic Social,62.69
ORD-006611,CUST-02336,2025-09-29,Organic Social,58.21
ORD-006612,CUST-02337,2025-02-16,Paid Social,56.08
ORD-006613,CUST-02337,2025-02-19,Paid Social,122.07
ORD-006614,CUST-02337,2025-06-13,Paid Social,64.93
ORD-006615,CUST-02338,2025-07-17,Paid Search,67.11
ORD-006616,CUST-02338,2025-07-21,Paid Search,75.12
ORD-006617,CUST-02338,2025-07-19,Paid Search,126.11
ORD-006618,CUST-02339,2025-10-04,Affiliate,151.81
ORD-006619,CUST-02339,2025-12-30,Affiliate,148.65
ORD-006620,CUST-02339,2025-11-21,Affiliate,85.25
ORD-006621,CUST-02339,2025-10-11,Affiliate,111.78
ORD-006622,CUST-02340,2025-02-14,Organic Social,64.45
ORD-006623,CUST-02341,2025-06-14,Organic Social,52.55
ORD-006624,CUST-02341,2025-07-30,Organic Social,55.02
ORD-006625,CUST-02342,2025-11-17,Paid Search,104.79
ORD-006626,CUST-02342,2025-11-23,Paid Search,98.78
ORD-006627,CUST-02343,2025-03-14,Display,98.83
ORD-006628,CUST-02343,2025-05-14,Display,97.69
ORD-006629,CUST-02343,2025-03-18,Display,86.4
ORD-006630,CUST-02343,2025-06-09,Display,83.11
ORD-006631,CUST-02343,2025-08-17,Display,61.83
ORD-006632,CUST-02343,2025-05-13,Display,96.48
ORD-006633,CUST-02343,2025-05-25,Display,52.31
ORD-006634,CUST-02344,2025-09-04,Email,86.46
ORD-006635,CUST-02344,2025-11-24,Email,99.8
ORD-006636,CUST-02345,2025-06-10,Display,85.64
ORD-006637,CUST-02345,2025-08-07,Display,65.21
ORD-006638,CUST-02346,2025-02-22,Paid Social,70.3
ORD-006639,CUST-02346,2025-03-13,Paid Social,61.82
ORD-006640,CUST-02346,2025-08-08,Paid Social,100.01
ORD-006641,CUST-02346,2025-08-26,Paid Social,45.75
ORD-006642,CUST-02346,2025-07-18,Paid Social,74.26
ORD-006643,CUST-02346,2025-03-17,Paid Social,66.6
ORD-006644,CUST-02346,2025-04-20,Paid Social,124.39
ORD-006645,CUST-02347,2025-06-23,Paid Social,87.79
ORD-006646,CUST-02347,2025-09-04,Paid Social,51.41
ORD-006647,CUST-02348,2025-11-19,Affiliate,139.66
ORD-006648,CUST-02349,2025-10-28,Affiliate,153.0
ORD-006649,CUST-02349,2025-10-30,Affiliate,58.73
ORD-006650,CUST-02350,2025-02-15,Affiliate,149.62
ORD-006651,CUST-02351,2025-09-12,Display,58.25
ORD-006652,CUST-02351,2025-09-20,Display,121.41
ORD-006653,CUST-02351,2025-11-21,Display,67.1
ORD-006654,CUST-02352,2025-06-29,Display,79.83
ORD-006655,CUST-02352,2025-07-28,Display,75.58
ORD-006656,CUST-02352,2025-10-01,Display,152.8
ORD-006657,CUST-02353,2025-06-30,Paid Search,67.84
ORD-006658,CUST-02353,2025-07-23,Paid Search,74.57
ORD-006659,CUST-02353,2025-10-03,Paid Search,138.02
ORD-006660,CUST-02354,2025-02-16,Display,94.46
ORD-006661,CUST-02354,2025-02-20,Display,59.91
ORD-006662,CUST-02354,2025-07-25,Display,67.43
ORD-006663,CUST-02354,2025-08-20,Display,73.94
ORD-006664,CUST-02355,2025-05-06,Email,92.81
ORD-006665,CUST-02355,2025-05-31,Email,64.81
ORD-006666,CUST-02355,2025-07-14,Email,99.24
ORD-006667,CUST-02356,2025-11-22,Paid Social,67.45
ORD-006668,CUST-02356,2025-12-23,Paid Social,75.08
ORD-006669,CUST-02357,2025-05-21,Affiliate,153.63
ORD-006670,CUST-02357,2025-06-01,Affiliate,91.27
ORD-006671,CUST-02357,2025-06-15,Affiliate,73.53
ORD-006672,CUST-02358,2025-03-27,Affiliate,124.13
ORD-006673,CUST-02358,2025-04-23,Affiliate,108.28
ORD-006674,CUST-02359,2025-07-04,Organic Social,51.73
ORD-006675,CUST-02359,2025-10-29,Organic Social,69.8
ORD-006676,CUST-02359,2025-12-21,Organic Social,67.18
ORD-006677,CUST-02360,2025-08-08,Paid Social,65.95
ORD-006678,CUST-02361,2025-05-01,Email,108.03
ORD-006679,CUST-02361,2025-07-20,Email,65.46
ORD-006680,CUST-02361,2025-08-30,Email,77.55
ORD-006681,CUST-02362,2025-10-18,Organic Social,82.94
ORD-006682,CUST-02362,2025-10-24,Organic Social,56.53
ORD-006683,CUST-02363,2025-10-06,Paid Social,99.32
ORD-006684,CUST-02363,2025-11-28,Paid Social,53.39
ORD-006685,CUST-02363,2025-11-04,Paid Social,43.02
ORD-006686,CUST-02363,2025-10-29,Paid Social,55.66
ORD-006687,CUST-02364,2025-10-21,Affiliate,160.9
ORD-006688,CUST-02364,2025-10-30,Affiliate,123.76
ORD-006689,CUST-02365,2025-01-11,Organic Social,62.16
ORD-006690,CUST-02365,2025-02-12,Organic Social,92.16
ORD-006691,CUST-02366,2025-05-26,Email,65.46
ORD-006692,CUST-02366,2025-07-18,Email,90.26
ORD-006693,CUST-02367,2025-07-10,Organic Social,80.53
ORD-006694,CUST-02367,2025-07-26,Organic Social,78.42
ORD-006695,CUST-02367,2025-08-15,Organic Social,38.06
ORD-006696,CUST-02367,2025-07-30,Organic Social,54.33
ORD-006697,CUST-02367,2025-09-12,Organic Social,33.97
ORD-006698,CUST-02368,2025-08-24,Paid Social,77.03
ORD-006699,CUST-02368,2025-08-27,Paid Social,59.59
ORD-006700,CUST-02368,2025-12-14,Paid Social,94.22
ORD-006701,CUST-02369,2025-06-30,Paid Search,84.72
ORD-006702,CUST-02369,2025-07-10,Paid Search,97.13
ORD-006703,CUST-02369,2025-08-23,Paid Search,98.45
ORD-006704,CUST-02370,2025-08-31,Paid Search,101.85
ORD-006705,CUST-02370,2025-08-31,Paid Search,125.24
ORD-006706,CUST-02370,2025-10-30,Paid Search,91.54
ORD-006707,CUST-02370,2025-11-08,Paid Search,125.38
ORD-006708,CUST-02371,2025-05-31,Display,87.0
ORD-006709,CUST-02371,2025-06-03,Display,79.81
ORD-006710,CUST-02371,2025-08-17,Display,107.9
ORD-006711,CUST-02371,2025-07-10,Display,69.47
ORD-006712,CUST-02371,2025-06-18,Display,100.8
ORD-006713,CUST-02372,2025-08-04,Paid Search,134.78
ORD-006714,CUST-02372,2025-08-07,Paid Search,74.74
ORD-006715,CUST-02373,2025-06-08,Email,140.65
ORD-006716,CUST-02373,2025-06-28,Email,73.71
ORD-006717,CUST-02373,2025-06-12,Email,68.53
ORD-006718,CUST-02373,2025-09-10,Email,91.46
ORD-006719,CUST-02374,2025-04-19,Paid Search,141.17
ORD-006720,CUST-02374,2025-05-25,Paid Search,73.85
ORD-006721,CUST-02374,2025-07-18,Paid Search,101.73
ORD-006722,CUST-02375,2025-06-29,Organic Social,108.39
ORD-006723,CUST-02375,2025-09-06,Organic Social,84.68
ORD-006724,CUST-02375,2025-10-10,Organic Social,80.78
ORD-006725,CUST-02375,2025-11-24,Organic Social,60.01
ORD-006726,CUST-02376,2025-03-24,Paid Search,69.63
ORD-006727,CUST-02376,2025-05-28,Paid Search,128.26
ORD-006728,CUST-02377,2025-02-13,Email,69.77
ORD-006729,CUST-02377,2025-03-20,Email,103.36
ORD-006730,CUST-02377,2025-03-29,Email,62.05
ORD-006731,CUST-02377,2025-04-20,Email,61.34
ORD-006732,CUST-02377,2025-03-11,Email,84.87
ORD-006733,CUST-02378,2025-10-28,Email,94.04
ORD-006734,CUST-02378,2025-12-27,Email,89.08
ORD-006735,CUST-02379,2025-06-26,Affiliate,111.02
ORD-006736,CUST-02379,2025-08-10,Affiliate,116.39
ORD-006737,CUST-02379,2025-07-29,Affiliate,140.47
ORD-006738,CUST-02380,2025-01-27,Paid Social,58.78
ORD-006739,CUST-02380,2025-02-03,Paid Social,65.21
ORD-006740,CUST-02381,2025-03-18,Organic Social,64.59
ORD-006741,CUST-02381,2025-04-16,Organic Social,88.72
ORD-006742,CUST-02382,2025-11-05,Paid Social,127.19
ORD-006743,CUST-02382,2025-12-10,Paid Social,88.75
ORD-006744,CUST-02383,2025-05-05,Paid Search,98.79
ORD-006745,CUST-02384,2025-04-17,Email,85.18
ORD-006746,CUST-02384,2025-12-02,Email,138.34
ORD-006747,CUST-02384,2025-06-02,Email,91.26
ORD-006748,CUST-02385,2025-03-05,Email,78.96
ORD-006749,CUST-02385,2025-05-31,Email,94.71
ORD-006750,CUST-02385,2025-03-22,Email,100.19
ORD-006751,CUST-02385,2025-05-09,Email,76.44
ORD-006752,CUST-02385,2025-06-27,Email,107.56
ORD-006753,CUST-02386,2025-03-17,Paid Social,72.22
ORD-006754,CUST-02386,2025-04-04,Paid Social,89.85
ORD-006755,CUST-02386,2025-05-04,Paid Social,46.84
ORD-006756,CUST-02387,2025-09-09,Display,52.6
ORD-006757,CUST-02388,2025-10-15,Paid Social,80.78
ORD-006758,CUST-02388,2025-10-15,Paid Social,96.4
ORD-006759,CUST-02389,2025-05-04,Paid Search,108.97
ORD-006760,CUST-02389,2025-05-04,Paid Search,62.57
ORD-006761,CUST-02389,2025-08-08,Paid Search,94.14
ORD-006762,CUST-02390,2025-03-29,Paid Search,73.53
ORD-006763,CUST-02390,2025-05-02,Paid Search,81.99
ORD-006764,CUST-02390,2025-05-06,Paid Search,128.44
ORD-006765,CUST-02391,2025-03-28,Organic Social,49.93
ORD-006766,CUST-02391,2025-04-20,Organic Social,52.59
ORD-006767,CUST-02391,2025-05-26,Organic Social,75.01
ORD-006768,CUST-02392,2025-03-16,Display,70.24
ORD-006769,CUST-02392,2025-05-01,Display,62.95
ORD-006770,CUST-02392,2025-04-04,Display,76.36
ORD-006771,CUST-02392,2025-11-09,Display,63.79
ORD-006772,CUST-02393,2025-11-08,Paid Search,118.01
ORD-006773,CUST-02393,2025-11-25,Paid Search,66.36
ORD-006774,CUST-02394,2025-07-13,Paid Search,70.64
ORD-006775,CUST-02394,2025-11-23,Paid Search,119.06
ORD-006776,CUST-02395,2025-07-22,Paid Social,121.2
ORD-006777,CUST-02395,2025-10-17,Paid Social,61.24
ORD-006778,CUST-02395,2025-10-18,Paid Social,56.16
ORD-006779,CUST-02395,2025-09-07,Paid Social,81.94
ORD-006780,CUST-02396,2025-11-05,Affiliate,135.22
ORD-006781,CUST-02397,2025-06-12,Paid Search,54.4
ORD-006782,CUST-02397,2025-07-09,Paid Search,112.23
ORD-006783,CUST-02398,2025-11-01,Email,65.4
ORD-006784,CUST-02399,2025-06-25,Paid Search,126.92
ORD-006785,CUST-02399,2025-07-21,Paid Search,58.13
ORD-006786,CUST-02400,2025-01-18,Display,101.04
ORD-006787,CUST-02400,2025-10-20,Display,93.89
ORD-006788,CUST-02400,2025-04-21,Display,45.77
ORD-006789,CUST-02400,2025-06-10,Display,100.97
ORD-006790,CUST-02400,2025-08-13,Display,108.73
ORD-006791,CUST-02401,2025-02-21,Paid Search,132.0
ORD-006792,CUST-02402,2025-01-17,Paid Search,87.06
ORD-006793,CUST-02402,2025-02-16,Paid Search,80.92
ORD-006794,CUST-02402,2025-08-22,Paid Search,96.37
ORD-006795,CUST-02403,2025-11-12,Display,109.96
ORD-006796,CUST-02404,2025-04-20,Email,60.65
ORD-006797,CUST-02404,2025-08-26,Email,59.92
ORD-006798,CUST-02405,2025-06-28,Affiliate,86.09
ORD-006799,CUST-02405,2025-07-28,Affiliate,123.39
ORD-006800,CUST-02405,2025-08-08,Affiliate,121.16
ORD-006801,CUST-02405,2025-09-29,Affiliate,59.04
ORD-006802,CUST-02406,2025-08-09,Paid Search,99.44
ORD-006803,CUST-02406,2025-08-11,Paid Search,72.77
ORD-006804,CUST-02406,2025-09-13,Paid Search,130.05
ORD-006805,CUST-02407,2025-03-07,Email,103.08
ORD-006806,CUST-02407,2025-04-01,Email,100.26
ORD-006807,CUST-02407,2025-11-02,Email,129.85
ORD-006808,CUST-02408,2025-06-01,Paid Search,103.58
ORD-006809,CUST-02408,2025-06-18,Paid Search,129.95
ORD-006810,CUST-02408,2025-06-20,Paid Search,133.25
ORD-006811,CUST-02408,2025-09-26,Paid Search,108.59
ORD-006812,CUST-02409,2025-06-11,Email,95.99
ORD-006813,CUST-02409,2025-08-27,Email,61.99
ORD-006814,CUST-02409,2025-11-28,Email,47.18
ORD-006815,CUST-02409,2025-07-18,Email,108.18
ORD-006816,CUST-02410,2025-10-22,Paid Search,64.07
ORD-006817,CUST-02410,2025-11-03,Paid Search,118.89
ORD-006818,CUST-02411,2025-01-23,Paid Search,107.4
ORD-006819,CUST-02411,2025-02-09,Paid Search,143.34
ORD-006820,CUST-02411,2025-06-17,Paid Search,70.79
ORD-006821,CUST-02411,2025-02-07,Paid Search,93.86
ORD-006822,CUST-02412,2025-03-02,Paid Social,88.72
ORD-006823,CUST-02412,2025-04-07,Paid Social,69.04
ORD-006824,CUST-02413,2025-05-08,Paid Social,84.74
ORD-006825,CUST-02413,2025-05-24,Paid Social,35.26
ORD-006826,CUST-02414,2025-04-20,Paid Social,50.66
ORD-006827,CUST-02414,2025-05-09,Paid Social,49.23
ORD-006828,CUST-02414,2025-06-02,Paid Social,84.48
ORD-006829,CUST-02414,2025-07-10,Paid Social,107.06
ORD-006830,CUST-02415,2025-02-12,Email,99.78
ORD-006831,CUST-02415,2025-04-12,Email,120.42
ORD-006832,CUST-02415,2025-05-11,Email,106.2
ORD-006833,CUST-02415,2025-03-06,Email,118.81
ORD-006834,CUST-02416,2025-09-22,Paid Social,49.7
ORD-006835,CUST-02417,2025-02-28,Paid Search,124.69
ORD-006836,CUST-02417,2025-03-21,Paid Search,51.45
ORD-006837,CUST-02417,2025-03-09,Paid Search,98.8
ORD-006838,CUST-02417,2025-04-22,Paid Search,109.84
ORD-006839,CUST-02417,2025-07-13,Paid Search,87.56
ORD-006840,CUST-02418,2025-08-07,Paid Social,110.71
ORD-006841,CUST-02418,2025-08-17,Paid Social,59.35
ORD-006842,CUST-02419,2025-05-01,Paid Search,108.12
ORD-006843,CUST-02419,2025-05-12,Paid Search,58.17
ORD-006844,CUST-02419,2025-11-08,Paid Search,71.53
ORD-006845,CUST-02419,2025-07-10,Paid Search,97.44
ORD-006846,CUST-02420,2025-04-15,Paid Search,148.22
ORD-006847,CUST-02420,2025-06-07,Paid Search,100.95
ORD-006848,CUST-02420,2025-04-20,Paid Search,36.18
ORD-006849,CUST-02420,2025-05-03,Paid Search,65.79
ORD-006850,CUST-02420,2025-11-21,Paid Search,118.86
ORD-006851,CUST-02420,2025-09-17,Paid Search,108.87
ORD-006852,CUST-02421,2025-06-21,Paid Search,133.6
ORD-006853,CUST-02421,2025-09-07,Paid Search,91.25
ORD-006854,CUST-02422,2025-03-09,Paid Search,128.7
ORD-006855,CUST-02422,2025-04-17,Paid Search,98.6
ORD-006856,CUST-02422,2025-04-26,Paid Search,111.53
ORD-006857,CUST-02422,2025-05-25,Paid Search,77.25
ORD-006858,CUST-02423,2025-02-18,Affiliate,163.04
ORD-006859,CUST-02424,2025-06-19,Email,129.02
ORD-006860,CUST-02424,2025-06-26,Email,73.02
ORD-006861,CUST-02425,2025-02-26,Paid Social,66.96
ORD-006862,CUST-02425,2025-03-08,Paid Social,61.02
ORD-006863,CUST-02425,2025-03-03,Paid Social,77.78
ORD-006864,CUST-02426,2025-10-01,Display,68.83
ORD-006865,CUST-02426,2025-10-03,Display,60.03
ORD-006866,CUST-02427,2025-04-16,Organic Social,109.22
ORD-006867,CUST-02427,2025-05-19,Organic Social,41.74
ORD-006868,CUST-02428,2025-07-21,Paid Social,74.47
ORD-006869,CUST-02428,2025-09-17,Paid Social,68.67
ORD-006870,CUST-02429,2025-05-22,Paid Social,89.9
ORD-006871,CUST-02429,2025-05-27,Paid Social,64.78
ORD-006872,CUST-02430,2025-10-16,Organic Social,65.4
ORD-006873,CUST-02430,2025-11-30,Organic Social,87.5
ORD-006874,CUST-02431,2025-02-22,Affiliate,136.47
ORD-006875,CUST-02431,2025-04-03,Affiliate,75.42
ORD-006876,CUST-02432,2025-02-09,Affiliate,111.09
ORD-006877,CUST-02432,2025-03-20,Affiliate,82.41
ORD-006878,CUST-02432,2025-02-16,Affiliate,82.57
ORD-006879,CUST-02433,2025-06-27,Email,84.78
ORD-006880,CUST-02434,2025-08-24,Paid Social,63.06
ORD-006881,CUST-02434,2025-09-03,Paid Social,96.05
ORD-006882,CUST-02434,2025-10-07,Paid Social,49.87
ORD-006883,CUST-02435,2025-11-13,Email,120.99
ORD-006884,CUST-02435,2025-12-11,Email,76.56
ORD-006885,CUST-02435,2025-11-17,Email,151.29
ORD-006886,CUST-02436,2025-03-17,Email,89.18
ORD-006887,CUST-02436,2025-07-05,Email,56.96
ORD-006888,CUST-02436,2025-08-18,Email,52.18
ORD-006889,CUST-02437,2025-09-27,Paid Social,68.5
ORD-006890,CUST-02437,2025-11-19,Paid Social,117.33
ORD-006891,CUST-02437,2025-10-13,Paid Social,91.57
ORD-006892,CUST-02437,2025-12-21,Paid Social,82.52
ORD-006893,CUST-02438,2025-09-16,Affiliate,161.7
ORD-006894,CUST-02438,2025-10-20,Affiliate,125.3
ORD-006895,CUST-02438,2025-10-20,Affiliate,101.36
ORD-006896,CUST-02439,2025-05-15,Organic Social,38.67
ORD-006897,CUST-02439,2025-06-27,Organic Social,58.07
ORD-006898,CUST-02439,2025-05-17,Organic Social,60.77
ORD-006899,CUST-02439,2025-09-02,Organic Social,61.85
ORD-006900,CUST-02440,2025-02-23,Email,96.73
ORD-006901,CUST-02440,2025-02-24,Email,65.98
ORD-006902,CUST-02440,2025-06-27,Email,82.4
ORD-006903,CUST-02440,2025-10-29,Email,52.14
ORD-006904,CUST-02440,2025-04-12,Email,50.94
ORD-006905,CUST-02441,2025-07-13,Paid Social,67.3
ORD-006906,CUST-02441,2025-07-31,Paid Social,74.23
ORD-006907,CUST-02442,2025-03-29,Display,145.68
ORD-006908,CUST-02442,2025-07-27,Display,103.42
ORD-006909,CUST-02443,2025-08-01,Paid Search,102.34
ORD-006910,CUST-02443,2025-09-23,Paid Search,96.59
ORD-006911,CUST-02443,2025-11-07,Paid Search,81.14
ORD-006912,CUST-02443,2025-09-11,Paid Search,94.02
ORD-006913,CUST-02443,2025-11-07,Paid Search,135.71
ORD-006914,CUST-02444,2025-05-09,Organic Social,68.98
ORD-006915,CUST-02444,2025-05-26,Organic Social,74.71
ORD-006916,CUST-02444,2025-11-07,Organic Social,50.45
ORD-006917,CUST-02444,2025-08-18,Organic Social,47.63
ORD-006918,CUST-02445,2025-09-01,Email,139.04
ORD-006919,CUST-02445,2025-10-07,Email,37.02
ORD-006920,CUST-02446,2025-09-25,Paid Search,87.76
ORD-006921,CUST-02446,2025-12-14,Paid Search,111.12
ORD-006922,CUST-02447,2025-05-12,Email,75.48
ORD-006923,CUST-02447,2025-08-07,Email,48.16
ORD-006924,CUST-02447,2025-06-23,Email,144.48
ORD-006925,CUST-02448,2025-04-23,Display,111.9
ORD-006926,CUST-02449,2025-01-11,Paid Search,54.96
ORD-006927,CUST-02449,2025-02-08,Paid Search,106.22
ORD-006928,CUST-02449,2025-03-25,Paid Search,75.63
ORD-006929,CUST-02450,2025-07-05,Paid Search,142.48
ORD-006930,CUST-02451,2025-06-11,Paid Social,62.22
ORD-006931,CUST-02451,2025-09-29,Paid Social,109.03
ORD-006932,CUST-02451,2025-07-03,Paid Social,85.1
ORD-006933,CUST-02451,2025-09-07,Paid Social,101.62
ORD-006934,CUST-02452,2025-05-16,Affiliate,75.83
ORD-006935,CUST-02452,2025-07-26,Affiliate,75.81
ORD-006936,CUST-02452,2025-08-14,Affiliate,111.18
ORD-006937,CUST-02453,2025-06-27,Paid Search,141.65
ORD-006938,CUST-02453,2025-08-28,Paid Search,139.6
ORD-006939,CUST-02453,2025-12-07,Paid Search,95.86
ORD-006940,CUST-02453,2025-10-02,Paid Search,105.45
ORD-006941,CUST-02453,2025-09-22,Paid Search,67.23
ORD-006942,CUST-02454,2025-01-20,Display,91.02
ORD-006943,CUST-02454,2025-03-09,Display,97.84
ORD-006944,CUST-02455,2025-08-01,Paid Social,88.84
ORD-006945,CUST-02455,2025-08-31,Paid Social,109.01
ORD-006946,CUST-02456,2025-08-27,Paid Search,137.19
ORD-006947,CUST-02456,2025-09-16,Paid Search,132.59
ORD-006948,CUST-02456,2025-08-31,Paid Search,113.37
ORD-006949,CUST-02456,2025-09-13,Paid Search,109.57
ORD-006950,CUST-02457,2025-04-19,Paid Social,78.15
ORD-006951,CUST-02457,2025-05-16,Paid Social,42.65
ORD-006952,CUST-02457,2025-05-14,Paid Social,91.88
ORD-006953,CUST-02457,2025-05-15,Paid Social,103.51
ORD-006954,CUST-02458,2025-10-18,Paid Social,78.96
ORD-006955,CUST-02458,2025-10-20,Paid Social,96.88
ORD-006956,CUST-02458,2025-11-02,Paid Social,125.29
ORD-006957,CUST-02459,2025-05-30,Organic Social,40.37
ORD-006958,CUST-02459,2025-07-24,Organic Social,58.54
ORD-006959,CUST-02459,2025-08-27,Organic Social,100.46
ORD-006960,CUST-02460,2025-10-30,Organic Social,42.92
ORD-006961,CUST-02461,2025-03-01,Paid Search,65.9
ORD-006962,CUST-02462,2025-05-18,Paid Social,81.29
ORD-006963,CUST-02462,2025-05-23,Paid Social,81.97
ORD-006964,CUST-02462,2025-07-01,Paid Social,76.35
ORD-006965,CUST-02462,2025-06-19,Paid Social,97.13
ORD-006966,CUST-02463,2025-04-29,Organic Social,90.27
ORD-006967,CUST-02463,2025-05-11,Organic Social,86.2
ORD-006968,CUST-02463,2025-06-17,Organic Social,66.29
ORD-006969,CUST-02463,2025-08-20,Organic Social,65.59
ORD-006970,CUST-02464,2025-01-14,Paid Social,65.19
ORD-006971,CUST-02464,2025-01-26,Paid Social,101.58
ORD-006972,CUST-02464,2025-04-30,Paid Social,70.31
ORD-006973,CUST-02464,2025-05-24,Paid Social,83.83
ORD-006974,CUST-02465,2025-03-13,Paid Social,90.12
ORD-006975,CUST-02465,2025-04-21,Paid Social,60.94
ORD-006976,CUST-02465,2025-09-11,Paid Social,98.02
ORD-006977,CUST-02465,2025-05-10,Paid Social,70.75
ORD-006978,CUST-02465,2025-03-18,Paid Social,70.29
ORD-006979,CUST-02465,2025-05-17,Paid Social,127.55
ORD-006980,CUST-02466,2025-05-23,Paid Search,68.24
ORD-006981,CUST-02466,2025-07-08,Paid Search,103.71
ORD-006982,CUST-02466,2025-07-15,Paid Search,132.68
ORD-006983,CUST-02467,2025-05-24,Display,95.73
ORD-006984,CUST-02467,2025-06-02,Display,63.02
ORD-006985,CUST-02468,2025-11-17,Paid Social,113.33
ORD-006986,CUST-02469,2025-06-29,Email,113.42
ORD-006987,CUST-02469,2025-07-08,Email,104.13
ORD-006988,CUST-02470,2025-11-08,Paid Social,113.48
ORD-006989,CUST-02470,2025-11-23,Paid Social,44.01
ORD-006990,CUST-02471,2025-02-09,Paid Search,85.23
ORD-006991,CUST-02471,2025-03-06,Paid Search,143.65
ORD-006992,CUST-02471,2025-07-01,Paid Search,128.62
ORD-006993,CUST-02471,2025-04-10,Paid Search,118.51
ORD-006994,CUST-02471,2025-07-15,Paid Search,135.96
ORD-006995,CUST-02471,2025-02-15,Paid Search,151.24
ORD-006996,CUST-02471,2025-08-22,Paid Search,65.8
ORD-006997,CUST-02472,2025-03-08,Paid Search,139.91
ORD-006998,CUST-02472,2025-03-17,Paid Search,128.84
ORD-006999,CUST-02472,2025-03-29,Paid Search,110.26
ORD-007000,CUST-02472,2025-03-24,Paid Search,104.95
ORD-007001,CUST-02472,2025-03-19,Paid Search,94.59
ORD-007002,CUST-02473,2025-03-03,Organic Social,50.82
ORD-007003,CUST-02473,2025-06-30,Organic Social,62.76
ORD-007004,CUST-02474,2025-01-09,Affiliate,178.49
ORD-007005,CUST-02474,2025-03-01,Affiliate,104.88
ORD-007006,CUST-02474,2025-06-06,Affiliate,134.69
ORD-007007,CUST-02474,2025-02-24,Affiliate,64.86
ORD-007008,CUST-02475,2025-04-11,Email,70.69
ORD-007009,CUST-02475,2025-05-19,Email,110.39
ORD-007010,CUST-02476,2025-01-06,Paid Search,96.72
ORD-007011,CUST-02476,2025-01-29,Paid Search,127.27
ORD-007012,CUST-02476,2025-03-21,Paid Search,67.08
ORD-007013,CUST-02477,2025-04-11,Paid Social,108.94
ORD-007014,CUST-02477,2025-05-30,Paid Social,95.0
ORD-007015,CUST-02477,2025-04-15,Paid Social,95.03
ORD-007016,CUST-02478,2025-06-10,Email,93.18
ORD-007017,CUST-02478,2025-07-04,Email,117.13
ORD-007018,CUST-02478,2025-07-10,Email,76.56
ORD-007019,CUST-02478,2025-09-28,Email,122.25
ORD-007020,CUST-02478,2025-08-05,Email,100.94
ORD-007021,CUST-02479,2025-04-23,Paid Social,90.68
ORD-007022,CUST-02479,2025-06-15,Paid Social,54.78
ORD-007023,CUST-02479,2025-07-19,Paid Social,75.9
ORD-007024,CUST-02479,2025-12-01,Paid Social,43.77
ORD-007025,CUST-02480,2025-04-23,Organic Social,89.61
ORD-007026,CUST-02480,2025-04-29,Organic Social,36.46
ORD-007027,CUST-02480,2025-07-30,Organic Social,88.06
ORD-007028,CUST-02481,2025-09-19,Paid Search,81.62
ORD-007029,CUST-02482,2025-01-26,Email,85.38
ORD-007030,CUST-02482,2025-02-03,Email,85.66
ORD-007031,CUST-02483,2025-03-05,Paid Social,120.24
ORD-007032,CUST-02483,2025-05-22,Paid Social,49.8
ORD-007033,CUST-02484,2025-02-23,Email,125.52
ORD-007034,CUST-02484,2025-03-28,Email,127.78
ORD-007035,CUST-02484,2025-02-26,Email,49.75
ORD-007036,CUST-02485,2025-11-04,Email,76.94
ORD-007037,CUST-02485,2025-11-14,Email,88.17
ORD-007038,CUST-02485,2025-12-26,Email,102.57
ORD-007039,CUST-02486,2025-01-01,Paid Social,83.36
ORD-007040,CUST-02486,2025-01-01,Paid Social,44.24
ORD-007041,CUST-02486,2025-01-31,Paid Social,73.68
ORD-007042,CUST-02487,2025-08-07,Paid Search,72.39
ORD-007043,CUST-02487,2025-09-09,Paid Search,99.28
ORD-007044,CUST-02488,2025-11-15,Paid Social,49.74
ORD-007045,CUST-02489,2025-02-02,Organic Social,78.99
ORD-007046,CUST-02489,2025-02-25,Organic Social,89.59
ORD-007047,CUST-02489,2025-03-24,Organic Social,90.61
ORD-007048,CUST-02489,2025-03-05,Organic Social,59.12
ORD-007049,CUST-02490,2025-10-24,Email,78.28
ORD-007050,CUST-02491,2025-01-07,Paid Search,81.05
ORD-007051,CUST-02491,2025-01-20,Paid Search,77.32
ORD-007052,CUST-02492,2025-03-04,Affiliate,62.12
ORD-007053,CUST-02492,2025-03-05,Affiliate,66.19
ORD-007054,CUST-02492,2025-05-21,Affiliate,85.06
ORD-007055,CUST-02493,2025-10-20,Paid Search,91.7
ORD-007056,CUST-02493,2025-10-23,Paid Search,135.0
ORD-007057,CUST-02493,2025-12-03,Paid Search,59.1
ORD-007058,CUST-02494,2025-10-02,Paid Social,57.06
ORD-007059,CUST-02494,2025-11-11,Paid Social,84.82
ORD-007060,CUST-02494,2025-11-16,Paid Social,90.24
ORD-007061,CUST-02495,2025-01-01,Paid Social,76.2
ORD-007062,CUST-02495,2025-01-05,Paid Social,64.25
ORD-007063,CUST-02495,2025-01-14,Paid Social,41.13
ORD-007064,CUST-02496,2025-04-06,Paid Social,67.35
ORD-007065,CUST-02497,2025-03-30,Paid Social,64.07
ORD-007066,CUST-02497,2025-07-13,Paid Social,61.16
ORD-007067,CUST-02497,2025-10-04,Paid Social,50.84
ORD-007068,CUST-02498,2025-04-29,Affiliate,121.88
ORD-007069,CUST-02498,2025-07-25,Affiliate,132.79
ORD-007070,CUST-02498,2025-06-18,Affiliate,79.09
ORD-007071,CUST-02499,2025-06-26,Paid Search,105.39
ORD-007072,CUST-02499,2025-07-06,Paid Search,86.87
ORD-007073,CUST-02500,2025-02-02,Paid Social,42.19
ORD-007074,CUST-02500,2025-02-20,Paid Social,109.26
ORD-007075,CUST-02500,2025-03-08,Paid Social,62.17
ORD-007076,CUST-02500,2025-02-20,Paid Social,76.73
ORD-007077,CUST-02501,2025-07-09,Paid Search,76.23
ORD-007078,CUST-02501,2025-09-29,Paid Search,70.26
ORD-007079,CUST-02502,2025-03-16,Paid Social,70.43
ORD-007080,CUST-02503,2025-04-27,Paid Search,80.85
ORD-007081,CUST-02503,2025-05-16,Paid Search,50.79
ORD-007082,CUST-02503,2025-04-30,Paid Search,118.08
ORD-007083,CUST-02503,2025-10-22,Paid Search,102.65
ORD-007084,CUST-02503,2025-06-26,Paid Search,103.65
ORD-007085,CUST-02503,2025-05-10,Paid Search,90.64
ORD-007086,CUST-02503,2025-10-19,Paid Search,84.6
ORD-007087,CUST-02504,2025-11-21,Paid Search,115.12
ORD-007088,CUST-02504,2025-12-10,Paid Search,155.64
ORD-007089,CUST-02505,2025-01-05,Paid Social,87.84
ORD-007090,CUST-02505,2025-02-15,Paid Social,52.69
ORD-007091,CUST-02506,2025-04-26,Paid Search,194.43
ORD-007092,CUST-02507,2025-10-11,Paid Social,48.71
ORD-007093,CUST-02507,2025-10-28,Paid Social,74.02
ORD-007094,CUST-02507,2025-10-17,Paid Social,133.48
ORD-007095,CUST-02508,2025-08-23,Paid Social,93.99
ORD-007096,CUST-02508,2025-10-19,Paid Social,64.32
ORD-007097,CUST-02508,2025-09-28,Paid Social,91.67
ORD-007098,CUST-02508,2025-09-15,Paid Social,82.33
ORD-007099,CUST-02508,2025-11-17,Paid Social,105.62
ORD-007100,CUST-02508,2025-09-06,Paid Social,82.36
ORD-007101,CUST-02509,2025-10-20,Paid Social,112.51
ORD-007102,CUST-02510,2025-08-24,Paid Search,131.34
ORD-007103,CUST-02510,2025-09-25,Paid Search,59.31
ORD-007104,CUST-02511,2025-11-23,Paid Search,77.41
ORD-007105,CUST-02511,2025-12-20,Paid Search,124.96
ORD-007106,CUST-02512,2025-06-27,Email,45.54
ORD-007107,CUST-02512,2025-08-03,Email,95.47
ORD-007108,CUST-02512,2025-08-22,Email,58.08
ORD-007109,CUST-02512,2025-12-27,Email,91.58
ORD-007110,CUST-02513,2025-08-08,Display,46.88
ORD-007111,CUST-02513,2025-09-12,Display,108.14
ORD-007112,CUST-02514,2025-01-01,Email,87.17
ORD-007113,CUST-02514,2025-02-14,Email,129.79
ORD-007114,CUST-02514,2025-01-11,Email,80.65
ORD-007115,CUST-02514,2025-03-30,Email,124.47
ORD-007116,CUST-02514,2025-01-13,Email,104.01
ORD-007117,CUST-02515,2025-09-28,Organic Social,68.16
ORD-007118,CUST-02515,2025-10-29,Organic Social,53.17
ORD-007119,CUST-02516,2025-01-21,Organic Social,62.7
ORD-007120,CUST-02516,2025-02-01,Organic Social,89.05
ORD-007121,CUST-02516,2025-05-08,Organic Social,95.89
ORD-007122,CUST-02516,2025-06-16,Organic Social,58.21
ORD-007123,CUST-02516,2025-01-31,Organic Social,79.72
ORD-007124,CUST-02517,2025-11-10,Paid Search,93.67
ORD-007125,CUST-02517,2025-12-24,Paid Search,83.94
ORD-007126,CUST-02517,2025-12-27,Paid Search,67.22
ORD-007127,CUST-02518,2025-01-26,Paid Search,125.26
ORD-007128,CUST-02518,2025-02-11,Paid Search,123.62
ORD-007129,CUST-02518,2025-02-25,Paid Search,164.75
ORD-007130,CUST-02518,2025-11-17,Paid Search,164.64
ORD-007131,CUST-02519,2025-07-08,Affiliate,143.71
ORD-007132,CUST-02519,2025-07-17,Affiliate,159.71
ORD-007133,CUST-02520,2025-04-01,Paid Search,64.37
ORD-007134,CUST-02520,2025-09-03,Paid Search,137.22
ORD-007135,CUST-02521,2025-09-29,Email,92.28
ORD-007136,CUST-02521,2025-10-07,Email,96.42
ORD-007137,CUST-02521,2025-11-16,Email,80.14
ORD-007138,CUST-02522,2025-07-18,Organic Social,74.19
ORD-007139,CUST-02522,2025-08-01,Organic Social,61.9
ORD-007140,CUST-02523,2025-10-07,Display,86.35
ORD-007141,CUST-02523,2025-11-15,Display,63.02
ORD-007142,CUST-02524,2025-03-30,Paid Search,180.42
ORD-007143,CUST-02524,2025-04-04,Paid Search,74.66
ORD-007144,CUST-02524,2025-05-13,Paid Search,86.25
ORD-007145,CUST-02525,2025-01-10,Display,111.14
ORD-007146,CUST-02525,2025-04-19,Display,130.78
ORD-007147,CUST-02525,2025-03-11,Display,104.23
ORD-007148,CUST-02525,2025-05-12,Display,50.6
ORD-007149,CUST-02526,2025-03-20,Paid Social,61.73
ORD-007150,CUST-02526,2025-04-04,Paid Social,77.85
ORD-007151,CUST-02526,2025-09-17,Paid Social,47.84
ORD-007152,CUST-02527,2025-05-29,Organic Social,87.17
ORD-007153,CUST-02527,2025-07-27,Organic Social,87.5
ORD-007154,CUST-02528,2025-07-28,Paid Search,79.17
ORD-007155,CUST-02528,2025-08-13,Paid Search,133.35
ORD-007156,CUST-02529,2025-09-11,Paid Social,48.81
ORD-007157,CUST-02529,2025-09-30,Paid Social,119.16
ORD-007158,CUST-02530,2025-04-23,Display,100.51
ORD-007159,CUST-02530,2025-05-17,Display,77.84
ORD-007160,CUST-02530,2025-09-29,Display,54.04
ORD-007161,CUST-02530,2025-07-23,Display,98.66
ORD-007162,CUST-02530,2025-12-22,Display,126.3
ORD-007163,CUST-02531,2025-03-22,Paid Search,80.54
ORD-007164,CUST-02531,2025-04-04,Paid Search,97.1
ORD-007165,CUST-02532,2025-06-24,Paid Search,133.66
ORD-007166,CUST-02532,2025-07-08,Paid Search,81.48
ORD-007167,CUST-02533,2025-05-23,Paid Search,92.42
ORD-007168,CUST-02533,2025-07-18,Paid Search,83.88
ORD-007169,CUST-02533,2025-09-17,Paid Search,69.96
ORD-007170,CUST-02534,2025-07-08,Paid Social,129.77
ORD-007171,CUST-02534,2025-08-25,Paid Social,90.38
ORD-007172,CUST-02534,2025-08-10,Paid Social,52.52
ORD-007173,CUST-02534,2025-08-04,Paid Social,65.61
ORD-007174,CUST-02535,2025-05-31,Organic Social,101.19
ORD-007175,CUST-02535,2025-06-28,Organic Social,92.47
ORD-007176,CUST-02535,2025-06-01,Organic Social,47.81
ORD-007177,CUST-02535,2025-11-19,Organic Social,65.54
ORD-007178,CUST-02536,2025-07-02,Paid Search,184.28
ORD-007179,CUST-02536,2025-08-18,Paid Search,163.08
ORD-007180,CUST-02536,2025-07-08,Paid Search,127.13
ORD-007181,CUST-02536,2025-10-04,Paid Search,82.15
ORD-007182,CUST-02536,2025-07-09,Paid Search,91.28
ORD-007183,CUST-02537,2025-05-15,Paid Search,92.82
ORD-007184,CUST-02537,2025-05-16,Paid Search,87.73
ORD-007185,CUST-02537,2025-06-01,Paid Search,93.84
ORD-007186,CUST-02538,2025-09-19,Email,65.11
ORD-007187,CUST-02538,2025-10-28,Email,65.42
ORD-007188,CUST-02538,2025-10-16,Email,124.77
ORD-007189,CUST-02539,2025-01-10,Paid Search,83.01
ORD-007190,CUST-02539,2025-01-30,Paid Search,65.36
ORD-007191,CUST-02540,2025-05-17,Paid Social,92.9
ORD-007192,CUST-02540,2025-06-25,Paid Social,59.99
ORD-007193,CUST-02540,2025-10-21,Paid Social,88.4
ORD-007194,CUST-02541,2025-04-28,Paid Social,95.41
ORD-007195,CUST-02541,2025-05-06,Paid Social,93.86
ORD-007196,CUST-02541,2025-04-28,Paid Social,88.58
ORD-007197,CUST-02541,2025-05-29,Paid Social,91.31
ORD-007198,CUST-02541,2025-06-04,Paid Social,48.9
ORD-007199,CUST-02541,2025-11-26,Paid Social,56.3
ORD-007200,CUST-02541,2025-12-02,Paid Social,64.36
ORD-007201,CUST-02542,2025-04-17,Paid Social,75.73
ORD-007202,CUST-02542,2025-05-02,Paid Social,66.02
ORD-007203,CUST-02542,2025-05-25,Paid Social,63.2
ORD-007204,CUST-02542,2025-06-11,Paid Social,66.71
ORD-007205,CUST-02542,2025-08-03,Paid Social,48.8
ORD-007206,CUST-02542,2025-07-20,Paid Social,45.31
ORD-007207,CUST-02543,2025-08-25,Paid Search,99.45
ORD-007208,CUST-02544,2025-10-21,Paid Search,66.06
ORD-007209,CUST-02545,2025-04-03,Display,92.07
ORD-007210,CUST-02545,2025-04-24,Display,69.69
ORD-007211,CUST-02545,2025-05-03,Display,110.22
ORD-007212,CUST-02546,2025-06-30,Paid Search,140.97
ORD-007213,CUST-02546,2025-07-04,Paid Search,72.77
ORD-007214,CUST-02547,2025-08-20,Affiliate,82.64
ORD-007215,CUST-02547,2025-08-24,Affiliate,103.66
ORD-007216,CUST-02548,2025-11-25,Display,48.93
ORD-007217,CUST-02549,2025-06-24,Paid Search,143.64
ORD-007218,CUST-02549,2025-08-25,Paid Search,69.89
ORD-007219,CUST-02549,2025-06-29,Paid Search,114.82
ORD-007220,CUST-02550,2025-06-12,Organic Social,105.28
ORD-007221,CUST-02550,2025-09-01,Organic Social,42.97
ORD-007222,CUST-02551,2025-02-26,Paid Search,62.99
ORD-007223,CUST-02551,2025-03-12,Paid Search,72.11
ORD-007224,CUST-02552,2025-04-14,Affiliate,130.43
ORD-007225,CUST-02553,2025-03-15,Paid Social,86.2
ORD-007226,CUST-02553,2025-06-04,Paid Social,77.69
ORD-007227,CUST-02554,2025-09-28,Paid Search,109.94
ORD-007228,CUST-02554,2025-10-23,Paid Search,106.82
ORD-007229,CUST-02554,2025-12-15,Paid Search,71.22
ORD-007230,CUST-02555,2025-08-18,Organic Social,42.39
ORD-007231,CUST-02555,2025-10-12,Organic Social,55.3
ORD-007232,CUST-02556,2025-07-20,Organic Social,77.7
ORD-007233,CUST-02556,2025-10-14,Organic Social,53.12
ORD-007234,CUST-02556,2025-09-18,Organic Social,63.7
ORD-007235,CUST-02556,2025-11-29,Organic Social,46.87
ORD-007236,CUST-02557,2025-09-14,Paid Social,77.91
ORD-007237,CUST-02557,2025-12-27,Paid Social,99.6
ORD-007238,CUST-02557,2025-10-11,Paid Social,68.52
ORD-007239,CUST-02557,2025-11-17,Paid Social,58.96
ORD-007240,CUST-02558,2025-04-21,Paid Social,124.93
ORD-007241,CUST-02558,2025-06-03,Paid Social,64.81
ORD-007242,CUST-02559,2025-08-24,Organic Social,53.71
ORD-007243,CUST-02559,2025-12-16,Organic Social,45.68
ORD-007244,CUST-02559,2025-09-04,Organic Social,49.13
ORD-007245,CUST-02559,2025-09-24,Organic Social,47.0
ORD-007246,CUST-02560,2025-05-13,Email,100.16
ORD-007247,CUST-02560,2025-05-15,Email,53.27
ORD-007248,CUST-02560,2025-06-18,Email,39.39
ORD-007249,CUST-02561,2025-03-07,Paid Search,98.89
ORD-007250,CUST-02561,2025-06-02,Paid Search,124.53
ORD-007251,CUST-02561,2025-11-18,Paid Search,89.07
ORD-007252,CUST-02562,2025-06-09,Paid Social,65.67
ORD-007253,CUST-02562,2025-06-12,Paid Social,62.74
ORD-007254,CUST-02563,2025-10-12,Affiliate,137.47
ORD-007255,CUST-02563,2025-11-03,Affiliate,76.45
ORD-007256,CUST-02564,2025-08-19,Affiliate,93.59
ORD-007257,CUST-02564,2025-09-30,Affiliate,140.13
ORD-007258,CUST-02565,2025-09-22,Organic Social,73.46
ORD-007259,CUST-02565,2025-10-26,Organic Social,38.22
ORD-007260,CUST-02565,2025-11-25,Organic Social,55.81
ORD-007261,CUST-02565,2025-11-06,Organic Social,36.26
ORD-007262,CUST-02566,2025-07-13,Paid Search,106.39
ORD-007263,CUST-02566,2025-08-26,Paid Search,94.79
ORD-007264,CUST-02566,2025-12-13,Paid Search,90.42
ORD-007265,CUST-02567,2025-06-05,Display,71.2
ORD-007266,CUST-02568,2025-05-19,Paid Search,71.29
ORD-007267,CUST-02568,2025-10-16,Paid Search,71.71
ORD-007268,CUST-02568,2025-11-24,Paid Search,76.97
ORD-007269,CUST-02568,2025-07-30,Paid Search,103.83
ORD-007270,CUST-02569,2025-05-08,Display,75.96
ORD-007271,CUST-02569,2025-07-09,Display,55.28
ORD-007272,CUST-02570,2025-01-24,Email,138.14
ORD-007273,CUST-02570,2025-02-16,Email,101.73
ORD-007274,CUST-02570,2025-02-11,Email,105.13
ORD-007275,CUST-02570,2025-03-12,Email,77.02
ORD-007276,CUST-02570,2025-02-26,Email,69.45
ORD-007277,CUST-02571,2025-04-20,Paid Search,61.98
ORD-007278,CUST-02571,2025-06-10,Paid Search,153.49
ORD-007279,CUST-02571,2025-06-23,Paid Search,67.07
ORD-007280,CUST-02571,2025-05-08,Paid Search,97.05
ORD-007281,CUST-02572,2025-08-28,Email,77.71
ORD-007282,CUST-02572,2025-09-21,Email,106.96
ORD-007283,CUST-02573,2025-04-17,Paid Search,103.96
ORD-007284,CUST-02573,2025-04-23,Paid Search,109.92
ORD-007285,CUST-02573,2025-06-24,Paid Search,64.78
ORD-007286,CUST-02574,2025-02-10,Paid Social,59.31
ORD-007287,CUST-02574,2025-04-15,Paid Social,104.3
ORD-007288,CUST-02574,2025-03-06,Paid Social,106.13
ORD-007289,CUST-02575,2025-05-18,Paid Social,71.49
ORD-007290,CUST-02575,2025-05-18,Paid Social,71.68
ORD-007291,CUST-02575,2025-07-31,Paid Social,90.39
ORD-007292,CUST-02576,2025-11-15,Affiliate,70.93
ORD-007293,CUST-02576,2025-11-15,Affiliate,101.24
ORD-007294,CUST-02576,2025-11-21,Affiliate,69.76
ORD-007295,CUST-02577,2025-07-04,Paid Social,103.33
ORD-007296,CUST-02577,2025-07-30,Paid Social,48.04
ORD-007297,CUST-02577,2025-09-07,Paid Social,88.44
ORD-007298,CUST-02577,2025-07-13,Paid Social,97.53
ORD-007299,CUST-02577,2025-11-14,Paid Social,82.23
ORD-007300,CUST-02578,2025-09-20,Paid Search,102.26
ORD-007301,CUST-02578,2025-10-07,Paid Search,75.98
ORD-007302,CUST-02579,2025-05-13,Paid Search,70.97
ORD-007303,CUST-02579,2025-05-17,Paid Search,125.83
ORD-007304,CUST-02579,2025-09-17,Paid Search,82.17
ORD-007305,CUST-02579,2025-11-10,Paid Search,164.46
ORD-007306,CUST-02580,2025-08-11,Email,45.64
ORD-007307,CUST-02580,2025-11-11,Email,80.76
ORD-007308,CUST-02581,2025-01-14,Paid Search,71.21
ORD-007309,CUST-02582,2025-07-07,Affiliate,135.81
ORD-007310,CUST-02582,2025-08-12,Affiliate,101.17
ORD-007311,CUST-02582,2025-09-01,Affiliate,93.8
ORD-007312,CUST-02582,2025-10-17,Affiliate,77.63
ORD-007313,CUST-02583,2025-04-28,Organic Social,71.86
ORD-007314,CUST-02583,2025-06-04,Organic Social,47.39
ORD-007315,CUST-02584,2025-04-25,Paid Social,82.18
ORD-007316,CUST-02584,2025-05-05,Paid Social,62.87
ORD-007317,CUST-02584,2025-06-17,Paid Social,58.15
ORD-007318,CUST-02584,2025-06-16,Paid Social,84.0
ORD-007319,CUST-02585,2025-04-20,Display,90.96
ORD-007320,CUST-02585,2025-06-07,Display,71.18
ORD-007321,CUST-02585,2025-06-29,Display,33.9
ORD-007322,CUST-02585,2025-10-29,Display,94.84
ORD-007323,CUST-02586,2025-02-03,Paid Social,87.51
ORD-007324,CUST-02586,2025-02-27,Paid Social,91.11
ORD-007325,CUST-02586,2025-09-16,Paid Social,70.22
ORD-007326,CUST-02586,2025-08-11,Paid Social,69.22
ORD-007327,CUST-02586,2025-10-09,Paid Social,94.57
ORD-007328,CUST-02587,2025-08-20,Paid Social,59.61
ORD-007329,CUST-02587,2025-09-30,Paid Social,111.99
ORD-007330,CUST-02587,2025-08-24,Paid Social,67.53
ORD-007331,CUST-02587,2025-12-26,Paid Social,109.13
ORD-007332,CUST-02587,2025-11-11,Paid Social,49.73
ORD-007333,CUST-02587,2025-12-08,Paid Social,51.44
ORD-007334,CUST-02587,2025-12-22,Paid Social,98.81
ORD-007335,CUST-02588,2025-10-08,Paid Search,70.46
ORD-007336,CUST-02588,2025-11-05,Paid Search,145.97
ORD-007337,CUST-02588,2025-12-10,Paid Search,97.75
ORD-007338,CUST-02589,2025-07-23,Paid Social,54.7
ORD-007339,CUST-02589,2025-08-07,Paid Social,87.69
ORD-007340,CUST-02589,2025-11-25,Paid Social,56.84
ORD-007341,CUST-02589,2025-11-29,Paid Social,82.72
ORD-007342,CUST-02589,2025-10-10,Paid Social,52.38
ORD-007343,CUST-02590,2025-05-09,Organic Social,45.86
ORD-007344,CUST-02590,2025-05-12,Organic Social,85.11
ORD-007345,CUST-02591,2025-08-31,Affiliate,79.84
ORD-007346,CUST-02591,2025-10-29,Affiliate,68.24
ORD-007347,CUST-02592,2025-03-28,Organic Social,54.02
ORD-007348,CUST-02592,2025-04-14,Organic Social,58.78
ORD-007349,CUST-02592,2025-04-22,Organic Social,72.96
ORD-007350,CUST-02592,2025-11-08,Organic Social,44.94
ORD-007351,CUST-02593,2025-07-16,Organic Social,38.66
ORD-007352,CUST-02593,2025-07-25,Organic Social,74.4
ORD-007353,CUST-02594,2025-08-15,Paid Search,82.03
ORD-007354,CUST-02594,2025-08-16,Paid Search,66.84
ORD-007355,CUST-02594,2025-11-19,Paid Search,69.82
ORD-007356,CUST-02595,2025-09-19,Paid Search,52.61
ORD-007357,CUST-02595,2025-09-27,Paid Search,123.09
ORD-007358,CUST-02596,2025-06-12,Paid Social,79.75
ORD-007359,CUST-02597,2025-05-31,Display,50.16
ORD-007360,CUST-02597,2025-06-30,Display,47.78
ORD-007361,CUST-02597,2025-07-19,Display,75.7
ORD-007362,CUST-02598,2025-04-11,Paid Social,62.63
ORD-007363,CUST-02598,2025-09-04,Paid Social,50.67
ORD-007364,CUST-02598,2025-04-20,Paid Social,74.04
ORD-007365,CUST-02599,2025-04-12,Affiliate,92.23
ORD-007366,CUST-02599,2025-04-15,Affiliate,67.46
ORD-007367,CUST-02599,2025-06-23,Affiliate,132.32
ORD-007368,CUST-02599,2025-06-29,Affiliate,120.69
ORD-007369,CUST-02599,2025-12-07,Affiliate,95.22
ORD-007370,CUST-02600,2025-11-09,Display,86.46
ORD-007371,CUST-02600,2025-11-19,Display,65.26
ORD-007372,CUST-02600,2025-12-15,Display,75.51
ORD-007373,CUST-02601,2025-08-12,Email,108.04
ORD-007374,CUST-02601,2025-08-25,Email,65.24
ORD-007375,CUST-02601,2025-09-01,Email,89.51
ORD-007376,CUST-02602,2025-03-28,Paid Search,140.45
ORD-007377,CUST-02603,2025-02-17,Paid Search,155.99
ORD-007378,CUST-02603,2025-05-03,Paid Search,114.75
ORD-007379,CUST-02603,2025-03-09,Paid Search,56.02
ORD-007380,CUST-02604,2025-08-31,Paid Social,83.12
ORD-007381,CUST-02604,2025-09-27,Paid Social,83.35
ORD-007382,CUST-02605,2025-06-21,Organic Social,63.06
ORD-007383,CUST-02605,2025-08-06,Organic Social,49.07
ORD-007384,CUST-02605,2025-08-08,Organic Social,71.06
ORD-007385,CUST-02605,2025-12-21,Organic Social,55.55
ORD-007386,CUST-02606,2025-08-03,Paid Social,85.23
ORD-007387,CUST-02606,2025-10-07,Paid Social,50.56
ORD-007388,CUST-02607,2025-06-03,Email,68.61
ORD-007389,CUST-02607,2025-06-18,Email,65.19
ORD-007390,CUST-02608,2025-11-03,Organic Social,73.01
ORD-007391,CUST-02608,2025-11-15,Organic Social,76.7
ORD-007392,CUST-02609,2025-05-21,Paid Search,93.13
ORD-007393,CUST-02610,2025-07-10,Paid Search,54.59
ORD-007394,CUST-02610,2025-07-22,Paid Search,75.26
ORD-007395,CUST-02610,2025-10-22,Paid Search,85.71
ORD-007396,CUST-02611,2025-01-19,Email,116.2
ORD-007397,CUST-02611,2025-02-19,Email,106.38
ORD-007398,CUST-02612,2025-08-30,Email,87.65
ORD-007399,CUST-02613,2025-02-15,Organic Social,107.86
ORD-007400,CUST-02613,2025-02-20,Organic Social,33.99
ORD-007401,CUST-02613,2025-04-20,Organic Social,65.98
ORD-007402,CUST-02613,2025-07-06,Organic Social,73.84
ORD-007403,CUST-02613,2025-11-06,Organic Social,43.75
ORD-007404,CUST-02614,2025-09-07,Paid Search,128.24
ORD-007405,CUST-02614,2025-10-10,Paid Search,113.31
ORD-007406,CUST-02615,2025-11-23,Paid Social,67.08
ORD-007407,CUST-02616,2025-06-09,Paid Social,89.6
ORD-007408,CUST-02616,2025-07-29,Paid Social,79.22
ORD-007409,CUST-02617,2025-03-24,Email,97.87
ORD-007410,CUST-02617,2025-04-23,Email,127.15
ORD-007411,CUST-02617,2025-04-19,Email,125.37
ORD-007412,CUST-02618,2025-01-15,Paid Search,79.01
ORD-007413,CUST-02618,2025-03-07,Paid Search,74.62
ORD-007414,CUST-02618,2025-08-23,Paid Search,103.49
ORD-007415,CUST-02618,2025-10-23,Paid Search,114.78
ORD-007416,CUST-02618,2025-01-24,Paid Search,75.54
ORD-007417,CUST-02619,2025-05-26,Display,87.51
ORD-007418,CUST-02619,2025-05-31,Display,65.17
ORD-007419,CUST-02619,2025-07-30,Display,66.27
ORD-007420,CUST-02620,2025-01-19,Paid Social,57.67
ORD-007421,CUST-02620,2025-03-15,Paid Social,56.77
ORD-007422,CUST-02621,2025-06-04,Display,94.23
ORD-007423,CUST-02621,2025-06-14,Display,59.98
ORD-007424,CUST-02622,2025-09-24,Paid Social,66.58
ORD-007425,CUST-02622,2025-10-23,Paid Social,69.41
ORD-007426,CUST-02623,2025-06-16,Paid Social,80.26
ORD-007427,CUST-02623,2025-07-23,Paid Social,75.29
ORD-007428,CUST-02623,2025-11-23,Paid Social,59.03
ORD-007429,CUST-02623,2025-09-11,Paid Social,69.21
ORD-007430,CUST-02624,2025-03-24,Affiliate,121.17
ORD-007431,CUST-02624,2025-05-18,Affiliate,117.42
ORD-007432,CUST-02624,2025-04-02,Affiliate,53.45
ORD-007433,CUST-02625,2025-01-15,Paid Search,65.41
ORD-007434,CUST-02625,2025-02-04,Paid Search,169.66
ORD-007435,CUST-02625,2025-01-19,Paid Search,58.69
ORD-007436,CUST-02626,2025-09-14,Paid Search,87.04
ORD-007437,CUST-02626,2025-09-21,Paid Search,115.48
ORD-007438,CUST-02626,2025-12-03,Paid Search,62.13
ORD-007439,CUST-02626,2025-10-01,Paid Search,78.22
ORD-007440,CUST-02626,2025-12-04,Paid Search,88.41
ORD-007441,CUST-02627,2025-01-04,Email,89.73
ORD-007442,CUST-02627,2025-02-19,Email,109.62
ORD-007443,CUST-02627,2025-06-30,Email,93.15
ORD-007444,CUST-02627,2025-08-21,Email,114.5
ORD-007445,CUST-02628,2025-05-25,Email,165.77
ORD-007446,CUST-02628,2025-06-26,Email,53.05
ORD-007447,CUST-02628,2025-06-07,Email,89.39
ORD-007448,CUST-02628,2025-11-13,Email,74.32
ORD-007449,CUST-02628,2025-08-18,Email,69.26
ORD-007450,CUST-02629,2025-11-12,Paid Social,88.76
ORD-007451,CUST-02629,2025-11-21,Paid Social,95.33
ORD-007452,CUST-02629,2025-12-28,Paid Social,48.4
ORD-007453,CUST-02630,2025-03-17,Paid Social,59.6
ORD-007454,CUST-02630,2025-03-25,Paid Social,88.82
ORD-007455,CUST-02630,2025-04-16,Paid Social,85.72
ORD-007456,CUST-02630,2025-10-15,Paid Social,57.95
ORD-007457,CUST-02630,2025-08-16,Paid Social,84.81
ORD-007458,CUST-02631,2025-06-02,Paid Search,85.92
ORD-007459,CUST-02632,2025-09-02,Paid Search,149.84
ORD-007460,CUST-02632,2025-09-02,Paid Search,100.23
ORD-007461,CUST-02632,2025-11-02,Paid Search,60.17
ORD-007462,CUST-02633,2025-04-30,Paid Search,110.43
ORD-007463,CUST-02633,2025-05-12,Paid Search,46.44
ORD-007464,CUST-02633,2025-05-11,Paid Search,74.6
ORD-007465,CUST-02633,2025-06-01,Paid Search,94.4
ORD-007466,CUST-02634,2025-07-07,Organic Social,54.08
ORD-007467,CUST-02634,2025-07-21,Organic Social,42.1
ORD-007468,CUST-02634,2025-08-04,Organic Social,73.69
ORD-007469,CUST-02634,2025-08-19,Organic Social,75.64
ORD-007470,CUST-02635,2025-11-25,Affiliate,147.25
ORD-007471,CUST-02636,2025-01-06,Paid Search,142.2
ORD-007472,CUST-02636,2025-01-11,Paid Search,56.58
ORD-007473,CUST-02637,2025-09-19,Paid Search,100.55
ORD-007474,CUST-02637,2025-11-05,Paid Search,117.8
ORD-007475,CUST-02638,2025-01-23,Paid Search,108.99
ORD-007476,CUST-02639,2025-03-28,Paid Search,59.34
ORD-007477,CUST-02639,2025-05-21,Paid Search,80.51
ORD-007478,CUST-02640,2025-01-28,Affiliate,75.82
ORD-007479,CUST-02640,2025-02-13,Affiliate,177.86
ORD-007480,CUST-02640,2025-04-04,Affiliate,105.62
ORD-007481,CUST-02640,2025-06-25,Affiliate,132.52
ORD-007482,CUST-02641,2025-09-01,Paid Social,113.24
ORD-007483,CUST-02641,2025-11-02,Paid Social,95.68
ORD-007484,CUST-02641,2025-09-02,Paid Social,112.65
ORD-007485,CUST-02641,2025-10-04,Paid Social,101.91
ORD-007486,CUST-02642,2025-01-20,Paid Search,76.09
ORD-007487,CUST-02642,2025-02-16,Paid Search,99.09
ORD-007488,CUST-02643,2025-05-08,Paid Social,55.44
ORD-007489,CUST-02643,2025-07-15,Paid Social,88.57
ORD-007490,CUST-02643,2025-06-15,Paid Social,61.24
ORD-007491,CUST-02643,2025-11-14,Paid Social,43.83
ORD-007492,CUST-02644,2025-06-27,Paid Search,77.17
ORD-007493,CUST-02644,2025-07-11,Paid Search,96.82
ORD-007494,CUST-02644,2025-08-08,Paid Search,94.8
ORD-007495,CUST-02644,2025-11-20,Paid Search,67.45
ORD-007496,CUST-02645,2025-10-28,Paid Social,62.45
ORD-007497,CUST-02646,2025-09-20,Display,89.81
ORD-007498,CUST-02646,2025-09-29,Display,49.0
ORD-007499,CUST-02647,2025-05-09,Paid Social,55.01
ORD-007500,CUST-02647,2025-08-10,Paid Social,97.85
ORD-007501,CUST-02647,2025-06-29,Paid Social,69.21
ORD-007502,CUST-02648,2025-10-20,Paid Search,124.7
ORD-007503,CUST-02648,2025-10-24,Paid Search,97.99
ORD-007504,CUST-02649,2025-05-07,Paid Social,57.25
ORD-007505,CUST-02649,2025-06-01,Paid Social,64.43
ORD-007506,CUST-02649,2025-06-08,Paid Social,116.09
ORD-007507,CUST-02649,2025-06-13,Paid Social,100.57
ORD-007508,CUST-02650,2025-08-01,Display,79.7
ORD-007509,CUST-02651,2025-03-04,Paid Search,94.57
ORD-007510,CUST-02651,2025-07-23,Paid Search,82.41
ORD-007511,CUST-02651,2025-05-29,Paid Search,68.45
ORD-007512,CUST-02652,2025-09-11,Paid Search,104.63
ORD-007513,CUST-02652,2025-09-20,Paid Search,77.14
ORD-007514,CUST-02653,2025-05-19,Paid Social,72.95
ORD-007515,CUST-02653,2025-06-12,Paid Social,65.32
ORD-007516,CUST-02653,2025-06-23,Paid Social,97.03
ORD-007517,CUST-02654,2025-10-31,Paid Social,74.8
ORD-007518,CUST-02654,2025-12-04,Paid Social,50.29
ORD-007519,CUST-02655,2025-11-19,Paid Search,89.57
ORD-007520,CUST-02656,2025-11-10,Paid Search,115.14
ORD-007521,CUST-02656,2025-12-08,Paid Search,60.92
ORD-007522,CUST-02657,2025-06-26,Paid Search,113.64
ORD-007523,CUST-02657,2025-07-06,Paid Search,126.46
ORD-007524,CUST-02658,2025-04-12,Paid Social,95.42
ORD-007525,CUST-02658,2025-05-07,Paid Social,56.67
ORD-007526,CUST-02658,2025-04-24,Paid Social,55.88
ORD-007527,CUST-02658,2025-09-10,Paid Social,97.32
ORD-007528,CUST-02659,2025-05-12,Paid Search,80.16
ORD-007529,CUST-02659,2025-05-23,Paid Search,160.36
ORD-007530,CUST-02659,2025-09-23,Paid Search,71.23
ORD-007531,CUST-02659,2025-09-17,Paid Search,104.16
ORD-007532,CUST-02659,2025-07-18,Paid Search,160.12
ORD-007533,CUST-02660,2025-04-28,Display,107.6
ORD-007534,CUST-02660,2025-04-30,Display,101.77
ORD-007535,CUST-02661,2025-01-18,Email,93.22
ORD-007536,CUST-02661,2025-01-28,Email,130.54
ORD-007537,CUST-02661,2025-02-10,Email,140.2
ORD-007538,CUST-02661,2025-09-15,Email,62.59
ORD-007539,CUST-02661,2025-09-06,Email,190.34
ORD-007540,CUST-02661,2025-02-12,Email,75.71
ORD-007541,CUST-02661,2025-09-30,Email,52.45
ORD-007542,CUST-02662,2025-10-08,Paid Social,81.05
ORD-007543,CUST-02662,2025-12-22,Paid Social,114.42
ORD-007544,CUST-02662,2025-11-20,Paid Social,91.48
ORD-007545,CUST-02663,2025-06-15,Paid Social,42.43
ORD-007546,CUST-02663,2025-08-22,Paid Social,48.82
ORD-007547,CUST-02663,2025-12-14,Paid Social,38.09
ORD-007548,CUST-02664,2025-01-31,Email,62.36
ORD-007549,CUST-02664,2025-03-31,Email,89.38
ORD-007550,CUST-02664,2025-03-04,Email,90.65
ORD-007551,CUST-02664,2025-03-22,Email,87.3
ORD-007552,CUST-02665,2025-10-15,Organic Social,47.94
ORD-007553,CUST-02665,2025-10-31,Organic Social,71.59
ORD-007554,CUST-02666,2025-07-06,Affiliate,127.66
ORD-007555,CUST-02666,2025-08-11,Affiliate,84.79
ORD-007556,CUST-02666,2025-10-16,Affiliate,87.27
ORD-007557,CUST-02667,2025-02-13,Email,74.49
ORD-007558,CUST-02667,2025-03-28,Email,97.96
ORD-007559,CUST-02667,2025-09-24,Email,56.88
ORD-007560,CUST-02668,2025-01-26,Affiliate,124.07
ORD-007561,CUST-02668,2025-02-18,Affiliate,129.71
ORD-007562,CUST-02668,2025-03-09,Affiliate,115.88
ORD-007563,CUST-02669,2025-04-07,Paid Social,65.74
ORD-007564,CUST-02669,2025-04-30,Paid Social,92.34
ORD-007565,CUST-02669,2025-06-21,Paid Social,71.19
ORD-007566,CUST-02669,2025-05-31,Paid Social,55.21
ORD-007567,CUST-02669,2025-04-13,Paid Social,73.76
ORD-007568,CUST-02670,2025-05-26,Paid Social,105.71
ORD-007569,CUST-02670,2025-06-01,Paid Social,56.61
ORD-007570,CUST-02670,2025-11-27,Paid Social,66.81
ORD-007571,CUST-02671,2025-08-09,Paid Search,105.45
ORD-007572,CUST-02671,2025-11-10,Paid Search,118.38
ORD-007573,CUST-02672,2025-10-21,Paid Social,46.43
ORD-007574,CUST-02672,2025-10-30,Paid Social,96.31
ORD-007575,CUST-02672,2025-10-24,Paid Social,108.41
ORD-007576,CUST-02673,2025-01-19,Paid Search,95.88
ORD-007577,CUST-02674,2025-08-24,Paid Search,109.0
ORD-007578,CUST-02674,2025-12-17,Paid Search,143.67
ORD-007579,CUST-02675,2025-07-06,Paid Search,86.77
ORD-007580,CUST-02675,2025-09-02,Paid Search,56.14
ORD-007581,CUST-02675,2025-11-08,Paid Search,113.74
ORD-007582,CUST-02676,2025-03-13,Organic Social,57.44
ORD-007583,CUST-02676,2025-06-01,Organic Social,41.06
ORD-007584,CUST-02676,2025-09-01,Organic Social,91.08
ORD-007585,CUST-02676,2025-08-08,Organic Social,33.58
ORD-007586,CUST-02677,2025-06-13,Paid Search,132.17
ORD-007587,CUST-02677,2025-12-24,Paid Search,119.21
ORD-007588,CUST-02677,2025-11-07,Paid Search,104.7
ORD-007589,CUST-02678,2025-10-24,Paid Social,81.81
ORD-007590,CUST-02679,2025-05-06,Organic Social,55.63
ORD-007591,CUST-02679,2025-05-27,Organic Social,116.97
ORD-007592,CUST-02679,2025-07-28,Organic Social,67.79
ORD-007593,CUST-02680,2025-04-06,Email,74.89
ORD-007594,CUST-02680,2025-04-07,Email,95.66
ORD-007595,CUST-02680,2025-10-30,Email,59.8
ORD-007596,CUST-02680,2025-08-13,Email,133.16
ORD-007597,CUST-02680,2025-11-14,Email,77.79
ORD-007598,CUST-02680,2025-10-30,Email,94.23
ORD-007599,CUST-02681,2025-04-21,Paid Social,105.93
ORD-007600,CUST-02681,2025-05-07,Paid Social,53.83
ORD-007601,CUST-02681,2025-06-22,Paid Social,98.43
ORD-007602,CUST-02682,2025-01-13,Display,61.77
ORD-007603,CUST-02682,2025-02-24,Display,80.92
ORD-007604,CUST-02682,2025-02-21,Display,86.46
ORD-007605,CUST-02683,2025-01-10,Paid Social,63.06
ORD-007606,CUST-02683,2025-01-18,Paid Social,64.52
ORD-007607,CUST-02684,2025-02-18,Paid Search,90.63
ORD-007608,CUST-02684,2025-02-20,Paid Search,89.27
ORD-007609,CUST-02685,2025-09-19,Affiliate,52.73
ORD-007610,CUST-02685,2025-10-10,Affiliate,97.23
ORD-007611,CUST-02686,2025-05-01,Paid Search,81.43
ORD-007612,CUST-02686,2025-05-03,Paid Search,69.99
ORD-007613,CUST-02686,2025-07-09,Paid Search,101.71
ORD-007614,CUST-02686,2025-08-27,Paid Search,88.97
ORD-007615,CUST-02687,2025-01-01,Affiliate,70.52
ORD-007616,CUST-02687,2025-01-19,Affiliate,129.08
ORD-007617,CUST-02688,2025-01-26,Paid Search,129.74
ORD-007618,CUST-02689,2025-07-14,Email,88.24
ORD-007619,CUST-02689,2025-08-30,Email,63.56
ORD-007620,CUST-02690,2025-09-16,Paid Social,79.9
ORD-007621,CUST-02690,2025-12-01,Paid Social,88.34
ORD-007622,CUST-02690,2025-09-19,Paid Social,54.86
ORD-007623,CUST-02691,2025-06-18,Organic Social,90.91
ORD-007624,CUST-02691,2025-06-18,Organic Social,52.28
ORD-007625,CUST-02691,2025-10-14,Organic Social,81.7
ORD-007626,CUST-02691,2025-07-03,Organic Social,102.78
ORD-007627,CUST-02692,2025-03-22,Paid Social,52.89
ORD-007628,CUST-02693,2025-10-27,Organic Social,47.34
ORD-007629,CUST-02693,2025-11-17,Organic Social,77.23
ORD-007630,CUST-02694,2025-04-29,Paid Social,132.74
ORD-007631,CUST-02694,2025-05-03,Paid Social,84.08
ORD-007632,CUST-02694,2025-07-14,Paid Social,94.22
ORD-007633,CUST-02694,2025-10-13,Paid Social,44.9
ORD-007634,CUST-02694,2025-06-03,Paid Social,81.68
ORD-007635,CUST-02695,2025-09-14,Display,68.97
ORD-007636,CUST-02695,2025-09-15,Display,120.62
ORD-007637,CUST-02695,2025-10-06,Display,98.69
ORD-007638,CUST-02696,2025-03-19,Email,59.02
ORD-007639,CUST-02696,2025-05-10,Email,148.52
ORD-007640,CUST-02697,2025-03-09,Paid Search,65.34
ORD-007641,CUST-02697,2025-04-28,Paid Search,92.72
ORD-007642,CUST-02697,2025-05-12,Paid Search,141.61
ORD-007643,CUST-02697,2025-08-12,Paid Search,104.88
ORD-007644,CUST-02698,2025-03-25,Display,118.63
ORD-007645,CUST-02698,2025-06-11,Display,143.04
ORD-007646,CUST-02698,2025-04-29,Display,65.78
ORD-007647,CUST-02699,2025-07-05,Paid Search,126.32
ORD-007648,CUST-02700,2025-06-22,Paid Social,94.28
ORD-007649,CUST-02700,2025-11-12,Paid Social,88.56
ORD-007650,CUST-02700,2025-11-28,Paid Social,38.53
ORD-007651,CUST-02700,2025-08-13,Paid Social,52.48
ORD-007652,CUST-02701,2025-03-19,Affiliate,125.73
ORD-007653,CUST-02701,2025-03-27,Affiliate,95.88
ORD-007654,CUST-02701,2025-04-12,Affiliate,149.18
ORD-007655,CUST-02701,2025-04-06,Affiliate,89.98
ORD-007656,CUST-02702,2025-07-05,Organic Social,35.99
ORD-007657,CUST-02702,2025-09-16,Organic Social,38.05
ORD-007658,CUST-02702,2025-08-05,Organic Social,68.06
ORD-007659,CUST-02703,2025-10-08,Email,72.04
ORD-007660,CUST-02703,2025-12-17,Email,119.69
ORD-007661,CUST-02704,2025-04-19,Paid Social,105.01
ORD-007662,CUST-02705,2025-07-11,Paid Social,58.22
ORD-007663,CUST-02705,2025-09-02,Paid Social,77.03
ORD-007664,CUST-02705,2025-08-01,Paid Social,77.13
ORD-007665,CUST-02705,2025-11-08,Paid Social,112.25
ORD-007666,CUST-02705,2025-07-11,Paid Social,58.99
ORD-007667,CUST-02706,2025-11-19,Affiliate,94.88
ORD-007668,CUST-02707,2025-02-18,Organic Social,48.92
ORD-007669,CUST-02707,2025-07-11,Organic Social,44.85
ORD-007670,CUST-02707,2025-04-21,Organic Social,105.47
ORD-007671,CUST-02708,2025-02-11,Email,113.96
ORD-007672,CUST-02709,2025-02-25,Paid Social,88.53
ORD-007673,CUST-02709,2025-03-02,Paid Social,71.12
ORD-007674,CUST-02710,2025-08-07,Paid Search,70.81
ORD-007675,CUST-02710,2025-09-17,Paid Search,101.44
ORD-007676,CUST-02710,2025-09-10,Paid Search,124.09
ORD-007677,CUST-02710,2025-08-30,Paid Search,109.09
ORD-007678,CUST-02710,2025-09-01,Paid Search,108.32
ORD-007679,CUST-02711,2025-07-19,Paid Search,154.28
ORD-007680,CUST-02711,2025-10-05,Paid Search,64.15
ORD-007681,CUST-02711,2025-12-11,Paid Search,149.46
ORD-007682,CUST-02712,2025-07-28,Affiliate,49.64
ORD-007683,CUST-02713,2025-07-03,Organic Social,67.83
ORD-007684,CUST-02713,2025-10-04,Organic Social,93.66
ORD-007685,CUST-02713,2025-07-16,Organic Social,100.47
ORD-007686,CUST-02713,2025-10-13,Organic Social,90.86
ORD-007687,CUST-02714,2025-02-18,Display,54.77
ORD-007688,CUST-02714,2025-02-26,Display,57.83
ORD-007689,CUST-02714,2025-02-23,Display,86.25
ORD-007690,CUST-02714,2025-06-23,Display,89.6
ORD-007691,CUST-02715,2025-03-10,Organic Social,46.92
ORD-007692,CUST-02715,2025-05-21,Organic Social,109.18
ORD-007693,CUST-02715,2025-11-11,Organic Social,50.84
ORD-007694,CUST-02715,2025-09-23,Organic Social,56.96
ORD-007695,CUST-02716,2025-03-10,Paid Social,51.37
ORD-007696,CUST-02716,2025-05-21,Paid Social,74.4
ORD-007697,CUST-02716,2025-04-08,Paid Social,93.77
ORD-007698,CUST-02716,2025-09-21,Paid Social,69.77
ORD-007699,CUST-02717,2025-09-29,Email,97.46
ORD-007700,CUST-02717,2025-10-17,Email,68.24
ORD-007701,CUST-02717,2025-11-12,Email,78.66
ORD-007702,CUST-02718,2025-09-12,Paid Social,78.74
ORD-007703,CUST-02718,2025-10-19,Paid Social,71.6
ORD-007704,CUST-02719,2025-09-07,Paid Social,58.62
ORD-007705,CUST-02719,2025-11-18,Paid Social,53.79
ORD-007706,CUST-02720,2025-07-13,Email,86.04
ORD-007707,CUST-02720,2025-07-29,Email,39.71
ORD-007708,CUST-02721,2025-08-21,Paid Social,89.31
ORD-007709,CUST-02721,2025-12-31,Paid Social,104.87
ORD-007710,CUST-02722,2025-01-27,Email,130.77
ORD-007711,CUST-02722,2025-02-02,Email,103.9
ORD-007712,CUST-02722,2025-02-01,Email,63.44
ORD-007713,CUST-02722,2025-05-14,Email,129.98
ORD-007714,CUST-02722,2025-10-04,Email,114.04
ORD-007715,CUST-02723,2025-07-14,Display,83.96
ORD-007716,CUST-02723,2025-07-30,Display,92.16
ORD-007717,CUST-02723,2025-09-03,Display,83.59
ORD-007718,CUST-02724,2025-02-27,Affiliate,115.25
ORD-007719,CUST-02724,2025-03-09,Affiliate,100.09
ORD-007720,CUST-02724,2025-03-24,Affiliate,130.07
ORD-007721,CUST-02724,2025-06-28,Affiliate,178.19
ORD-007722,CUST-02725,2025-03-03,Display,76.12
ORD-007723,CUST-02725,2025-03-10,Display,72.41
ORD-007724,CUST-02726,2025-04-18,Paid Social,121.12
ORD-007725,CUST-02726,2025-05-22,Paid Social,54.32
ORD-007726,CUST-02726,2025-05-01,Paid Social,87.59
ORD-007727,CUST-02726,2025-07-14,Paid Social,75.15
ORD-007728,CUST-02727,2025-10-12,Paid Social,136.13
ORD-007729,CUST-02727,2025-10-20,Paid Social,70.69
ORD-007730,CUST-02727,2025-11-11,Paid Social,60.38
ORD-007731,CUST-02728,2025-05-30,Paid Search,133.85
ORD-007732,CUST-02728,2025-07-06,Paid Search,68.24
ORD-007733,CUST-02728,2025-08-17,Paid Search,134.27
ORD-007734,CUST-02728,2025-11-18,Paid Search,121.5
ORD-007735,CUST-02729,2025-01-06,Paid Search,112.34
ORD-007736,CUST-02729,2025-01-09,Paid Search,50.34
ORD-007737,CUST-02730,2025-06-27,Email,130.42
ORD-007738,CUST-02730,2025-06-29,Email,51.92
ORD-007739,CUST-02730,2025-10-03,Email,126.44
ORD-007740,CUST-02731,2025-02-21,Paid Search,66.18
ORD-007741,CUST-02731,2025-02-21,Paid Search,136.45
ORD-007742,CUST-02731,2025-04-16,Paid Search,121.15
ORD-007743,CUST-02732,2025-11-09,Email,63.48
ORD-007744,CUST-02733,2025-01-03,Paid Social,77.81
ORD-007745,CUST-02733,2025-01-05,Paid Social,35.4
ORD-007746,CUST-02733,2025-02-27,Paid Social,78.31
ORD-007747,CUST-02733,2025-01-26,Paid Social,85.98
ORD-007748,CUST-02734,2025-11-22,Paid Search,106.51
ORD-007749,CUST-02734,2025-12-27,Paid Search,126.02
ORD-007750,CUST-02735,2025-01-09,Paid Social,58.96
ORD-007751,CUST-02735,2025-01-23,Paid Social,68.2
ORD-007752,CUST-02735,2025-06-06,Paid Social,112.29
ORD-007753,CUST-02736,2025-06-04,Paid Search,66.38
ORD-007754,CUST-02736,2025-07-11,Paid Search,61.0
ORD-007755,CUST-02736,2025-06-22,Paid Search,106.75
ORD-007756,CUST-02737,2025-07-19,Paid Search,50.42
ORD-007757,CUST-02737,2025-07-21,Paid Search,122.32
ORD-007758,CUST-02738,2025-05-05,Paid Search,154.54
ORD-007759,CUST-02738,2025-05-23,Paid Search,132.93
ORD-007760,CUST-02738,2025-11-12,Paid Search,88.75
ORD-007761,CUST-02739,2025-04-13,Paid Search,60.14
ORD-007762,CUST-02739,2025-05-27,Paid Search,99.24
ORD-007763,CUST-02739,2025-07-05,Paid Search,113.54
ORD-007764,CUST-02739,2025-12-09,Paid Search,65.79
ORD-007765,CUST-02739,2025-12-19,Paid Search,84.31
ORD-007766,CUST-02740,2025-08-10,Paid Social,50.68
ORD-007767,CUST-02740,2025-09-23,Paid Social,70.41
ORD-007768,CUST-02741,2025-07-24,Paid Social,101.76
ORD-007769,CUST-02741,2025-09-09,Paid Social,52.92
ORD-007770,CUST-02741,2025-08-11,Paid Social,71.13
ORD-007771,CUST-02742,2025-04-15,Paid Social,83.44
ORD-007772,CUST-02742,2025-05-23,Paid Social,67.33
ORD-007773,CUST-02742,2025-07-11,Paid Social,85.86
ORD-007774,CUST-02742,2025-05-15,Paid Social,94.12
ORD-007775,CUST-02742,2025-05-02,Paid Social,40.61
ORD-007776,CUST-02743,2025-10-16,Paid Search,84.18
ORD-007777,CUST-02743,2025-11-22,Paid Search,55.39
ORD-007778,CUST-02744,2025-02-08,Paid Search,54.65
ORD-007779,CUST-02744,2025-02-16,Paid Search,158.41
ORD-007780,CUST-02744,2025-02-21,Paid Search,78.4
ORD-007781,CUST-02744,2025-02-09,Paid Search,163.3
ORD-007782,CUST-02745,2025-08-08,Display,109.15
ORD-007783,CUST-02745,2025-09-16,Display,93.86
ORD-007784,CUST-02745,2025-08-09,Display,105.52
ORD-007785,CUST-02746,2025-07-27,Paid Social,63.86
ORD-007786,CUST-02746,2025-09-29,Paid Social,50.38
ORD-007787,CUST-02746,2025-08-06,Paid Social,59.23
ORD-007788,CUST-02747,2025-06-16,Email,90.61
ORD-007789,CUST-02747,2025-06-17,Email,153.35
ORD-007790,CUST-02747,2025-09-09,Email,43.68
ORD-007791,CUST-02748,2025-07-31,Paid Social,95.58
ORD-007792,CUST-02748,2025-08-27,Paid Social,93.35
ORD-007793,CUST-02748,2025-11-13,Paid Social,53.8
ORD-007794,CUST-02748,2025-09-08,Paid Social,55.51
ORD-007795,CUST-02748,2025-10-11,Paid Social,63.47
ORD-007796,CUST-02749,2025-03-31,Organic Social,27.51
ORD-007797,CUST-02749,2025-05-06,Organic Social,53.13
ORD-007798,CUST-02749,2025-06-02,Organic Social,77.1
ORD-007799,CUST-02750,2025-03-24,Paid Social,115.79
ORD-007800,CUST-02750,2025-04-18,Paid Social,82.9
ORD-007801,CUST-02751,2025-07-19,Email,53.39
ORD-007802,CUST-02751,2025-08-10,Email,68.13
ORD-007803,CUST-02751,2025-08-26,Email,91.48
ORD-007804,CUST-02751,2025-10-08,Email,134.8
ORD-007805,CUST-02752,2025-06-21,Paid Search,76.0
ORD-007806,CUST-02752,2025-06-25,Paid Search,97.15
ORD-007807,CUST-02752,2025-10-09,Paid Search,67.4
ORD-007808,CUST-02753,2025-02-28,Paid Social,55.51
ORD-007809,CUST-02753,2025-03-04,Paid Social,37.3
ORD-007810,CUST-02753,2025-04-27,Paid Social,53.78
ORD-007811,CUST-02754,2025-01-09,Email,78.24
ORD-007812,CUST-02754,2025-02-27,Email,84.4
ORD-007813,CUST-02754,2025-01-11,Email,121.43
ORD-007814,CUST-02754,2025-02-28,Email,54.54
ORD-007815,CUST-02754,2025-08-28,Email,155.35
ORD-007816,CUST-02755,2025-08-20,Paid Search,93.3
ORD-007817,CUST-02755,2025-08-20,Paid Search,40.97
ORD-007818,CUST-02755,2025-09-02,Paid Search,122.92
ORD-007819,CUST-02755,2025-10-18,Paid Search,119.08
ORD-007820,CUST-02755,2025-12-06,Paid Search,126.63
ORD-007821,CUST-02756,2025-10-14,Paid Search,127.47
ORD-007822,CUST-02756,2025-12-07,Paid Search,67.48
ORD-007823,CUST-02756,2025-10-19,Paid Search,83.09
ORD-007824,CUST-02757,2025-02-16,Organic Social,69.27
ORD-007825,CUST-02757,2025-06-06,Organic Social,65.11
ORD-007826,CUST-02757,2025-08-08,Organic Social,42.68
ORD-007827,CUST-02758,2025-08-16,Affiliate,105.7
ORD-007828,CUST-02758,2025-09-29,Affiliate,163.75
ORD-007829,CUST-02759,2025-10-09,Email,70.03
ORD-007830,CUST-02760,2025-08-13,Affiliate,76.87
ORD-007831,CUST-02760,2025-11-05,Affiliate,151.44
ORD-007832,CUST-02760,2025-10-02,Affiliate,96.63
ORD-007833,CUST-02761,2025-01-18,Paid Search,67.17
ORD-007834,CUST-02761,2025-01-19,Paid Search,99.34
ORD-007835,CUST-02761,2025-02-25,Paid Search,115.36
ORD-007836,CUST-02762,2025-09-27,Display,89.13
ORD-007837,CUST-02762,2025-10-09,Display,64.52
ORD-007838,CUST-02762,2025-10-16,Display,81.28
ORD-007839,CUST-02763,2025-08-28,Paid Search,140.07
ORD-007840,CUST-02763,2025-11-15,Paid Search,142.95
ORD-007841,CUST-02763,2025-09-06,Paid Search,90.43
ORD-007842,CUST-02764,2025-01-13,Email,97.45
ORD-007843,CUST-02764,2025-03-31,Email,67.03
ORD-007844,CUST-02764,2025-03-09,Email,94.03
ORD-007845,CUST-02765,2025-08-08,Display,87.47
ORD-007846,CUST-02765,2025-08-10,Display,99.49
ORD-007847,CUST-02765,2025-08-25,Display,83.83
ORD-007848,CUST-02766,2025-03-29,Paid Search,73.93
ORD-007849,CUST-02766,2025-05-23,Paid Search,117.73
ORD-007850,CUST-02767,2025-10-01,Display,94.59
ORD-007851,CUST-02767,2025-11-04,Display,122.52
ORD-007852,CUST-02767,2025-10-27,Display,55.92
ORD-007853,CUST-02768,2025-10-04,Paid Social,56.29
ORD-007854,CUST-02769,2025-11-02,Paid Social,53.29
ORD-007855,CUST-02769,2025-11-25,Paid Social,73.93
ORD-007856,CUST-02770,2025-06-11,Organic Social,69.38
ORD-007857,CUST-02770,2025-08-18,Organic Social,87.35
ORD-007858,CUST-02770,2025-11-13,Organic Social,78.23
ORD-007859,CUST-02770,2025-08-19,Organic Social,56.13
ORD-007860,CUST-02771,2025-01-08,Affiliate,152.51
ORD-007861,CUST-02771,2025-04-24,Affiliate,122.55
ORD-007862,CUST-02771,2025-09-26,Affiliate,63.67
ORD-007863,CUST-02771,2025-06-07,Affiliate,168.68
ORD-007864,CUST-02772,2025-11-17,Paid Search,102.99
ORD-007865,CUST-02772,2025-12-12,Paid Search,168.79
ORD-007866,CUST-02772,2025-12-21,Paid Search,80.24
ORD-007867,CUST-02773,2025-01-13,Email,93.63
ORD-007868,CUST-02774,2025-09-02,Paid Social,85.46
ORD-007869,CUST-02774,2025-11-02,Paid Social,42.82
ORD-007870,CUST-02774,2025-10-04,Paid Social,99.93
ORD-007871,CUST-02775,2025-09-04,Paid Search,95.88
ORD-007872,CUST-02775,2025-09-04,Paid Search,60.33
ORD-007873,CUST-02776,2025-03-20,Affiliate,116.99
ORD-007874,CUST-02776,2025-05-07,Affiliate,148.3
ORD-007875,CUST-02776,2025-10-28,Affiliate,100.8
ORD-007876,CUST-02776,2025-03-30,Affiliate,134.95
ORD-007877,CUST-02776,2025-05-27,Affiliate,107.75
ORD-007878,CUST-02777,2025-04-12,Paid Search,70.84
ORD-007879,CUST-02777,2025-04-27,Paid Search,96.77
ORD-007880,CUST-02777,2025-05-31,Paid Search,61.57
ORD-007881,CUST-02777,2025-06-24,Paid Search,78.92
ORD-007882,CUST-02778,2025-09-09,Paid Search,111.04
ORD-007883,CUST-02778,2025-09-15,Paid Search,74.01
ORD-007884,CUST-02778,2025-12-18,Paid Search,78.6
ORD-007885,CUST-02779,2025-03-14,Paid Search,143.22
ORD-007886,CUST-02779,2025-05-28,Paid Search,108.11
ORD-007887,CUST-02779,2025-05-01,Paid Search,142.13
ORD-007888,CUST-02780,2025-08-20,Paid Social,68.01
ORD-007889,CUST-02780,2025-11-17,Paid Social,88.0
ORD-007890,CUST-02781,2025-10-03,Paid Search,90.65
ORD-007891,CUST-02781,2025-10-18,Paid Search,87.92
ORD-007892,CUST-02781,2025-12-24,Paid Search,91.11
ORD-007893,CUST-02781,2025-12-12,Paid Search,94.21
ORD-007894,CUST-02782,2025-08-30,Email,92.89
ORD-007895,CUST-02782,2025-09-02,Email,155.54
ORD-007896,CUST-02782,2025-10-31,Email,80.5
ORD-007897,CUST-02782,2025-09-26,Email,134.87
ORD-007898,CUST-02783,2025-01-04,Paid Social,79.41
ORD-007899,CUST-02783,2025-03-18,Paid Social,101.81
ORD-007900,CUST-02784,2025-08-26,Paid Social,63.87
ORD-007901,CUST-02785,2025-11-05,Paid Search,124.22
ORD-007902,CUST-02785,2025-11-25,Paid Search,152.79
ORD-007903,CUST-02786,2025-01-02,Paid Social,119.89
ORD-007904,CUST-02786,2025-05-05,Paid Social,58.47
ORD-007905,CUST-02786,2025-05-07,Paid Social,69.66
ORD-007906,CUST-02786,2025-04-11,Paid Social,77.1
ORD-007907,CUST-02787,2025-02-15,Paid Social,67.33
ORD-007908,CUST-02787,2025-03-09,Paid Social,48.15
ORD-007909,CUST-02787,2025-02-28,Paid Social,59.37
ORD-007910,CUST-02788,2025-04-30,Paid Social,57.6
ORD-007911,CUST-02788,2025-05-26,Paid Social,104.34
ORD-007912,CUST-02789,2025-09-01,Paid Search,130.82
ORD-007913,CUST-02789,2025-09-18,Paid Search,112.87
ORD-007914,CUST-02790,2025-10-12,Paid Search,71.6
ORD-007915,CUST-02790,2025-11-05,Paid Search,89.67
ORD-007916,CUST-02791,2025-09-02,Paid Search,86.42
ORD-007917,CUST-02791,2025-10-27,Paid Search,119.86
ORD-007918,CUST-02791,2025-12-09,Paid Search,59.76
ORD-007919,CUST-02791,2025-09-05,Paid Search,102.03
ORD-007920,CUST-02792,2025-02-20,Email,128.13
ORD-007921,CUST-02792,2025-03-17,Email,109.17
ORD-007922,CUST-02792,2025-05-06,Email,134.67
ORD-007923,CUST-02793,2025-07-20,Paid Search,70.94
ORD-007924,CUST-02793,2025-08-24,Paid Search,62.93
ORD-007925,CUST-02794,2025-06-12,Paid Social,53.28
ORD-007926,CUST-02795,2025-01-03,Paid Social,79.99
ORD-007927,CUST-02796,2025-02-10,Organic Social,117.72
ORD-007928,CUST-02796,2025-02-15,Organic Social,54.72
ORD-007929,CUST-02796,2025-04-13,Organic Social,85.79
ORD-007930,CUST-02797,2025-01-06,Affiliate,52.99
ORD-007931,CUST-02797,2025-03-11,Affiliate,121.58
ORD-007932,CUST-02797,2025-10-10,Affiliate,106.52
ORD-007933,CUST-02797,2025-01-30,Affiliate,106.59
ORD-007934,CUST-02798,2025-10-22,Organic Social,82.35
ORD-007935,CUST-02798,2025-12-02,Organic Social,82.39
ORD-007936,CUST-02799,2025-03-15,Affiliate,109.18
ORD-007937,CUST-02799,2025-04-03,Affiliate,152.06
ORD-007938,CUST-02799,2025-06-06,Affiliate,61.48
ORD-007939,CUST-02800,2025-05-25,Email,29.25
ORD-007940,CUST-02800,2025-06-20,Email,68.53
ORD-007941,CUST-02800,2025-07-22,Email,70.33
ORD-007942,CUST-02801,2025-04-24,Affiliate,160.96
ORD-007943,CUST-02801,2025-08-09,Affiliate,94.28
ORD-007944,CUST-02801,2025-04-28,Affiliate,61.11
ORD-007945,CUST-02801,2025-08-20,Affiliate,153.61
ORD-007946,CUST-02802,2025-06-30,Email,90.53
ORD-007947,CUST-02802,2025-09-27,Email,77.48
ORD-007948,CUST-02803,2025-10-20,Paid Social,41.38
ORD-007949,CUST-02803,2025-10-26,Paid Social,87.24
ORD-007950,CUST-02804,2025-07-22,Paid Social,50.62
ORD-007951,CUST-02804,2025-09-24,Paid Social,129.17
ORD-007952,CUST-02804,2025-09-27,Paid Social,110.52
ORD-007953,CUST-02804,2025-10-21,Paid Social,59.21
ORD-007954,CUST-02804,2025-11-06,Paid Social,59.37
ORD-007955,CUST-02805,2025-10-16,Email,120.24
ORD-007956,CUST-02805,2025-10-18,Email,79.21
ORD-007957,CUST-02805,2025-11-15,Email,92.52
ORD-007958,CUST-02806,2025-02-28,Affiliate,105.56
ORD-007959,CUST-02806,2025-03-28,Affiliate,80.92
ORD-007960,CUST-02806,2025-05-11,Affiliate,115.71
ORD-007961,CUST-02807,2025-05-08,Paid Search,108.92
ORD-007962,CUST-02807,2025-05-28,Paid Search,130.56
ORD-007963,CUST-02808,2025-06-21,Paid Search,113.82
ORD-007964,CUST-02808,2025-10-15,Paid Search,111.95
ORD-007965,CUST-02809,2025-11-26,Affiliate,97.03
ORD-007966,CUST-02809,2025-12-03,Affiliate,73.64
ORD-007967,CUST-02809,2025-11-29,Affiliate,68.67
ORD-007968,CUST-02810,2025-03-25,Email,89.64
ORD-007969,CUST-02810,2025-03-26,Email,133.54
ORD-007970,CUST-02811,2025-06-28,Affiliate,79.66
ORD-007971,CUST-02811,2025-08-18,Affiliate,100.6
ORD-007972,CUST-02812,2025-04-13,Organic Social,36.34
ORD-007973,CUST-02812,2025-04-23,Organic Social,63.51
ORD-007974,CUST-02813,2025-08-03,Paid Search,124.28
ORD-007975,CUST-02813,2025-08-09,Paid Search,90.7
ORD-007976,CUST-02813,2025-09-05,Paid Search,85.63
ORD-007977,CUST-02813,2025-10-06,Paid Search,86.97
ORD-007978,CUST-02814,2025-06-23,Paid Search,84.49
ORD-007979,CUST-02814,2025-07-05,Paid Search,107.56
ORD-007980,CUST-02815,2025-10-16,Paid Social,88.01
ORD-007981,CUST-02816,2025-09-03,Affiliate,121.14
ORD-007982,CUST-02816,2025-10-05,Affiliate,126.97
ORD-007983,CUST-02816,2025-09-19,Affiliate,100.98
ORD-007984,CUST-02816,2025-11-06,Affiliate,91.61
ORD-007985,CUST-02817,2025-08-18,Paid Search,91.38
ORD-007986,CUST-02818,2025-09-14,Paid Search,63.85
ORD-007987,CUST-02818,2025-10-26,Paid Search,142.21
ORD-007988,CUST-02818,2025-12-30,Paid Search,114.32
ORD-007989,CUST-02819,2025-11-08,Paid Search,70.93
ORD-007990,CUST-02819,2025-11-15,Paid Search,91.53
ORD-007991,CUST-02819,2025-11-09,Paid Search,95.76
ORD-007992,CUST-02820,2025-09-20,Paid Social,62.85
ORD-007993,CUST-02820,2025-09-24,Paid Social,44.11
ORD-007994,CUST-02820,2025-10-14,Paid Social,87.18
ORD-007995,CUST-02821,2025-01-09,Paid Social,59.58
ORD-007996,CUST-02821,2025-01-17,Paid Social,50.37
ORD-007997,CUST-02821,2025-04-08,Paid Social,65.93
ORD-007998,CUST-02822,2025-04-11,Affiliate,56.05
ORD-007999,CUST-02822,2025-04-29,Affiliate,142.13
ORD-008000,CUST-02822,2025-06-06,Affiliate,130.74
ORD-008001,CUST-02822,2025-06-30,Affiliate,162.61
ORD-008002,CUST-02823,2025-08-23,Display,94.89
ORD-008003,CUST-02823,2025-09-01,Display,58.14
ORD-008004,CUST-02823,2025-12-17,Display,120.41
ORD-008005,CUST-02824,2025-08-17,Affiliate,128.92
ORD-008006,CUST-02825,2025-10-08,Paid Social,94.49
ORD-008007,CUST-02825,2025-11-10,Paid Social,76.01
ORD-008008,CUST-02825,2025-10-15,Paid Social,91.83
ORD-008009,CUST-02825,2025-12-03,Paid Social,61.33
ORD-008010,CUST-02826,2025-10-12,Email,127.54
ORD-008011,CUST-02826,2025-10-19,Email,48.15
ORD-008012,CUST-02827,2025-07-30,Paid Social,74.0
ORD-008013,CUST-02827,2025-08-05,Paid Social,103.13
ORD-008014,CUST-02828,2025-10-29,Paid Social,82.96
ORD-008015,CUST-02828,2025-12-05,Paid Social,103.89
ORD-008016,CUST-02828,2025-12-23,Paid Social,68.36
ORD-008017,CUST-02828,2025-11-05,Paid Social,97.41
ORD-008018,CUST-02829,2025-10-15,Paid Search,85.2
ORD-008019,CUST-02829,2025-10-16,Paid Search,97.79
ORD-008020,CUST-02829,2025-10-16,Paid Search,69.31
ORD-008021,CUST-02830,2025-08-28,Display,88.54
ORD-008022,CUST-02831,2025-02-01,Email,86.89
ORD-008023,CUST-02831,2025-03-25,Email,113.64
ORD-008024,CUST-02831,2025-02-05,Email,119.01
ORD-008025,CUST-02831,2025-05-01,Email,73.95
ORD-008026,CUST-02831,2025-02-27,Email,79.7
ORD-008027,CUST-02831,2025-07-14,Email,57.87
ORD-008028,CUST-02832,2025-05-03,Paid Search,67.0
ORD-008029,CUST-02832,2025-08-12,Paid Search,33.74
ORD-008030,CUST-02832,2025-06-12,Paid Search,125.82
ORD-008031,CUST-02832,2025-06-19,Paid Search,84.96
ORD-008032,CUST-02833,2025-09-28,Paid Search,82.64
ORD-008033,CUST-02833,2025-11-03,Paid Search,92.03
ORD-008034,CUST-02833,2025-10-22,Paid Search,110.71
ORD-008035,CUST-02834,2025-07-20,Paid Search,93.75
ORD-008036,CUST-02834,2025-08-31,Paid Search,92.66
ORD-008037,CUST-02834,2025-08-07,Paid Search,98.04
ORD-008038,CUST-02835,2025-02-06,Paid Search,165.38
ORD-008039,CUST-02835,2025-03-05,Paid Search,85.55
ORD-008040,CUST-02835,2025-04-09,Paid Search,130.27
ORD-008041,CUST-02835,2025-12-11,Paid Search,101.37
ORD-008042,CUST-02836,2025-03-04,Paid Social,50.67
ORD-008043,CUST-02836,2025-03-10,Paid Social,110.28
ORD-008044,CUST-02836,2025-03-18,Paid Social,47.43
ORD-008045,CUST-02837,2025-01-05,Paid Social,118.14
ORD-008046,CUST-02837,2025-03-24,Paid Social,52.59
ORD-008047,CUST-02837,2025-03-14,Paid Social,89.29
ORD-008048,CUST-02837,2025-02-20,Paid Social,51.0
ORD-008049,CUST-02837,2025-08-01,Paid Social,45.67
ORD-008050,CUST-02838,2025-08-20,Paid Search,62.93
ORD-008051,CUST-02839,2025-05-25,Paid Social,40.89
ORD-008052,CUST-02839,2025-06-15,Paid Social,54.77
ORD-008053,CUST-02840,2025-09-23,Organic Social,62.98
ORD-008054,CUST-02840,2025-10-03,Organic Social,83.04
ORD-008055,CUST-02841,2025-01-23,Paid Search,81.1
ORD-008056,CUST-02841,2025-03-20,Paid Search,99.45
ORD-008057,CUST-02841,2025-05-09,Paid Search,66.65
ORD-008058,CUST-02841,2025-05-17,Paid Search,98.41
ORD-008059,CUST-02842,2025-08-08,Paid Search,121.61
ORD-008060,CUST-02842,2025-08-26,Paid Search,122.62
ORD-008061,CUST-02842,2025-09-01,Paid Search,107.97
ORD-008062,CUST-02843,2025-04-24,Paid Social,50.67
ORD-008063,CUST-02843,2025-06-14,Paid Social,58.96
ORD-008064,CUST-02843,2025-07-20,Paid Social,48.91
ORD-008065,CUST-02843,2025-11-17,Paid Social,73.41
ORD-008066,CUST-02844,2025-11-04,Email,125.89
ORD-008067,CUST-02845,2025-04-16,Email,79.11
ORD-008068,CUST-02845,2025-06-05,Email,144.41
ORD-008069,CUST-02846,2025-06-23,Email,83.11
ORD-008070,CUST-02846,2025-07-20,Email,82.72
ORD-008071,CUST-02846,2025-06-23,Email,75.2
ORD-008072,CUST-02846,2025-09-03,Email,69.91
ORD-008073,CUST-02846,2025-08-24,Email,60.27
ORD-008074,CUST-02846,2025-07-08,Email,96.72
ORD-008075,CUST-02847,2025-10-15,Display,60.55
ORD-008076,CUST-02847,2025-10-25,Display,110.42
ORD-008077,CUST-02847,2025-11-27,Display,82.44
ORD-008078,CUST-02848,2025-01-07,Affiliate,94.03
ORD-008079,CUST-02848,2025-02-17,Affiliate,112.9
ORD-008080,CUST-02848,2025-09-02,Affiliate,44.84
ORD-008081,CUST-02848,2025-03-20,Affiliate,111.32
ORD-008082,CUST-02848,2025-01-08,Affiliate,149.96
ORD-008083,CUST-02849,2025-01-04,Organic Social,69.15
ORD-008084,CUST-02850,2025-05-29,Paid Social,56.43
ORD-008085,CUST-02850,2025-06-21,Paid Social,87.71
ORD-008086,CUST-02851,2025-10-28,Organic Social,82.88
ORD-008087,CUST-02851,2025-11-12,Organic Social,94.98
ORD-008088,CUST-02852,2025-09-05,Display,93.63
ORD-008089,CUST-02852,2025-09-18,Display,71.78
ORD-008090,CUST-02853,2025-09-23,Email,115.05
ORD-008091,CUST-02853,2025-09-25,Email,77.47
ORD-008092,CUST-02854,2025-01-16,Email,114.81
ORD-008093,CUST-02855,2025-07-08,Organic Social,52.79
ORD-008094,CUST-02855,2025-08-02,Organic Social,70.97
ORD-008095,CUST-02855,2025-12-26,Organic Social,86.17
ORD-008096,CUST-02856,2025-09-03,Organic Social,79.2
ORD-008097,CUST-02856,2025-11-02,Organic Social,51.23
ORD-008098,CUST-02856,2025-11-07,Organic Social,63.54
ORD-008099,CUST-02856,2025-12-10,Organic Social,43.06
ORD-008100,CUST-02857,2025-08-09,Paid Search,80.26
ORD-008101,CUST-02857,2025-08-12,Paid Search,80.74
ORD-008102,CUST-02858,2025-08-01,Paid Social,94.32
ORD-008103,CUST-02858,2025-08-01,Paid Social,47.04
ORD-008104,CUST-02858,2025-09-20,Paid Social,66.03
ORD-008105,CUST-02859,2025-09-28,Organic Social,57.22
ORD-008106,CUST-02859,2025-10-24,Organic Social,55.77
ORD-008107,CUST-02859,2025-11-16,Organic Social,92.86
ORD-008108,CUST-02859,2025-11-30,Organic Social,99.19
ORD-008109,CUST-02860,2025-09-17,Paid Social,45.65
ORD-008110,CUST-02860,2025-10-09,Paid Social,52.06
ORD-008111,CUST-02860,2025-09-20,Paid Social,77.28
ORD-008112,CUST-02861,2025-01-02,Paid Search,62.21
ORD-008113,CUST-02861,2025-01-07,Paid Search,80.35
ORD-008114,CUST-02861,2025-04-16,Paid Search,106.77
ORD-008115,CUST-02861,2025-02-09,Paid Search,80.73
ORD-008116,CUST-02861,2025-02-01,Paid Search,111.47
ORD-008117,CUST-02862,2025-09-19,Paid Search,106.43
ORD-008118,CUST-02862,2025-10-07,Paid Search,113.23
ORD-008119,CUST-02862,2025-11-02,Paid Search,63.47
ORD-008120,CUST-02862,2025-11-16,Paid Search,139.0
ORD-008121,CUST-02862,2025-09-27,Paid Search,163.07
ORD-008122,CUST-02862,2025-10-31,Paid Search,111.38
ORD-008123,CUST-02863,2025-03-23,Email,74.5
ORD-008124,CUST-02863,2025-04-25,Email,52.03
ORD-008125,CUST-02864,2025-08-12,Display,67.11
ORD-008126,CUST-02864,2025-09-24,Display,120.28
ORD-008127,CUST-02864,2025-10-06,Display,47.69
ORD-008128,CUST-02865,2025-08-28,Paid Search,66.63
ORD-008129,CUST-02865,2025-09-29,Paid Search,121.85
ORD-008130,CUST-02866,2025-04-18,Display,77.51
ORD-008131,CUST-02866,2025-05-01,Display,75.49
ORD-008132,CUST-02866,2025-04-24,Display,95.59
ORD-008133,CUST-02867,2025-05-25,Affiliate,90.8
ORD-008134,CUST-02867,2025-09-03,Affiliate,62.66
ORD-008135,CUST-02867,2025-06-23,Affiliate,118.32
ORD-008136,CUST-02867,2025-10-07,Affiliate,102.61
ORD-008137,CUST-02867,2025-11-07,Affiliate,58.44
ORD-008138,CUST-02867,2025-12-21,Affiliate,160.39
ORD-008139,CUST-02868,2025-02-08,Paid Search,120.79
ORD-008140,CUST-02868,2025-02-16,Paid Search,79.19
ORD-008141,CUST-02869,2025-08-23,Paid Search,154.54
ORD-008142,CUST-02869,2025-08-25,Paid Search,128.9
ORD-008143,CUST-02870,2025-06-08,Affiliate,80.56
ORD-008144,CUST-02870,2025-08-24,Affiliate,149.78
ORD-008145,CUST-02870,2025-09-21,Affiliate,101.0
ORD-008146,CUST-02870,2025-06-19,Affiliate,85.7
ORD-008147,CUST-02871,2025-10-02,Organic Social,41.1
ORD-008148,CUST-02871,2025-10-27,Organic Social,90.16
ORD-008149,CUST-02871,2025-12-01,Organic Social,42.12
ORD-008150,CUST-02872,2025-01-04,Paid Search,136.97
ORD-008151,CUST-02872,2025-01-06,Paid Search,119.52
ORD-008152,CUST-02872,2025-01-29,Paid Search,89.38
ORD-008153,CUST-02873,2025-02-14,Display,86.04
ORD-008154,CUST-02874,2025-04-04,Email,65.83
ORD-008155,CUST-02874,2025-04-11,Email,70.82
ORD-008156,CUST-02874,2025-10-08,Email,91.63
ORD-008157,CUST-02875,2025-06-14,Paid Search,61.42
ORD-008158,CUST-02875,2025-06-26,Paid Search,122.81
ORD-008159,CUST-02875,2025-07-23,Paid Search,99.03
ORD-008160,CUST-02875,2025-07-10,Paid Search,114.96
ORD-008161,CUST-02875,2025-07-01,Paid Search,56.75
ORD-008162,CUST-02875,2025-08-23,Paid Search,140.81
ORD-008163,CUST-02876,2025-05-09,Affiliate,158.86
ORD-008164,CUST-02876,2025-05-21,Affiliate,134.15
ORD-008165,CUST-02876,2025-09-25,Affiliate,116.6
ORD-008166,CUST-02877,2025-03-13,Paid Social,98.39
ORD-008167,CUST-02877,2025-06-05,Paid Social,114.36
ORD-008168,CUST-02878,2025-10-18,Display,91.73
ORD-008169,CUST-02878,2025-12-12,Display,43.89
ORD-008170,CUST-02878,2025-11-30,Display,101.14
ORD-008171,CUST-02879,2025-06-27,Paid Social,92.18
ORD-008172,CUST-02879,2025-10-30,Paid Social,48.36
ORD-008173,CUST-02879,2025-06-29,Paid Social,50.93
ORD-008174,CUST-02879,2025-08-28,Paid Social,51.11
ORD-008175,CUST-02879,2025-10-06,Paid Social,88.52
ORD-008176,CUST-02880,2025-09-29,Affiliate,97.72
ORD-008177,CUST-02880,2025-10-06,Affiliate,175.64
ORD-008178,CUST-02881,2025-02-21,Paid Search,117.64
ORD-008179,CUST-02881,2025-03-02,Paid Search,123.98
ORD-008180,CUST-02881,2025-03-20,Paid Search,103.93
ORD-008181,CUST-02881,2025-03-20,Paid Search,67.85
ORD-008182,CUST-02881,2025-06-23,Paid Search,92.94
ORD-008183,CUST-02881,2025-08-20,Paid Search,79.76
ORD-008184,CUST-02882,2025-06-10,Paid Social,104.21
ORD-008185,CUST-02882,2025-06-19,Paid Social,58.53
ORD-008186,CUST-02882,2025-07-10,Paid Social,109.98
ORD-008187,CUST-02882,2025-08-12,Paid Social,89.45
ORD-008188,CUST-02882,2025-06-24,Paid Social,63.58
ORD-008189,CUST-02883,2025-06-20,Paid Social,53.56
ORD-008190,CUST-02883,2025-06-20,Paid Social,77.95
ORD-008191,CUST-02883,2025-08-15,Paid Social,108.87
ORD-008192,CUST-02884,2025-06-07,Paid Search,107.05
ORD-008193,CUST-02884,2025-06-28,Paid Search,56.24
ORD-008194,CUST-02885,2025-09-25,Affiliate,98.23
ORD-008195,CUST-02885,2025-10-26,Affiliate,123.41
ORD-008196,CUST-02886,2025-01-08,Paid Search,64.26
ORD-008197,CUST-02886,2025-07-23,Paid Search,120.1
ORD-008198,CUST-02886,2025-03-01,Paid Search,113.28
ORD-008199,CUST-02887,2025-05-21,Email,145.79
ORD-008200,CUST-02887,2025-05-26,Email,63.07
ORD-008201,CUST-02887,2025-05-29,Email,71.64
ORD-008202,CUST-02888,2025-07-18,Affiliate,114.42
ORD-008203,CUST-02889,2025-01-03,Email,66.5
ORD-008204,CUST-02890,2025-11-19,Paid Social,55.07
ORD-008205,CUST-02890,2025-11-30,Paid Social,66.98
ORD-008206,CUST-02891,2025-04-09,Affiliate,142.38
ORD-008207,CUST-02892,2025-07-21,Paid Social,44.7
ORD-008208,CUST-02892,2025-10-01,Paid Social,57.75
ORD-008209,CUST-02892,2025-12-18,Paid Social,48.28
ORD-008210,CUST-02893,2025-09-08,Paid Search,137.05
ORD-008211,CUST-02893,2025-09-11,Paid Search,124.51
ORD-008212,CUST-02893,2025-10-26,Paid Search,88.15
ORD-008213,CUST-02893,2025-10-20,Paid Search,62.99
ORD-008214,CUST-02894,2025-11-07,Paid Social,91.68
ORD-008215,CUST-02894,2025-12-21,Paid Social,98.43
ORD-008216,CUST-02895,2025-10-21,Email,57.88
ORD-008217,CUST-02896,2025-10-26,Email,125.36
ORD-008218,CUST-02896,2025-12-16,Email,99.74
ORD-008219,CUST-02896,2025-12-28,Email,123.66
ORD-008220,CUST-02896,2025-12-29,Email,71.92
ORD-008221,CUST-02896,2025-12-19,Email,101.13
ORD-008222,CUST-02897,2025-10-28,Email,59.33
ORD-008223,CUST-02897,2025-11-22,Email,90.99
ORD-008224,CUST-02897,2025-12-30,Email,114.57
ORD-008225,CUST-02898,2025-08-21,Paid Search,54.6
ORD-008226,CUST-02899,2025-10-11,Email,97.93
ORD-008227,CUST-02899,2025-10-17,Email,70.49
ORD-008228,CUST-02899,2025-12-22,Email,110.09
ORD-008229,CUST-02900,2025-11-11,Paid Social,74.21
ORD-008230,CUST-02900,2025-12-21,Paid Social,69.09
ORD-008231,CUST-02901,2025-10-11,Paid Search,69.74
ORD-008232,CUST-02901,2025-12-19,Paid Search,61.43
ORD-008233,CUST-02901,2025-11-02,Paid Search,102.44
ORD-008234,CUST-02901,2025-10-21,Paid Search,150.89
ORD-008235,CUST-02902,2025-10-22,Organic Social,81.13
ORD-008236,CUST-02902,2025-11-14,Organic Social,75.37
ORD-008237,CUST-02902,2025-11-21,Organic Social,92.99
ORD-008238,CUST-02903,2025-03-08,Paid Social,102.63
ORD-008239,CUST-02903,2025-05-04,Paid Social,107.83
ORD-008240,CUST-02903,2025-05-19,Paid Social,61.75
ORD-008241,CUST-02903,2025-08-15,Paid Social,88.99
ORD-008242,CUST-02904,2025-05-15,Paid Social,49.4
ORD-008243,CUST-02904,2025-08-25,Paid Social,80.73
ORD-008244,CUST-02904,2025-09-04,Paid Social,52.45
ORD-008245,CUST-02905,2025-06-05,Affiliate,133.98
ORD-008246,CUST-02906,2025-03-06,Paid Search,60.19
ORD-008247,CUST-02906,2025-03-08,Paid Search,114.97
ORD-008248,CUST-02906,2025-05-09,Paid Search,85.79
ORD-008249,CUST-02907,2025-08-03,Email,112.75
ORD-008250,CUST-02908,2025-10-15,Affiliate,140.07
ORD-008251,CUST-02908,2025-11-27,Affiliate,94.77
ORD-008252,CUST-02908,2025-11-06,Affiliate,170.42
ORD-008253,CUST-02909,2025-01-01,Paid Search,66.96
ORD-008254,CUST-02909,2025-01-09,Paid Search,115.84
ORD-008255,CUST-02909,2025-01-08,Paid Search,108.39
ORD-008256,CUST-02909,2025-06-11,Paid Search,70.61
ORD-008257,CUST-02910,2025-06-04,Affiliate,81.3
ORD-008258,CUST-02910,2025-06-21,Affiliate,120.26
ORD-008259,CUST-02910,2025-06-16,Affiliate,109.24
ORD-008260,CUST-02911,2025-03-06,Display,69.39
ORD-008261,CUST-02911,2025-05-01,Display,66.87
ORD-008262,CUST-02912,2025-08-02,Paid Social,44.52
ORD-008263,CUST-02912,2025-08-25,Paid Social,92.05
ORD-008264,CUST-02912,2025-08-26,Paid Social,50.29
ORD-008265,CUST-02913,2025-11-11,Paid Search,72.85
ORD-008266,CUST-02913,2025-11-29,Paid Search,158.27
ORD-008267,CUST-02913,2025-12-25,Paid Search,102.83
ORD-008268,CUST-02913,2025-12-06,Paid Search,87.04
ORD-008269,CUST-02914,2025-10-07,Organic Social,66.09
ORD-008270,CUST-02914,2025-10-11,Organic Social,103.96
ORD-008271,CUST-02915,2025-10-22,Email,132.77
ORD-008272,CUST-02915,2025-10-31,Email,62.21
ORD-008273,CUST-02916,2025-11-15,Paid Social,56.74
ORD-008274,CUST-02917,2025-01-24,Affiliate,144.09
ORD-008275,CUST-02917,2025-03-08,Affiliate,99.11
ORD-008276,CUST-02917,2025-04-02,Affiliate,65.07
ORD-008277,CUST-02918,2025-09-11,Paid Social,85.59
ORD-008278,CUST-02918,2025-10-16,Paid Social,90.76
ORD-008279,CUST-02918,2025-09-14,Paid Social,93.79
ORD-008280,CUST-02919,2025-11-02,Email,136.63
ORD-008281,CUST-02919,2025-12-07,Email,109.81
ORD-008282,CUST-02920,2025-11-06,Affiliate,86.72
ORD-008283,CUST-02920,2025-12-13,Affiliate,142.95
ORD-008284,CUST-02921,2025-08-05,Paid Social,83.74
ORD-008285,CUST-02921,2025-09-11,Paid Social,94.2
ORD-008286,CUST-02921,2025-09-07,Paid Social,116.77
ORD-008287,CUST-02921,2025-10-16,Paid Social,114.57
ORD-008288,CUST-02921,2025-09-23,Paid Social,75.97
ORD-008289,CUST-02922,2025-07-23,Affiliate,159.52
ORD-008290,CUST-02922,2025-09-15,Affiliate,185.71
ORD-008291,CUST-02923,2025-10-19,Paid Search,140.44
ORD-008292,CUST-02923,2025-11-06,Paid Search,53.74
ORD-008293,CUST-02924,2025-04-16,Display,75.23
ORD-008294,CUST-02924,2025-06-30,Display,49.64
ORD-008295,CUST-02924,2025-04-28,Display,91.35
ORD-008296,CUST-02924,2025-12-08,Display,89.61
ORD-008297,CUST-02925,2025-06-14,Paid Social,45.28
ORD-008298,CUST-02925,2025-06-23,Paid Social,115.34
ORD-008299,CUST-02925,2025-08-08,Paid Social,85.66
ORD-008300,CUST-02925,2025-06-29,Paid Social,128.87
ORD-008301,CUST-02926,2025-08-08,Paid Search,129.77
ORD-008302,CUST-02926,2025-08-09,Paid Search,125.85
ORD-008303,CUST-02926,2025-08-21,Paid Search,93.71
ORD-008304,CUST-02927,2025-06-07,Paid Search,68.48
ORD-008305,CUST-02927,2025-06-10,Paid Search,55.19
ORD-008306,CUST-02927,2025-11-24,Paid Search,64.3
ORD-008307,CUST-02928,2025-10-02,Paid Social,103.37
ORD-008308,CUST-02928,2025-12-06,Paid Social,60.23
ORD-008309,CUST-02929,2025-04-27,Display,93.93
ORD-008310,CUST-02930,2025-08-09,Email,101.46
ORD-008311,CUST-02930,2025-08-14,Email,92.4
ORD-008312,CUST-02931,2025-06-09,Affiliate,88.33
ORD-008313,CUST-02931,2025-09-18,Affiliate,152.66
ORD-008314,CUST-02931,2025-08-07,Affiliate,107.4
ORD-008315,CUST-02932,2025-04-07,Paid Social,86.72
ORD-008316,CUST-02932,2025-04-12,Paid Social,109.31
ORD-008317,CUST-02932,2025-04-30,Paid Social,88.84
ORD-008318,CUST-02932,2025-07-15,Paid Social,73.52
ORD-008319,CUST-02933,2025-07-01,Affiliate,89.77
ORD-008320,CUST-02933,2025-07-22,Affiliate,78.33
ORD-008321,CUST-02933,2025-10-15,Affiliate,101.2
ORD-008322,CUST-02933,2025-07-01,Affiliate,160.29
ORD-008323,CUST-02934,2025-02-26,Paid Search,77.32
ORD-008324,CUST-02934,2025-03-23,Paid Search,91.33
ORD-008325,CUST-02934,2025-05-18,Paid Search,128.02
ORD-008326,CUST-02935,2025-03-04,Paid Social,82.95
ORD-008327,CUST-02935,2025-05-28,Paid Social,82.27
ORD-008328,CUST-02936,2025-01-04,Paid Search,80.46
ORD-008329,CUST-02936,2025-02-22,Paid Search,78.27
ORD-008330,CUST-02937,2025-10-28,Organic Social,97.56
ORD-008331,CUST-02937,2025-12-18,Organic Social,66.3
ORD-008332,CUST-02937,2025-12-16,Organic Social,74.51
ORD-008333,CUST-02937,2025-11-02,Organic Social,64.77
ORD-008334,CUST-02938,2025-06-28,Paid Social,100.06
ORD-008335,CUST-02938,2025-07-02,Paid Social,68.91
ORD-008336,CUST-02938,2025-10-06,Paid Social,48.09
ORD-008337,CUST-02938,2025-07-06,Paid Social,65.75
ORD-008338,CUST-02939,2025-08-31,Paid Social,95.34
ORD-008339,CUST-02939,2025-09-12,Paid Social,62.99
ORD-008340,CUST-02939,2025-11-28,Paid Social,145.92
ORD-008341,CUST-02939,2025-10-22,Paid Social,80.29
ORD-008342,CUST-02940,2025-04-14,Paid Social,50.72
ORD-008343,CUST-02940,2025-06-04,Paid Social,93.81
ORD-008344,CUST-02940,2025-06-08,Paid Social,74.32
ORD-008345,CUST-02941,2025-07-06,Email,66.04
ORD-008346,CUST-02941,2025-10-26,Email,79.44
ORD-008347,CUST-02942,2025-09-03,Affiliate,105.26
ORD-008348,CUST-02943,2025-11-05,Email,95.12
ORD-008349,CUST-02944,2025-08-22,Paid Social,52.89
ORD-008350,CUST-02944,2025-11-06,Paid Social,90.59
ORD-008351,CUST-02944,2025-09-24,Paid Social,107.18
ORD-008352,CUST-02945,2025-08-01,Organic Social,84.06
ORD-008353,CUST-02945,2025-08-18,Organic Social,38.64
ORD-008354,CUST-02945,2025-08-02,Organic Social,87.96
ORD-008355,CUST-02946,2025-01-27,Organic Social,43.81
ORD-008356,CUST-02946,2025-07-06,Organic Social,88.52
ORD-008357,CUST-02946,2025-04-25,Organic Social,57.89
ORD-008358,CUST-02947,2025-05-29,Paid Search,64.57
ORD-008359,CUST-02948,2025-10-01,Display,70.8
ORD-008360,CUST-02948,2025-11-02,Display,52.0
ORD-008361,CUST-02948,2025-10-26,Display,111.11
ORD-008362,CUST-02948,2025-11-21,Display,38.26
ORD-008363,CUST-02949,2025-10-21,Paid Social,54.83
ORD-008364,CUST-02949,2025-11-07,Paid Social,64.93
ORD-008365,CUST-02950,2025-07-06,Display,105.11
ORD-008366,CUST-02950,2025-08-15,Display,78.68
ORD-008367,CUST-02951,2025-05-12,Email,73.38
ORD-008368,CUST-02951,2025-06-27,Email,84.17
ORD-008369,CUST-02952,2025-01-29,Paid Social,82.81
ORD-008370,CUST-02952,2025-02-24,Paid Social,72.85
ORD-008371,CUST-02952,2025-06-27,Paid Social,55.22
ORD-008372,CUST-02952,2025-02-07,Paid Social,59.28
ORD-008373,CUST-02952,2025-09-10,Paid Social,66.15
ORD-008374,CUST-02953,2025-01-26,Organic Social,68.79
ORD-008375,CUST-02953,2025-07-29,Organic Social,76.64
ORD-008376,CUST-02954,2025-02-18,Paid Social,35.58
ORD-008377,CUST-02955,2025-08-02,Email,64.18
ORD-008378,CUST-02955,2025-08-04,Email,60.58
ORD-008379,CUST-02956,2025-06-08,Affiliate,138.39
ORD-008380,CUST-02956,2025-06-19,Affiliate,95.85
ORD-008381,CUST-02956,2025-06-26,Affiliate,108.85
ORD-008382,CUST-02956,2025-12-08,Affiliate,68.52
ORD-008383,CUST-02957,2025-04-15,Paid Search,102.84
ORD-008384,CUST-02958,2025-03-18,Paid Social,83.38
ORD-008385,CUST-02958,2025-03-22,Paid Social,44.36
ORD-008386,CUST-02958,2025-06-08,Paid Social,67.29
ORD-008387,CUST-02958,2025-06-06,Paid Social,50.35
ORD-008388,CUST-02959,2025-07-19,Paid Search,100.43
ORD-008389,CUST-02959,2025-10-02,Paid Search,107.5
ORD-008390,CUST-02960,2025-02-08,Affiliate,109.56
ORD-008391,CUST-02960,2025-06-06,Affiliate,147.3
ORD-008392,CUST-02960,2025-03-19,Affiliate,98.86
ORD-008393,CUST-02961,2025-06-19,Affiliate,116.91
ORD-008394,CUST-02961,2025-07-08,Affiliate,50.06
ORD-008395,CUST-02961,2025-09-04,Affiliate,139.12
ORD-008396,CUST-02962,2025-01-18,Paid Search,112.51
ORD-008397,CUST-02962,2025-01-25,Paid Search,107.6
ORD-008398,CUST-02962,2025-04-12,Paid Search,133.47
ORD-008399,CUST-02963,2025-08-12,Paid Search,81.4
ORD-008400,CUST-02963,2025-09-23,Paid Search,98.34
ORD-008401,CUST-02963,2025-09-11,Paid Search,106.21
ORD-008402,CUST-02963,2025-11-08,Paid Search,98.74
ORD-008403,CUST-02964,2025-08-02,Paid Social,36.53
ORD-008404,CUST-02964,2025-08-17,Paid Social,65.48
ORD-008405,CUST-02964,2025-09-05,Paid Social,101.5
ORD-008406,CUST-02964,2025-10-31,Paid Social,69.19
ORD-008407,CUST-02965,2025-07-12,Display,91.56
ORD-008408,CUST-02965,2025-09-15,Display,58.68
ORD-008409,CUST-02965,2025-09-05,Display,78.08
ORD-008410,CUST-02965,2025-07-29,Display,110.75
ORD-008411,CUST-02966,2025-02-22,Email,97.61
ORD-008412,CUST-02966,2025-04-08,Email,67.5
ORD-008413,CUST-02966,2025-09-12,Email,167.12
ORD-008414,CUST-02966,2025-02-22,Email,91.75
ORD-008415,CUST-02967,2025-10-16,Paid Social,104.67
ORD-008416,CUST-02967,2025-11-16,Paid Social,53.2
ORD-008417,CUST-02968,2025-01-12,Paid Social,69.42
ORD-008418,CUST-02969,2025-06-10,Paid Social,73.43
ORD-008419,CUST-02969,2025-07-26,Paid Social,63.31
ORD-008420,CUST-02969,2025-12-02,Paid Social,101.42
ORD-008421,CUST-02970,2025-04-01,Paid Search,124.18
ORD-008422,CUST-02970,2025-05-16,Paid Search,130.05
ORD-008423,CUST-02970,2025-07-11,Paid Search,150.29
ORD-008424,CUST-02971,2025-08-28,Paid Search,116.87
ORD-008425,CUST-02971,2025-09-07,Paid Search,82.11
ORD-008426,CUST-02971,2025-09-05,Paid Search,91.3
ORD-008427,CUST-02971,2025-11-11,Paid Search,97.28
ORD-008428,CUST-02972,2025-06-15,Paid Search,97.49
ORD-008429,CUST-02972,2025-06-29,Paid Search,99.67
ORD-008430,CUST-02972,2025-07-17,Paid Search,80.73
ORD-008431,CUST-02973,2025-03-01,Email,114.11
ORD-008432,CUST-02973,2025-03-01,Email,61.38
ORD-008433,CUST-02974,2025-09-01,Paid Search,66.32
ORD-008434,CUST-02974,2025-10-12,Paid Search,57.48
ORD-008435,CUST-02975,2025-08-16,Paid Social,50.22
ORD-008436,CUST-02975,2025-09-22,Paid Social,64.57
ORD-008437,CUST-02975,2025-09-15,Paid Social,107.18
ORD-008438,CUST-02976,2025-10-03,Email,102.05
ORD-008439,CUST-02976,2025-10-17,Email,117.62
ORD-008440,CUST-02977,2025-08-13,Affiliate,69.07
ORD-008441,CUST-02977,2025-09-04,Affiliate,125.85
ORD-008442,CUST-02977,2025-08-31,Affiliate,65.93
ORD-008443,CUST-02977,2025-10-11,Affiliate,120.46
ORD-008444,CUST-02978,2025-04-19,Email,63.48
ORD-008445,CUST-02978,2025-05-07,Email,103.01
ORD-008446,CUST-02979,2025-09-05,Paid Search,72.15
ORD-008447,CUST-02979,2025-09-08,Paid Search,75.08
ORD-008448,CUST-02980,2025-01-06,Organic Social,47.91
ORD-008449,CUST-02980,2025-03-03,Organic Social,57.22
ORD-008450,CUST-02980,2025-06-02,Organic Social,49.8
ORD-008451,CUST-02980,2025-02-15,Organic Social,73.01
ORD-008452,CUST-02980,2025-02-01,Organic Social,77.03
ORD-008453,CUST-02981,2025-11-08,Paid Search,101.62
ORD-008454,CUST-02981,2025-12-04,Paid Search,88.46
ORD-008455,CUST-02981,2025-12-15,Paid Search,78.06
ORD-008456,CUST-02982,2025-06-08,Paid Social,46.72
ORD-008457,CUST-02982,2025-08-27,Paid Social,52.45
ORD-008458,CUST-02982,2025-12-14,Paid Social,103.15
ORD-008459,CUST-02983,2025-05-17,Organic Social,56.65
ORD-008460,CUST-02983,2025-07-14,Organic Social,110.2
ORD-008461,CUST-02983,2025-05-27,Organic Social,38.31
ORD-008462,CUST-02983,2025-06-08,Organic Social,61.37
ORD-008463,CUST-02983,2025-06-23,Organic Social,73.58
ORD-008464,CUST-02984,2025-08-30,Email,132.06
ORD-008465,CUST-02984,2025-11-27,Email,47.55
ORD-008466,CUST-02985,2025-08-12,Email,133.64
ORD-008467,CUST-02985,2025-08-15,Email,85.15
ORD-008468,CUST-02985,2025-10-27,Email,119.53
ORD-008469,CUST-02986,2025-10-06,Paid Social,90.06
ORD-008470,CUST-02986,2025-12-21,Paid Social,65.71
ORD-008471,CUST-02986,2025-10-11,Paid Social,107.78
ORD-008472,CUST-02986,2025-10-13,Paid Social,79.86
ORD-008473,CUST-02987,2025-08-31,Paid Search,112.78
ORD-008474,CUST-02987,2025-10-21,Paid Search,118.95
ORD-008475,CUST-02988,2025-04-20,Paid Social,97.17
ORD-008476,CUST-02988,2025-04-29,Paid Social,114.94
ORD-008477,CUST-02988,2025-07-02,Paid Social,92.92
ORD-008478,CUST-02988,2025-12-25,Paid Social,69.61
ORD-008479,CUST-02988,2025-07-26,Paid Social,114.99
ORD-008480,CUST-02988,2025-07-08,Paid Social,89.66
ORD-008481,CUST-02989,2025-03-18,Paid Social,49.52
ORD-008482,CUST-02989,2025-04-01,Paid Social,80.34
ORD-008483,CUST-02989,2025-08-19,Paid Social,47.5
ORD-008484,CUST-02989,2025-05-13,Paid Social,90.51
ORD-008485,CUST-02989,2025-05-03,Paid Social,49.05
ORD-008486,CUST-02990,2025-03-18,Paid Search,97.66
ORD-008487,CUST-02990,2025-05-03,Paid Search,133.31
ORD-008488,CUST-02990,2025-05-22,Paid Search,133.64
ORD-008489,CUST-02990,2025-08-26,Paid Search,57.72
ORD-008490,CUST-02990,2025-11-06,Paid Search,91.59
ORD-008491,CUST-02991,2025-09-24,Paid Search,69.23
ORD-008492,CUST-02991,2025-12-31,Paid Search,123.0
ORD-008493,CUST-02991,2025-09-30,Paid Search,93.9
ORD-008494,CUST-02991,2025-11-24,Paid Search,102.06
ORD-008495,CUST-02992,2025-09-25,Paid Social,66.83
ORD-008496,CUST-02992,2025-11-03,Paid Social,93.05
ORD-008497,CUST-02993,2025-04-26,Email,111.59
ORD-008498,CUST-02993,2025-04-30,Email,86.79
ORD-008499,CUST-02994,2025-01-03,Organic Social,91.98
ORD-008500,CUST-02994,2025-01-25,Organic Social,51.45
ORD-008501,CUST-02994,2025-03-20,Organic Social,46.12
ORD-008502,CUST-02994,2025-10-13,Organic Social,87.74
ORD-008503,CUST-02994,2025-02-17,Organic Social,48.76
ORD-008504,CUST-02995,2025-06-02,Display,108.63
ORD-008505,CUST-02995,2025-08-05,Display,46.63
ORD-008506,CUST-02995,2025-06-14,Display,70.84
ORD-008507,CUST-02995,2025-10-03,Display,103.64
ORD-008508,CUST-02996,2025-05-18,Affiliate,96.26
ORD-008509,CUST-02996,2025-06-05,Affiliate,129.75
ORD-008510,CUST-02996,2025-06-02,Affiliate,115.89
ORD-008511,CUST-02996,2025-07-31,Affiliate,82.9
ORD-008512,CUST-02997,2025-05-08,Paid Social,83.2
ORD-008513,CUST-02997,2025-06-27,Paid Social,41.48
ORD-008514,CUST-02997,2025-06-21,Paid Social,85.61
ORD-008515,CUST-02997,2025-05-09,Paid Social,131.89
ORD-008516,CUST-02998,2025-01-07,Paid Search,94.55
ORD-008517,CUST-02998,2025-04-02,Paid Search,102.03
ORD-008518,CUST-02998,2025-03-14,Paid Search,72.97
ORD-008519,CUST-02999,2025-02-25,Paid Search,80.49
ORD-008520,CUST-02999,2025-03-11,Paid Search,118.1
ORD-008521,CUST-03000,2025-03-30,Paid Social,80.39
ORD-008522,CUST-03000,2025-06-01,Paid Social,42.8
