date,campaign_id,channel,impressions,clicks,spend,conversions,revenue
2025-09-21,CMP-1003,Paid Search,1005,56,60.1,2,213.14
2025-06-25,CMP-1017,Affiliate,630,8,5.55,0,0.0
2025-07-08,CMP-1002,Paid Search,825,47,59.05,5,426.05
2025-05-17,CMP-1002,Paid Search,996,34,45.62,1,73.28
2025-07-17,CMP-1006,Paid Social,1541,17,11.17,0,0.0
2025-03-04,CMP-1006,Paid Social,1800,23,33.9,0,0.0
2025-03-30,CMP-1010,Email,663,15,2.08,0,0.0
2025-06-23,CMP-1016,Affiliate,734,14,8.98,0,0.0
2025-04-08,CMP-1012,Display,5272,25,18.27,0,0.0
2025-06-13,CMP-1006,Paid Social,2270,28,45.44,0,0.0
2025-02-25,CMP-1002,Paid Search,1235,26,31.97,3,418.81
2025-05-03,CMP-1010,Email,809,23,2.84,1,107.38
2025-05-30,CMP-1019,Organic Social,3460,53,0.0,0,0.0
2025-11-15,CMP-1008,Email,1541,50,4.93,6,751.94
2025-03-12,CMP-1019,Organic Social,3587,52,,1,76.99
2025-04-08,CMP-1015,Affiliate,7089,175,173.52,4,548.77
2025-06-22,CMP-1009,Email ,956,38,5.59,0,0.0
2025-05-05,CMP-1018,Organic Social,3177,79,0.0,1,63.0
2025-04-06,CMP-1019,Organic Social,2138,67,0.0,1,109.23
2025-03-23,CMP-1017,Affiliate,428,8,3.27,1,135.74
2025-08-17,CMP-1019,Organic Social,2392,50,0.0,2,85.25
2025-05-15,CMP-1009,Email,1089,30,5.11,3,205.65
2025-07-07,CMP-1017,Affiliate,873,26,23.53,1,63.18
2025-11-22,CMP-1004,Paid Social,1798,13,16.48,1,124.91
2025-04-15,CMP-1005,Paid Social,7278,55,30.81,1,45.32
2025-04-20,CMP-1003,Paid Search,1142,49,51.44,2,196.94
2025-08-15,CMP-1019,Organic Social,3688,67,,0,0.0
2025-04-18,CMP-1006,Paid Social,2186,33,18.73,0,0.0
2025-04-09,CMP-1007,Paid Social,3428,43,45.11,2,209.0
2025-04-21,CMP-1001,Paid Search,4568,252,581.31,22,1922.41
2025-10-31,CMP-1004,Paid Social,2063,8,5.96,0,0.0
2025-03-14,CMP-1011,Email,2828,68,7.78,8,486.73
2025-08-21,CMP-1020,Organic Social,4247,84,0.0,1,99.42
2025-10-31,CMP-1008,Email,1208,38,2.07,6,764.06
2025-01-17,CMP-1018,Organic Social,3527,62,0.0,3,263.46
2025-04-14,CMP-1008,Email,1096,17,3.33,1,126.25
2025-05-28,CMP-1018,organic social,3783,48,0.0,2,155.56
2025-06-05,CMP-1016,Affiliate,544,6,5.75,0,0.0
2025-03-27,CMP-1011,Email,3903,137,15.87,6,748.11
2025-08-15,CMP-1003,Paid Search,1405,77,83.15,7,883.19
2025-02-07,CMP-1012,Display,6391,45,38.49,1,120.86
2025-05-04,CMP-1004,Paid Social,1570,29,28.48,0,0.0
2025-03-12,CMP-1016,Affiliate,723,14,9.81,1,102.98
2025-09-27,CMP-1017,Affiliate,628,9,4.13,0,0.0
2025-07-29,CMP-1014,Display,1141,5,2.62,1,87.75
2025-02-21,CMP-1000,Paid Search,2195,89,210.33,4,303.78
2025-06-04,CMP-1004,Paid Social,1746,29,17.89,0,0.0
2025-04-12,CMP-1003,Paid-Search,1106,50,84.53,6,516.49
2025-02-25,CMP-1017,Affiliate,822,29,23.62,2,174.94
2025-03-21,CMP-1005,Paid Social,7534,127,188.3,2,164.33
2025-07-28,CMP-1000,Paid Search,2399,96,88.38,2,220.24
2025-04-26,CMP-1008,Email,899,35,5.26,3,368.54
2025-01-30,CMP-1016,Affiliate,625,15,16.8,2,144.45
2025-07-11,CMP-1000,Paid Search,2994,163,302.51,6,431.98
2025-07-13,CMP-1020,Organic Social,2529,54,0.0,1,86.76
2025-07-25,CMP-1006,Paid Social,1552,16,26.3,0,0.0
2025-03-13,CMP-1007,paid_social,3671,40,32.62,0,0.0
2025-05-20,CMP-1020,Organic Social,4219,94,0.0,4,336.78
2025-04-10,CMP-1001,Paid Search,3156,190,217.06,6,401.24
2025-09-03,CMP-1016,Affiliate,786,7,4.11,1,116.32
2025-06-18,CMP-1020,Organic Social,4243,67,0.0,0,0.0
2025-09-11,CMP-1008,Email,1443,54,7.66,3,371.24
2025-03-23,CMP-1011,Email,3178,94,18.3,6,660.09
2025-02-23,CMP-1002,Paid Search,731,25,33.12,2,198.59
2025-06-20,CMP-1004,Paid Social,1755,15,16.05,0,0.0
2025-09-08,CMP-1016,Affiliate,737,11,11.97,0,0.0
2025-05-10,CMP-1014,Display,1165,12,8.89,0,0.0
2025-06-12,CMP-1019,Organic Social,3787,65,0.0,1,94.33
2025-07-31,CMP-1020,Organic Social,3886,86,0.0,3,259.6
2025-04-01,CMP-1015,Affiliate,6051,137,152.02,3,335.3
2025-05-11,CMP-1014,Display,1170,4,2.81,0,0.0
2025-03-31,CMP-1010,Email,1392,43,3.4,1,73.85
2025-05-29,CMP-1009,Email,842,14,2.26,1,81.9
2025-02-19,CMP-1007,Paid Social,3638,29,41.42,1,50.72
2025-05-28,CMP-1020,Organic Social,3064,75,0.0,1,51.36
2025-02-21,CMP-1007,Paid Social,2288,23,37.15,2,216.12
2025-05-22,CMP-1014,Display,1171,6,6.46,0,0.0
2025-05-15,CMP-1015,Affiliate,5986,113,129.68,6,455.41
2025-05-26,CMP-1006,Paid Social,2220,31,47.61,1,111.91
2025-04-05,CMP-1018,Organic Social,3843,52,0.0,2,145.37
2025-06-10,CMP-1010,Email,1205,35,6.65,4,410.23
2025-04-26,CMP-1019,Organic Social,3068,59,0.0,0,0.0
2025-04-10,CMP-1006,Paid Social,1712,8,7.44,0,0.0
2025-05-18,CMP-1008,Email,859,21,3.38,0,0.0
2025-03-02,CMP-1014,Display,1108,6,4.73,0,0.0
2025-04-27,CMP-1010,Email,933,38,2.94,1,134.5
2025-08-28,CMP-1016,Affiliate,1077,10,7.33,1,152.31
2025-04-23,CMP-1004,Paid Social,1166,10,5.97,0,0.0
2025-08-09,CMP-1000,Paid Search,1198,75,67.91,3,227.86
2025-05-15,CMP-1014,Display,1266,5,3.95,0,0.0
2025-03-07,CMP-1000,Paid Search,2897,134,142.01,6,625.55
2025-08-10,CMP-1020,Organic Social,3261,60,0.0,1,43.35
2025-10-23,CMP-1008,Email,1386,18,3.06,2,131.85
2025-04-01,CMP-1020,Organic Social,2977,71,0.0,0,0.0
2025-02-06,CMP-1002,Paid Search,1262,61,111.82,2,195.23
2025-06-08,CMP-1003,PPC,996,25,49.97,0,0.0
2025-08-14,CMP-1019,Organic Social,4387,39,0.0,0,0.0
2025-07-09,CMP-1009,Email,1343,19,1.69,1,94.39
2025-04-15,CMP-1010,Email ,1182,31,1.9,2,125.95
2025-04-03,CMP-1000,Paid Search,1445,61,62.77,2,276.34
2025-04-20,CMP-1001,Paid Search,3011,178,221.7,8,904.37
2025-08-06,CMP-1020,Organic Social,4516,68,0.0,1,85.34
2025-04-06,CMP-1008,Email,846,26,5.13,1,82.87
2025-06-10,CMP-1003,Paid Search,721,45,106.9,1,76.64
2025-03-01,CMP-1009,Email,891,30,2.75,3,351.76
2025-02-28,CMP-1013,Display,2906,12,5.94,0,0.0
2025-02-14,CMP-1011,Email,5201,162,21.37,7,754.5
2025-05-20,CMP-1009,Email,1116,14,1.62,0,0.0
2025-02-09,CMP-1007,Paid Social,3436,60,65.52,4,323.44
2025-02-12,CMP-1002,Paid Search,934,40,37.03,3,280.96
2025-04-12,CMP-1018,Organic Social,3156,79,0.0,2,165.2
2025-08-13,CMP-1008,Email,1217,35,4.38,4,431.8
2025-06-08,CMP-1014,Display,1235,3,1.57,0,0.0
2025-05-02,CMP-1001,Paid Search,3245,182,247.46,11,1571.18
2025-05-13,CMP-1015,Affiliate,6570,200,105.92,4,292.55
2025-04-16,CMP-1010,Email,1159,42,2.53,2,144.59
2025-07-06,CMP-1002,Paid Search,964,55,132.36,6,584.47
2025-02-19,CMP-1013,Display,1620,6,3.54,0,0.0
2025-03-14,CMP-1016,Affiliate,730,13,10.6,2,292.66
2025-08-03,CMP-1008,Email,1102,43,3.25,3,333.88
2025-09-20,CMP-1019,Organic Social,1945,43,0.0,0,0.0
2025-06-28,CMP-1017,Affiliate,492,9,8.29,0,0.0
2025-04-01,CMP-1008,Email,1207,41,7.76,3,377.57
2025-04-24,CMP-1020,Organic Social,4941,83,0.0,4,270.49
2025-04-22,CMP-1001,Paid Search,4644,220,528.42,15,1420.15
2025-03-05,CMP-1009,Email,1068,36,4.71,3,223.9
2025-03-09,CMP-1017,Affiliate,385,3,3.35,0,0.0
2025-04-26,CMP-1017,Affiliate,547,8,6.06,0,0.0
2025-06-02,CMP-1020,Organic Social,3378,78,0.0,1,55.38
2025-07-15,CMP-1020,Organic Social,3664,47,0.0,0,0.0
2025-07-19,CMP-1004,Paid Social,1348,17,15.86,0,0.0
2025-09-09,CMP-1019,Organic Social,4068,55,0.0,0,0.0
2025-06-10,CMP-1004,Paid Social,1230,7,6.2,1,85.6
2025-07-07,CMP-1000,Paid Search,2701,188,359.19,8,924.7
2025-02-23,CMP-1012,Display,6123,30,32.67,0,0.0
2025-04-23,CMP-1013,Display,1916,4,2.76,0,0.0
2025-05-05,CMP-1011,Email,4275,108,11.12,14,1577.95
2025-08-05,CMP-1014,Display,1274,4,4.35,0,0.0
2025-07-07,CMP-1014,Display,530,1,0.72,0,0.0
2025-07-20,CMP-1003,Paid Search,894,39,75.96,1,85.3
2025-06-28,CMP-1004,Paid Social,1294,16,24.95,0,0.0
2025-03-22,CMP-1018,Organic Social,2837,39,0.0,0,0.0
2025-10-05,CMP-1019,Organic Social,2757,71,0.0,0,0.0
2025-07-10,CMP-1009,Email,1135,25,1.82,2,204.11
2025-02-15,CMP-1000,Paid Search,1966,82,149.45,2,267.2
2025-11-24,CMP-1008,Email,1810,67,8.34,8,544.75
2025-02-11,CMP-1007,Paid Social,4019,58,81.12,0,0.0
2025-09-10,CMP-1004,Paid Social,1757,7,5.52,0,0.0
2025-04-01,CMP-1007,Paid Social,4159,60,95.48,0,0.0
2025-05-20,CMP-1011,Email,2164,94,6.27,14,1723.48
2025-06-30,CMP-1006,Paid Social,2033,14,16.61,0,0.0
2025-06-09,CMP-1018,Organic Social,3022,72,0.0,1,68.06
2025-03-28,CMP-1007,Paid Social,3680,65,111.23,3,206.89
2025-07-11,CMP-1019,Organic Social,2907,48,0.0,1,73.22
2025-02-14,CMP-1013,Display,2386,4,2.13,0,0.0
2025-10-11,CMP-1019,Organic Social,2380,65,0.0,3,235.24
2025-06-13,CMP-1009,Email,1378,49,9.09,4,221.62
2025-06-26,CMP-1000,Paid Search,2970,166,241.69,14,1832.36
2025-04-18,CMP-1001,Paid Search,2785,153,325.53,8,995.59
2025-07-16,CMP-1006,Paid Social,1569,24,34.46,1,103.62
2025-04-14,CMP-1012,Display,2823,11,10.74,0,0.0
2025-03-29,CMP-1002,Paid Search,535,17,20.14,1,82.12
2025-04-03,CMP-1010,Email,1365,18,0.9,2,175.25
2025-06-19,CMP-1016,Affiliate,785,9,9.18,0,0.0
2025-03-08,CMP-1010,Email,906,25,1.54,0,0.0
2025-08-03,CMP-1000,Paid Search,1986,72,153.97,3,347.28
2025-08-20,CMP-1020,Organic Social,4670,80,0.0,2,143.77
2025-05-07,CMP-1015,Affiliate,6087,161,65.94,3,346.06
2025-06-28,CMP-1010,Email,811,19,3.78,1,81.61
2025-02-06,CMP-1012,Display,6054,21,13.79,0,0.0
2025-06-14,CMP-1016,Affiliate,526,5,5.03,0,0.0
2025-04-28,CMP-1003,Paid Search,1286,51,50.47,4,305.21
2025-07-01,CMP-1006,Paid Social,1367,17,17.09,0,0.0
2025-04-24,CMP-1006,Paid Social,1329,30,26.78,0,0.0
2025-03-29,CMP-1011,Email,4453,161,19.45,10,836.79
2025-07-06,CMP-1017,Affiliate,659,13,7.26,0,0.0
2025-04-08,CMP-1011,Email,4405,123,10.72,11,1098.29
2025-09-01,CMP-1003,Paid Search,1421,99,166.45,9,893.96
2025-03-30,CMP-1006,Paid Social,1650,15,20.97,1,65.13
2025-04-05,CMP-1017,Affiliate,432,10,11.29,0,0.0
2025-06-04,CMP-1003,Paid Search,1255,55,121.14,3,270.2
2025-05-23,CMP-1019,Organic Social,2600,47,0.0,2,96.1
2025-06-26,CMP-1004,Paid Social,1134,21,12.56,0,0.0
2025-03-04,CMP-1018,Organic Social,3544,51,0.0,0,0.0
2025-07-03,CMP-1017,Affiliate,637,16,6.96,0,0.0
2025-06-02,CMP-1009,Email,1655,57,4.61,2,142.98
2025-03-20,CMP-1010,Email,1103,44,8.76,2,211.38
2025-04-09,CMP-1020,Organic Social,4070,53,0.0,2,71.78
2025-05-07,CMP-1014,Display,1015,2,1.33,0,0.0
2025-02-11,CMP-1018,Organic Social,4179,92,0.0,2,119.55
2025-07-20,CMP-1008,Email,766,23,3.61,2,295.5
2025-05-21,CMP-1000,Paid Search,1836,108,208.78,2,156.43
2025-08-08,CMP-1008,Email,1044,38,3.12,4,415.69
2025-07-06,CMP-1006,Paid Social,1940,20,28.46,0,0.0
2025-03-10,CMP-1007,Paid Social,2806,40,61.29,0,0.0
2025-06-19,CMP-1019,Organic Social,3200,52,0.0,2,175.24
2025-06-26,CMP-1010,Email,992,46,6.91,1,46.29
2025-06-24,CMP-1014,Display,1997,12,8.11,1,125.16
2025-04-13,CMP-1009,Email,805,29,2.48,0,0.0
2025-03-17,CMP-1007,Paid Social,3432,38,49.32,1,94.57
2025-09-07,CMP-1016,Affiliate,529,9,10.5,0,0.0
2025-03-06,CMP-1009,Email,1440,38,2.87,4,431.27
2025-04-25,CMP-1018,Organic Social,2933,54,0.0,1,60.4
2025-07-11,CMP-1017,Affiliate,746,16,14.67,1,76.59
2025-04-25,CMP-1002,Paid Search,1123,52,87.82,1,119.48
2025-07-07,CMP-1008,Email,1413,28,5.53,0,0.0
2025-05-07,CMP-1008,Email,1118,38,2.19,3,253.22
2025-03-04,CMP-1019,Organic Social,3131,41,0.0,0,0.0
2025-04-02,CMP-1019,Organic Social,4219,97,0.0,4,315.41
2025-04-16,CMP-1002,Paid Search,1130,53,108.83,7,873.81
2025-03-14,CMP-1005,Paid Social,7556,100,82.51,2,163.77
2025-02-16,CMP-1018,Organic Social,2388,60,0.0,0,0.0
2025-09-19,CMP-1004,Paid Social,1052,3,2.91,0,0.0
2025-06-15,CMP-1017,Affiliate,513,13,9.16,0,0.0
2025-06-14,CMP-1002,Paid Search,1095,33,45.24,0,0.0
2025-05-23,CMP-1014,Display,1390,4,3.17,0,0.0
2025-08-04,CMP-1017,Affiliate,743,20,17.31,0,0.0
2025-08-15,CMP-1020,Organic Social,3853,69,0.0,1,43.89
2025-06-02,CMP-1016,Affiliate,1042,25,10.99,1,88.44
2025-02-05,CMP-1007,Paid Social,4018,54,49.97,0,0.0
2025-03-04,CMP-1001,Paid Search,4368,250,336.22,13,1039.33
2025-02-17,CMP-1011,Email,5339,160,10.53,6,695.71
2025-06-16,CMP-1016,Affiliate,780,9,10.17,0,0.0
2025-04-15,CMP-1003,Paid Search,1133,52,86.61,3,253.77
2025-11-12,CMP-1008,Email,2736,76,6.13,3,289.32
2025-08-09,CMP-1020,Organic Social,2400,55,0.0,0,0.0
2025-05-05,CMP-1010,Email,1023,25,1.36,4,468.37
2025-08-20,CMP-1003,Paid Search,1482,42,42.49,4,360.41
2025-07-03,CMP-1003,Paid Search,1137,55,51.08,4,584.1
2025-08-30,CMP-1008,Email,781,17,1.47,3,232.52
2025-04-13,CMP-1004,Paid Social,1052,12,7.46,0,0.0
2025-03-26,CMP-1019,Organic Social,3068,46,0.0,0,0.0
2025-07-14,CMP-1003,Paid Search,1208,84,141.85,4,535.32
2025-07-04,CMP-1002,Paid Search,1327,54,66.84,2,191.25
2025-02-21,CMP-1019,Organic Social,4451,115,0.0,3,162.6
2025-05-27,CMP-1004,Paid Social,1632,21,31.66,0,0.0
2025-04-02,CMP-1016,Affiliate,985,12,12.93,0,0.0
2025-04-12,CMP-1009,Email,575,14,2.53,2,181.58
2025-06-09,CMP-1009,Email,1153,49,4.57,2,137.7
2025-04-13,CMP-1014,Display,1490,10,9.88,0,0.0
2025-05-16,CMP-1013,Display,1918,12,4.68,0,0.0
2025-06-09,CMP-1004,Paid Social,1780,13,16.47,1,75.9
2025-03-24,CMP-1013,Display,2679,9,4.85,0,0.0
2025-04-23,CMP-1008,Email,829,31,3.92,1,127.85
2025-06-13,CMP-1018,Organic Social,3724,60,0.0,1,55.58
2025-06-14,CMP-1010,Email,973,42,6.63,3,340.55
2025-04-23,CMP-1014,Display,1385,9,3.51,0,0.0
2025-07-22,CMP-1020,Organic Social,4933,104,0.0,2,96.11
2025-04-07,CMP-1018,Organic Social,5317,120,0.0,1,65.22
2025-05-25,CMP-1014,Display,1474,7,6.54,0,0.0
2025-04-17,CMP-1004,Paid Social,1467,14,10.49,0,0.0
2025-05-16,CMP-1014,Display,1899,11,10.04,0,0.0
2025-04-04,CMP-1004,Paid Social,1799,20,32.43,0,0.0
2025-07-25,CMP-1002,Paid Search,1016,49,81.1,5,778.42
2025-08-04,CMP-1000,Paid Search,2467,102,179.51,7,804.91
2025-09-09,CMP-1004,Paid Social,1838,19,18.41,0,0.0
2025-02-24,CMP-1000,Paid Search,2221,103,265.29,9,629.34
2025-08-14,CMP-1004,Paid Social,1693,21,27.21,0,0.0
2025-09-23,CMP-1017,Affiliate,839,22,24.95,1,115.55
2025-07-05,CMP-1004,Paid Social,1012,15,17.77,1,89.26
2025-07-10,CMP-1004,Paid Social,1909,12,15.97,0,0.0
2025-08-10,CMP-1019,Organic Social,3264,73,0.0,3,203.57
2025-03-19,CMP-1006,Paid Social,1302,13,9.91,0,0.0
2025-06-26,CMP-1009,Email,1117,28,4.4,3,336.16
2025-05-10,CMP-1010,Email,1009,28,4.27,1,116.14
2025-06-02,CMP-1002,Paid Search,1077,37,34.92,2,211.5
2025-06-28,CMP-1008,Email,754,21,3.15,1,62.81
2025-05-24,CMP-1011,Email,4760,125,19.36,6,329.76
2025-04-02,CMP-1015,Affiliate,8202,219,89.54,2,228.66
2025-06-29,CMP-1002,Paid Search,642,42,105.58,3,247.64
2025-06-02,CMP-1013,Display,1975,5,5.41,1,121.29
2025-04-11,CMP-1003,Paid Search,1609,119,292.51,6,445.45
2025-05-05,CMP-1000,Paid Search,2389,109,259.03,10,937.26
2025-06-01,CMP-1003,Paid Search,692,24,60.49,2,118.71
2025-07-25,CMP-1014,Display,1987,6,3.68,0,0.0
2025-03-25,CMP-1002,Paid Search,853,76,142.38,5,526.15
2025-03-04,CMP-1016,Affiliate,653,11,11.49,1,121.29
2025-03-21,CMP-1002,PPC,1105,20,51.85,1,69.96
2025-03-21,CMP-1014,Display,1997,7,6.36,0,0.0
2025-06-01,CMP-1004,Paid Social,1369,14,21.92,0,0.0
2025-05-12,CMP-1000,Paid Search,2508,122,232.21,8,553.52
2025-07-27,CMP-1006,Paid Social,1780,22,22.84,0,0.0
2025-04-29,CMP-1019,Organic Social,3772,51,0.0,2,158.2
2025-04-17,CMP-1007,Paid Social,3784,50,76.15,2,174.32
2025-07-27,CMP-1003,Paid Search,1044,38,40.74,2,177.55
2025-04-07,CMP-1002,Paid Search,830,40,60.98,4,452.9
2025-07-12,CMP-1020,Organic Social,2520,60,0.0,1,64.24
2025-06-06,CMP-1018,Organic Social,4362,81,0.0,2,186.68
2025-04-30,CMP-1011,Email ,6005,73,,7,902.51
2025-05-31,CMP-1016,Affiliate,578,20,10.47,0,0.0
2025-07-30,CMP-1000,Paid Search,2553,161,178.12,14,1513.7
2025-03-24,CMP-1006,Paid Social,1968,19,33.87,0,0.0
2025-01-29,CMP-1016,Affiliate,543,8,5.56,0,0.0
2025-04-17,CMP-1018,Organic Social,5292,78,0.0,0,0.0
2025-02-08,CMP-1013,Display,1277,4,3.6,0,0.0
2025-05-22,CMP-1000,Paid Search,2531,106,270.03,10,681.85
2025-11-11,CMP-1008,Email,2230,69,10.75,2,123.75
2025-05-26,CMP-1004,Paid Social,1089,17,22.21,0,0.0
2025-06-13,CMP-1019,Organic Social,2413,47,0.0,0,0.0
2025-05-21,CMP-1016,Affiliate,790,10,5.37,1,82.74
2025-05-18,CMP-1013,Display,1542,12,8.26,0,0.0
2025-05-23,CMP-1010,Email,1721,60,10.55,3,328.88
2025-04-06,CMP-1007,Paid Social,2383,16,26.09,1,69.88
2025-07-10,CMP-1014,Display,1700,10,3.68,0,0.0
2025-06-01,CMP-1008,Email,1005,30,1.87,4,540.5
2025-08-14,CMP-1016,Affiliate,755,12,10.19,0,0.0
2025-03-11,CMP-1002,Paid Search,1353,60,118.5,4,286.94
2025-06-10,CMP-1011,Email,5696,165,31.39,11,1274.2
2025-05-02,CMP-1011,Email,4475,132,25.25,8,725.74
2025-05-25,CMP-1013,Display,1743,5,2.93,0,0.0
2025-02-21,CMP-1012,Display,7889,31,34.07,0,0.0
2025-05-20,CMP-1006,Paid Social,1624,10,11.64,0,0.0
2025-04-26,CMP-1003,Paid Search,1145,36,52.98,3,207.73
2025-08-08,CMP-1020,Organic Social,2780,58,0.0,0,0.0
2025-02-12,CMP-1013,Display,2355,9,6.54,0,0.0
2025-08-13,CMP-1019,Organic Social,4232,59,0.0,0,0.0
2025-04-24,CMP-1007,Paid Social,3967,56,99.36,0,0.0
2025-04-30,CMP-1007,Paid Social,4296,41,,0,0.0
2025-03-17,CMP-1009,Email,1253,52,3.28,3,330.64
2025-06-10,CMP-1006,Social Paid,2066,32,53.28,0,0.0
2025-09-08,CMP-1003,Paid Search,1146,56,115.72,5,610.67
2025-06-14,CMP-1011,Email,4483,157,28.58,7,599.13
2025-05-12,CMP-1004,Paid Social,1459,18,13.38,0,0.0
2025-07-12,CMP-1004,Paid Social,1228,14,19.79,1,75.06
2025-05-29,CMP-1008,Email,1381,43,392.0,1,70.22
2025-07-29,CMP-1000,Paid Search,1867,99,200.23,1,72.43
2025-04-14,CMP-1003,Paid Search,1078,30,45.53,4,546.68
2025-04-01,CMP-1016,Affiliate,922,18,21.13,0,0.0
2025-06-09,CMP-1014,Display,1419,4,2.45,0,0.0
2025-07-10,CMP-1002,Paid Search,908,24,52.0,0,0.0
2025-02-06,CMP-1011,Email,5764,109,15.41,12,985.28
2025-11-27,CMP-1004,Paid Social,3263,49,58.44,1,89.19
2025-04-06,CMP-1018,Organic Social,1876,30,0.0,0,0.0
2025-04-03,CMP-1012,Display,8200,43,20.35,0,0.0
2025-06-12,CMP-1010,Email,1169,11,1.85,2,200.04
2025-08-03,CMP-1004,Paid Social,899,13,9.72,1,63.34
2025-06-03,CMP-1010,Email,1624,47,5.73,5,617.49
2025-05-05,CMP-1006,Paid Social,1650,29,42.33,0,0.0
2025-03-16,CMP-1013,Display,1489,6,5.67,0,0.0
2025-11-16,CMP-1004,Paid Social,1851,22,30.98,1,53.11
2025-03-05,CMP-1016,Affiliate,958,28,33.14,1,68.16
2025-03-15,CMP-1012,Display,2822,12,8.0,0,0.0
2025-04-24,CMP-1005,Paid Social,7294,57,56.18,1,68.91
2025-04-17,CMP-1001,Paid Search,2090,80,156.41,1,85.53
2025-07-30,CMP-1014,Display,1472,1,1.03,0,0.0
2025-04-24,CMP-1011,Email,6273,242,13.66,14,1631.99
2025-07-03,CMP-1002,Paid Search,1080,43,101.69,3,381.36
2025-07-09,CMP-1017,Affiliate,967,8,3.7,0,0.0
2025-03-09,CMP-1014,Display,1408,2,1.77,0,0.0
2025-07-12,CMP-1017,Affiliate,596,17,9.39,0,0.0
2025-05-19,CMP-1010,Email,838,42,2.37,1,64.73
2025-04-30,CMP-1016,Affiliate,674,15,13.6,0,0.0
2025-04-23,CMP-1017,Affiliate,602,14,13.92,1,81.53
2025-02-17,CMP-1012,Display,5727,23,11.03,0,0.0
2025-06-17,CMP-1017,Affiliate,708,9,4.51,0,0.0
2025-06-20,CMP-1002,Paid Search,1239,48,48.26,3,362.03
2025-08-01,CMP-1003,Paid Search,1247,48,72.3,2,160.39
2025-02-21,CMP-1011,e-mail,6742,135,7.42,18,1665.26
2025-04-05,CMP-1008,Email,1024,28,2.27,2,201.05
2025-03-03,CMP-1009,Email,1546,56,10.2,5,371.67
2025-08-26,CMP-1017,Affiliate,744,20,13.38,0,0.0
2025-07-24,CMP-1014,Display,1595,2,2.01,0,0.0
2025-07-11,CMP-1006,Paid Social,2190,26,37.23,1,59.2
2025-04-13,CMP-1017,Affiliate,517,9,9.22,0,0.0
2025-09-22,CMP-1008,Email,1025,21,1.66,1,74.23
2025-10-28,CMP-1008,Email,1145,37,3.79,2,221.05
2025-04-11,CMP-1001,Paid Search,4744,302,482.1,23,1808.15
2025-07-25,CMP-1016,Affiliate,605,6,4.7,0,0.0
2025-06-04,CMP-1009,Email,1055,34,5.51,5,442.81
2025-09-07,CMP-1017,Affiliate,578,13,11.45,0,0.0
2025-05-24,CMP-1004,Paid Social,1401,15,22.31,2,172.62
2025-07-01,CMP-1017,Affiliate,640,11,10.75,1,56.69
2025-06-14,CMP-1008,Email,1006,26,4.22,2,162.57
2025-11-12,CMP-1004,Paid Social,2363,24,20.84,0,0.0
2025-06-11,CMP-1018,Organic Social,4309,98,0.0,2,140.65
2025-10-17,CMP-1004,Paid Social,1789,13,16.2,0,0.0
2025-03-11,CMP-1016,Affiliate,1003,29,27.45,0,0.0
2025-06-17,CMP-1020,Organic Social,4545,111,0.0,1,57.79
2025-04-25,CMP-1005,Paid Social,8427,96,7056.0,2,151.78
2025-04-16,CMP-1018,Organic Social,4628,95,0.0,3,252.0
2025-04-02,CMP-1010,Email,1306,38,6.15,6,514.21
2025-03-05,CMP-1019,Organic Social,3895,17,0.0,2,143.98
2025-07-07,CMP-1009,Email,1113,12,2.18,0,0.0
2025-05-23,CMP-1000,Paid Search,2072,106,202.25,7,578.1
2025-04-14,CMP-1015,Affiliate,7556,185,178.87,6,557.88
2025-03-23,CMP-1005,Paid Social,4065,29,35.65,0,0.0
2025-07-03,CMP-1019,Organic Social,3406,84,0.0,0,0.0
2025-05-18,CMP-1018,Organic Social,3769,56,,1,73.73
2025-03-28,CMP-1011,Email,5773,147,26.12,5,460.62
2025-04-17,CMP-1019,Organic Social,3077,29,0.0,0,0.0
2025-04-03,CMP-1007,Paid Social,2869,58,56.18,3,151.53
2025-08-26,CMP-1004,Paid Social,1501,20,19.66,0,0.0
2025-08-12,CMP-1004,Paid Social,1871,4,2.21,0,0.0
2025-04-20,CMP-1004,Paid Social,1230,11,17.82,0,0.0
2025-08-12,CMP-1000,Paid Search,2338,157,228.89,4,425.6
2025-07-16,CMP-1003,Paid Search,1131,45,94.85,1,102.38
2025-02-17,CMP-1018,Organic Social,2924,56,0.0,0,0.0
2025-06-10,CMP-1000,Paid Search,2326,84,87.04,7,737.27
2025-08-06,CMP-1017,Affiliate,1000,32,29.5,1,78.01
2025-05-31,CMP-1010,Email,947,28,3.29,3,310.43
2025-09-16,CMP-1003,Paid Search,1034,38,57.21,2,220.97
2025-11-19,CMP-1004,Paid Social,2154,17,24.66,0,0.0
2025-05-21,CMP-1008,Email,1248,30,3.45,2,200.19
2025-06-01,CMP-1010,Email,1009,28,3.19,3,301.99
2025-02-13,CMP-1011,Email,6064,153,10.83,13,980.56
2025-02-14,CMP-1002,Paid Search,1232,82,155.06,8,615.99
2025-05-31,CMP-1019,Organic Social,3164,44,0.0,1,73.56
2025-08-18,CMP-1017,Affiliate,731,11,7.97,0,0.0
2025-03-11,CMP-1012,Display,6901,37,29.3,1,82.23
2025-06-06,CMP-1000,Paid Search,2116,50,78.36,4,439.47
2025-10-07,CMP-1017,Affiliate,592,11,9.56,0,0.0
2025-05-17,CMP-1004,Paid Social,1150,13,15.55,0,0.0
2025-05-05,CMP-1002,Paid Search,1102,57,112.87,3,359.86
2025-06-15,CMP-1000,Paid Search,1218,46,90.79,3,413.93
2025-10-11,CMP-1017,Affiliate,446,6,6.31,0,0.0
2025-04-24,CMP-1000,Paid Search,2405,70,150.64,7,878.59
2025-08-06,CMP-1003,Paid Search,1070,37,38.17,3,367.16
2025-04-15,CMP-1009,Email,1182,31,4.67,0,0.0
2025-05-13,CMP-1003,Paid Search,1195,53,85.61,5,533.05
2025-02-08,CMP-1002,Paid Search,755,38,75.66,1,107.01
2025-03-03,CMP-1019,Organic Social,4457,82,0.0,2,173.72
2025-05-01,CMP-1015,Affiliate,10396,260,118.29,5,619.17
2025-03-20,CMP-1016,Affiliate,1030,32,35.21,0,0.0
2025-03-30,CMP-1016,Affiliate,649,3,1.57,0,0.0
2025-06-07,CMP-1014,Display,1011,6,4.09,0,0.0
2025-03-05,CMP-1005,Paid Social,8111,137,164.31,3,263.27
2025-02-18,CMP-1009,Email,1248,54,3.54,1,79.42
2025-11-02,CMP-1008,Email,972,43,4.86,4,231.62
2025-06-21,CMP-1009,Email,867,26,3.7,0,0.0
2025-09-04,CMP-1008,Email,910,24,4.63,0,0.0
2025-07-26,CMP-1014,Display,904,5,4.82,0,0.0
2025-04-29,CMP-1000,Paid Search,2383,106,101.99,6,651.19
2025-03-17,CMP-1002,Paid Search,1099,53,53.76,6,709.23
2025-07-09,CMP-1020,Organic Social,3909,60,0.0,0,0.0
2025-07-18,CMP-1020,Organic Social,3357,68,0.0,0,0.0
2025-05-24,CMP-1002,Paid Search,719,8,8.31,0,0.0
2025-02-09,CMP-1012,Display,3104,10,6.72,0,0.0
2025-05-27,CMP-1017,Affiliate,416,5,4.39,0,0.0
2025-05-19,CMP-1011,Email,4921,198,28.19,17,1320.56
2025-04-23,CMP-1020,Organic Social,4350,86,0.0,0,0.0
2025-02-21,CMP-1013,Display,1604,11,4.22,0,0.0
2025-04-17,CMP-1006,Paid Social,1741,20,20.34,0,0.0
2025-05-15,CMP-1002,Paid Search,494,18,28.27,1,125.8
2025-02-23,CMP-1017,Affiliate,574,15,16.84,0,0.0
2025-05-06,CMP-1018,Organic Social,4822,120,0.0,1,75.8
2025-07-30,CMP-1019,Organic Social,4140,103,0.0,3,176.25
2025-04-21,CMP-1019,Organic Social,4127,100,0.0,1,68.58
2025-04-01,CMP-1006,Paid Social,1579,19,30.59,0,0.0
2025-03-21,CMP-1006,Social Paid,1718,33,48.93,0,0.0
2025-07-20,CMP-1016,Affiliate,683,22,23.93,1,109.71
2025-06-12,CMP-1002,Paid Search,1243,43,80.06,1,77.22
2025-06-11,CMP-1014,Display,2028,8,8.56,0,0.0
2025-07-14,CMP-1000,Paid Search,1858,73,181.98,1,100.64
2025-07-27,CMP-1016,Affiliate,573,15,7.84,0,0.0
2025-01-22,CMP-1011,Email,5572,237,20.51,17,2254.66
2025-07-15,CMP-1009,Email,1103,29,3.72,1,83.3
2025-07-05,CMP-1016,Affiliate,472,10,9.8,0,0.0
2025-03-31,CMP-1019,Organic Social,3345,77,0.0,3,157.7
2025-03-16,CMP-1000,Paid Search,1543,77,151.63,6,524.17
2025-02-27,CMP-1000,Paid Search,2153,118,154.72,6,568.87
2025-04-30,CMP-1017,Affiliate,816,5,5.08,0,0.0
2025-07-21,CMP-1002,Paid Search,1002,34,75.98,3,266.95
2025-04-01,CMP-1003,Paid Search,1615,88,201.82,3,254.64
2025-03-07,CMP-1001,Paid Search,3893,201,232.58,12,1156.78
2025-04-06,CMP-1020,Organic Social,2719,63,0.0,1,36.59
2025-06-11,CMP-1011,Email,5406,124,14.15,6,735.87
2025-07-20,CMP-1014,Display,1035,6,5.1,0,0.0
2025-09-06,CMP-1019,Organic Social,3423,54,0.0,0,0.0
2025-02-16,CMP-1014,Display,1019,1,0.4,0,0.0
2025-07-02,CMP-1008,Email,1237,45,5.13,2,187.92
2025-07-24,CMP-1000,Paid Search,1889,71,165.81,2,155.9
2025-08-05,CMP-1000,Paid Search,1514,53,116.28,0,0.0
2025-03-18,CMP-1017,Affiliate,706,8,8.1,0,0.0
2025-06-07,CMP-1019,Organic Social,3329,59,0.0,0,0.0
2025-03-15,CMP-1001,Paid Search,2978,140,225.43,8,785.87
2025-06-26,CMP-1019,Organic Social,4596,98,0.0,2,80.46
2025-08-02,CMP-1019,Organic Social,2423,30,0.0,0,0.0
2025-02-20,CMP-1007,Paid Social,2960,43,70.64,0,0.0
2025-09-05,CMP-1004,Paid Social,1856,28,48.68,0,0.0
2025-02-23,CMP-1011,Email,2504,34,4.19,2,174.96
2025-01-15,CMP-1013,Display,2626,12,8.04,0,0.0
2025-02-23,CMP-1013,Display,1482,9,7.67,0,0.0
2025-04-11,CMP-1009,Email,1156,39,2.88,4,286.31
2025-02-02,CMP-1013,Display,1991,13,5.35,0,0.0
2025-03-14,CMP-1002,Paid Search,771,48,99.88,2,195.03
2025-06-22,CMP-1010,Email,949,14,2.38,0,0.0
2025-07-15,CMP-1000,Paid Search,2462,150,388.0,11,797.78
2025-09-03,CMP-1008,Email,1366,31,1.85,3,213.21
2025-08-08,CMP-1016,Affiliate,615,10,10.22,0,0.0
2025-03-31,CMP-1014,Display,1325,3,1.2,0,0.0
2025-02-15,CMP-1012,display ads,5421,22,23.92,0,0.0
2025-05-24,CMP-1009,Email,844,33,,2,253.98
2025-02-24,CMP-1018,organic social,3543,73,0.0,0,0.0
2025-03-13,CMP-1009,Email,1132,50,3.35,2,97.08
2025-04-14,CMP-1019,Organic Social,3571,74,0.0,4,164.97
2025-05-24,CMP-1020,Organic Social,1551,32,0.0,1,91.85
2025-03-19,CMP-1018,Organic Social,4579,92,0.0,1,54.8
2025-06-28,CMP-1000,Paid Search,1418,26,39.9,2,213.77
2025-09-12,CMP-1017,Affiliate,878,20,17.29,1,124.31
2025-04-11,CMP-1016,Affiliate,857,10,11.16,0,0.0
2025-05-10,CMP-1002,Paid Search,831,37,39.61,0,0.0
2025-02-11,CMP-1016,Affiliate,1056,17,19.92,1,72.01
2025-05-30,CMP-1020,Organic Social,2803,51,0.0,0,0.0
2025-03-26,CMP-1017,Affiliate,620,12,8.87,0,0.0
2025-05-30,CMP-1010,Email,1060,27,2.79,3,170.5
2025-03-15,CMP-1010,Email,764,26,4.02,5,469.4
2025-06-10,CMP-1009,Email,1049,43,4.7,0,0.0
2025-04-06,CMP-1009,Email,859,43,6.46,1,116.92
2025-10-24,CMP-1004,Paid Social,1604,29,46.67,2,186.02
2025-09-11,CMP-1004,Paid Social,1421,10,9.32,0,0.0
2025-08-05,CMP-1003,Paid Search,1468,47,46.46,2,165.69
2025-04-22,CMP-1002,Paid Search,1248,45,54.62,3,169.42
2025-04-09,CMP-1017,Affiliate,712,13,7.09,0,0.0
2025-03-10,CMP-1013,Display,1559,4,2.07,0,0.0
2025-06-10,CMP-1017,Affiliate,657,19,9.04,1,119.75
2025-04-26,CMP-1010,Email,1123,22,3.79,2,265.89
2025-04-07,CMP-1011,Email,4215,127,18.21,7,436.09
2025-06-17,CMP-1016,Affiliate,956,17,16.14,0,0.0
2025-05-12,CMP-1008,Email,1552,49,5.64,4,414.1
2025-02-13,CMP-1013,Display,1834,10,8.72,0,0.0
2025-04-06,CMP-1015,Affiliate,5398,196,203.3,2,206.49
2025-08-11,CMP-1017,Affiliate,477,15,7.55,0,0.0
2025-04-13,CMP-1008,Email,1057,42,2.58,5,552.96
2025-05-26,CMP-1018,Organic Social,4738,79,0.0,1,61.75
2025-02-27,CMP-1002,Paid Search,1218,55,57.31,2,142.67
2025-04-29,CMP-1016,affiliates,878,13,8.48,1,109.31
2025-03-12,CMP-1001,Paid Search,4045,157,348.31,5,541.69
2025-07-01,CMP-1003,Paid Search,1023,76,166.87,6,475.84
2025-03-25,CMP-1018,Organic Social,3892,61,0.0,2,113.53
2025-10-05,CMP-1017,Affiliate,572,13,8.43,1,103.7
2025-08-28,CMP-1020,Organic Social,4216,64,0.0,3,279.03
2025-05-01,CMP-1005,Paid Social,10317,114,138.8,2,182.07
2025-09-14,CMP-1017,Affiliate,559,2,1.66,0,0.0
2025-06-19,CMP-1014,Display,1082,7,6.98,0,0.0
2025-04-24,CMP-1014,Display,1372,5,4.67,0,0.0
2025-03-25,CMP-1009,Email,1130,21,3.38,0,0.0
2025-04-09,CMP-1001,Paid Search,4038,218,314.37,6,780.51
2025-05-28,CMP-1013,Display,2472,16,15.02,0,0.0
2025-04-18,CMP-1009,Email,1442,49,3.53,6,361.89
2025-02-16,CMP-1007,Paid Social,2939,26,35.1,0,0.0
2025-04-18,CMP-1004,Paid Social,1892,12,20.24,1,109.36
2025-06-19,CMP-1017,Affiliate,807,9,7.14,1,132.26
2025-07-31,CMP-1019,Organic Social,4067,49,0.0,0,0.0
2025-04-15,CMP-1016,Affiliate,821,25,12.13,1,113.19
2025-10-18,CMP-1008,Email,1000,22,2.05,0,0.0
2025-08-08,CMP-1019,Organic Social,4709,67,0.0,3,255.51
2025-05-11,CMP-1015,Affiliate,4215,94,97.81,7,881.77
2025-05-21,CMP-1001,Paid Search,3177,163,284.94,8,867.61
2025-01-28,CMP-1018,Organic Social,4454,88,0.0,3,282.02
2025-07-15,CMP-1006,Paid Social,1869,35,60.28,0,0.0
2025-02-02,CMP-1007,Paid Social,3233,58,50.36,4,389.46
2025-02-15,CMP-1009,Email,787,21,1.18,1,126.55
2025-07-01,CMP-1019,Organic Social,2188,42,0.0,1,77.34
2025-04-07,CMP-1008,Email,1511,59,10.13,3,372.75
2025-04-12,CMP-1015,Affiliate,6619,144,72.3,9,984.59
2025-05-07,CMP-1018,Organic Social,4315,100,0.0,2,169.88
2025-03-17,CMP-1005,Paid Social,7262,60,38.33,2,201.06
2025-05-28,CMP-1011,Email,5636,101,17.65,3,195.66
2025-09-30,CMP-1017,Affiliate,632,4,3.13,0,0.0
2025-06-29,CMP-1017,Affiliate,444,17,9.05,3,319.23
2025-02-23,CMP-1014,Display,1112,3,1.1,0,0.0
2025-04-25,CMP-1010,Email,1286,48,3.55,5,607.2
2025-01-16,CMP-1012,Display,5623,10,7.85,0,0.0
2025-03-25,CMP-1017,Affiliate,844,43,36.03,1,72.1
2025-05-01,CMP-1013,Display Ads,2450,10,4.54,0,0.0
2025-07-23,CMP-1014,Display,1284,6,6.34,0,0.0
2025-08-25,CMP-1003,Paid Search,987,50,106.5,1,120.07
2025-07-26,CMP-1003,paid search,417,22,24.75,0,0.0
2025-04-27,CMP-1015,affiliates,5704,84,52.21,3,328.08
2025-05-21,CMP-1015,Affiliate,6742,147,88.43,3,346.87
2025-05-04,CMP-1006,Paid Social,901,8,8.98,0,0.0
2025-04-24,CMP-1018,Organic Social,4787,92,0.0,0,0.0
2025-08-07,CMP-1000,Paid Search,2416,132,126.72,10,952.33
2025-08-13,CMP-1017,Affiliate,906,13,13.9,0,0.0
2025-03-02,CMP-1018,Organic Social,3161,48,0.0,0,0.0
2025-07-31,CMP-1017,Affiliate,785,23,22.99,1,81.87
2025-04-19,CMP-1007,Paid Social,2828,26,34.59,1,114.1
2025-09-24,CMP-1003,Paid Search,1078,59,142.84,5,555.86
2025-03-24,CMP-1012,Display,6239,32,15.17,0,0.0
2025-04-10,CMP-1020,Organic Social,3547,46,0.0,0,0.0
2025-04-24,CMP-1008,Email,1169,22,1.34,2,157.11
2025-03-28,CMP-1012,Display,6441,21,19.18,1,83.58
2025-06-07,CMP-1011,Email,3399,97,8.1,8,378.75
2025-08-22,CMP-1017,Affiliate,775,16,18.7,0,0.0
2025-03-28,CMP-1001,Paid Search,3197,135,275.08,8,866.36
2025-09-10,CMP-1008,Email,735,16,0.9,0,0.0
2025-03-17,CMP-1018,Organic Social,3101,77,0.0,2,141.61
2025-02-13,CMP-1016,Affiliate,829,6,4.54,0,0.0
2025-03-07,CMP-1012,Display,9029,27,25.68,0,0.0
2025-02-17,CMP-1007,Paid Social,3482,37,48.4,2,195.51
2025-06-08,CMP-1018,Organic Social,2963,44,0.0,2,163.19
2025-05-12,CMP-1016,Affiliate,997,15,7.92,0,0.0
2025-08-15,CMP-1017,Affiliate,705,6,3.04,1,82.74
2025-01-15,CMP-1012,Display,8684,42,28.92,0,0.0
2025-06-19,CMP-1008,Email,1146,30,5.1,0,0.0
2025-08-29,CMP-1003,Paid Search,1276,61,110.96,5,323.92
2025-08-25,CMP-1008,Email,1304,25,2.5,0,0.0
2025-06-25,CMP-1002,Paid Search,776,23,27.7,1,108.2
2025-07-23,CMP-1019,Organic Social,3630,92,0.0,2,101.73
2025-09-13,CMP-1019,Organic Social,3354,77,0.0,0,0.0
2025-06-13,CMP-1017,Affiliate,748,16,8.56,2,182.57
2025-02-19,CMP-1014,Display,1917,2,0.9,0,0.0
2025-05-18,CMP-1004,Paid Social,1206,15,15.94,0,0.0
2025-04-08,CMP-1019,Organic Social,3828,44,0.0,0,0.0
2025-04-02,CMP-1014,Display,1610,11,8.95,0,0.0
2025-06-18,CMP-1009,Email,1026,15,2.35,1,120.29
2025-08-28,CMP-1003,Paid Search,1564,104,106.52,2,217.8
2025-03-15,CMP-1018,Organic Social,3249,42,0.0,1,68.92
2025-02-19,CMP-1000,Paid Search,1713,98,129.73,6,376.38
2025-03-11,CMP-1006,Paid Social,1576,11,9.48,0,0.0
2025-04-11,CMP-1006,Paid Social,1377,17,16.38,0,0.0
2025-07-30,CMP-1017,Affiliate,726,4,2.37,0,0.0
2025-04-08,CMP-1004,Paid Social,1930,23,41.38,0,0.0
2025-07-25,CMP-1008,Email,959,16,1.23,1,84.92
2025-02-03,CMP-1016,Affiliate,686,9,8.33,0,0.0
2025-04-11,CMP-1019,Organic Social,3918,56,0.0,1,104.05
2025-08-09,CMP-1003,Paid Search,766,26,34.66,2,124.99
2025-08-12,CMP-1017,Affiliate,723,12,10.68,0,0.0
2025-09-21,CMP-1017,Affiliate,545,8,4.63,0,0.0
2025-03-21,CMP-1018,Organic Social,4340,96,0.0,0,0.0
2025-05-06,CMP-1019,Organic Social,3152,69,0.0,0,0.0
2025-04-04,CMP-1015,Affiliate,6398,101,117.52,6,777.51
2025-04-13,CMP-1013,Display,1683,7,7.49,0,0.0
2025-09-19,CMP-1008,Email,1110,34,6.53,1,84.63
2025-03-25,CMP-1019,Organic Social,3391,74,0.0,2,219.79
2025-08-24,CMP-1019,Organic Social,2191,42,0.0,1,101.73
2025-06-09,CMP-1020,Organic Social,4270,57,0.0,0,0.0
2025-04-04,CMP-1019,Organic Social,2948,54,0.0,0,0.0
2025-02-18,CMP-1007,Paid Social,3059,27,23.25,1,68.13
2025-06-21,CMP-1002,Paid Search,854,39,38.02,3,165.42
2025-08-27,CMP-1016,Affiliate,664,16,11.86,0,0.0
2025-03-31,CMP-1002,Paid Search,965,46,53.52,2,192.32
2025-05-05,CMP-1004,Paid Social,1386,20,24.34,1,58.24
2025-03-02,CMP-1006,paid social ,1251,14,8.78,0,0.0
2025-08-29,CMP-1008,Email,1204,73,11.65,5,585.51
2025-11-14,CMP-1008,Email,1346,25,1.82,1,121.44
2025-05-21,CMP-1020,Organic Social,5142,97,0.0,0,0.0
2025-05-21,CMP-1019,Organic Social,3636,81,0.0,1,49.18
2025-10-13,CMP-1008,Email,1184,31,3.31,1,76.0
2025-07-31,CMP-1004,Paid Social,1377,10,14.49,0,0.0
2025-02-09,CMP-1002,Paid Search,719,38,62.11,4,278.4
2025-03-01,CMP-1007,Paid Social,2704,43,32.5,0,0.0
2025-06-25,CMP-1010,Email,1010,27,3.2,2,224.74
2025-07-02,CMP-1002,Paid Search,1036,44,41.39,1,98.93
2025-03-18,CMP-1011,Email,4202,155,19.99,11,1263.1
2025-05-09,CMP-1018,Organic Social,3043,36,0.0,0,0.0
2025-06-29,CMP-1008,Email,913,33,3.33,3,310.33
2025-01-25,CMP-1012,Display,4767,18,7.58,0,0.0
2025-03-19,CMP-1009,Email,1187,20,1.72,0,0.0
2025-06-21,CMP-1006,Paid Social,996,13,14.36,0,0.0
2025-09-30,CMP-1004,Paid Social,1002,10,12.76,0,0.0
2025-03-28,CMP-1017,Affiliate,541,11,11.87,1,146.34
2025-04-27,CMP-1006,Paid Social,1381,15,21.43,0,0.0
2025-08-17,CMP-1008,Email,1004,17,1.01,2,109.75
2025-05-11,CMP-1013,Display,1675,14,,0,0.0
2025-04-04,CMP-1010,Email ,741,14,1.88,3,188.42
2025-04-12,CMP-1020,Organic Social,3051,63,0.0,4,206.01
2025-07-28,CMP-1004,Paid Social,1295,17,16.45,0,0.0
2025-02-03,CMP-1007,Paid Social,4692,41,43.37,2,199.22
2025-06-05,CMP-1017,Affiliate,621,23,12.5,1,110.01
2025-03-02,CMP-1017,Affiliate,554,14,11.62,0,0.0
2025-05-08,CMP-1016,Affiliate,861,10,11.54,1,125.94
2025-04-10,CMP-1007,Paid Social,5047,57,49.07,1,43.58
2025-04-13,CMP-1018,Organic Social,3716,54,0.0,2,117.55
2025-04-05,CMP-1020,Organic Social,3002,38,0.0,1,87.1
2025-11-23,CMP-1008,Email,1422,54,8.01,2,116.67
2025-05-18,CMP-1017,affiliates,455,5,5.17,0,0.0
2025-07-18,CMP-1014,Display,1701,12,10.28,0,0.0
2025-03-20,CMP-1000,Paid Search,2781,142,141.69,5,518.33
2025-03-16,CMP-1005,Paid Social,7156,73,70.99,1,64.0
2025-06-07,CMP-1003,Paid Search,757,41,86.22,4,469.95
2025-03-18,CMP-1018,Organic Social,4632,76,0.0,3,219.56
2025-04-19,CMP-1015,Affiliate,4955,76,48.73,3,406.99
2025-03-18,CMP-1009,Email,974,34,5.43,1,108.28
2025-06-08,CMP-1006,Paid Social,1129,21,22.88,1,44.3
2025-03-13,CMP-1000,Paid Search,1765,84,163.54,3,334.52
2025-11-05,CMP-1004,Paid Social,2171,20,29.6,1,97.44
2025-04-13,CMP-1001,Paid Search,2833,120,262.27,5,334.16
2025-05-26,CMP-1001,Paid Search,4377,179,306.05,6,448.8
2025-06-21,CMP-1020,Organic Social,2878,29,0.0,0,0.0
2025-03-02,CMP-1000,Paid Search,1981,127,171.56,10,1206.24
2025-08-16,CMP-1008,Email,1141,39,6.24,1,79.68
2025-05-10,CMP-1000,Paid Search,1904,60,75.92,3,327.19
2025-06-29,CMP-1010,Email,876,14,1.82,1,107.72
2025-02-04,CMP-1018,Organic Social,4414,76,0.0,0,0.0
2025-02-12,CMP-1011,Email,4859,164,30.44,12,1119.06
2025-04-07,CMP-1000,Paid Search,2983,121,255.64,7,526.51
2025-07-01,CMP-1008,Email,1559,52,10.15,3,339.19
2025-11-08,CMP-1004,Social Paid,1691,12,9.24,0,0.0
2025-06-20,CMP-1019,Organic Social,3483,62,0.0,3,295.78
2025-05-26,CMP-1014,Display,1603,8,6.67,0,0.0
2025-03-03,CMP-1001,Paid Search,3980,171,365.97,8,593.19
2025-04-08,CMP-1000,Paid Search,2932,53,81.69,1,117.05
2025-05-01,CMP-1000,Paid Search,1718,61,129.15,2,157.44
2025-02-23,CMP-1007,Paid Social,3651,34,29.94,0,0.0
2025-06-12,CMP-1008,Email,1263,40,5.36,5,612.09
2025-05-07,CMP-1020,Organic Social,3645,66,0.0,0,0.0
2025-10-08,CMP-1008,Email,1213,47,4.09,2,102.81
2025-04-10,CMP-1000,Paid Search,2140,81,151.5,1,76.29
2025-04-27,CMP-1007,Social Paid,2549,39,56.64,2,195.03
2025-09-28,CMP-1004,Paid Social,891,10,9.02,0,0.0
2025-03-30,CMP-1019,Organic Social,3322,69,0.0,2,134.92
2025-03-07,CMP-1006,Paid Social,1918,36,52.3,0,0.0
2025-01-31,CMP-1018,Organic Social,4964,81,0.0,2,112.27
2025-07-15,CMP-1002,Paid Search,1189,43,92.94,3,238.61
2025-10-29,CMP-1004,Paid Social,2019,22,19.67,0,0.0
2025-06-06,CMP-1003,Paid Search,1111,50,71.37,2,139.62
2025-10-03,CMP-1004,Paid Social,1902,30,35.21,1,79.8
2025-03-01,CMP-1012,Display,5475,32,23.07,0,0.0
2025-07-05,CMP-1009,Email,853,31,2.22,4,412.85
2025-04-07,CMP-1013,Display,1944,5,4.26,0,0.0
2025-04-14,CMP-1002,Paid Search,1264,51,56.78,3,339.72
2025-06-30,CMP-1020,Organic Social,4552,78,0.0,2,164.74
2025-08-11,CMP-1000,Paid Search,2042,121,124.75,8,890.63
2025-08-18,CMP-1008,Email,1278,26,1.48,1,85.7
2025-04-08,CMP-1010,Email,1620,98,5.5,1,83.49
2025-04-09,CMP-1008,Email,1453,39,2.09,3,202.65
2025-04-15,CMP-1006,Paid Social,1329,22,20.68,0,0.0
2025-03-14,CMP-1013,Display,2401,9,8.67,0,0.0
2025-04-18,CMP-1008,e-mail,994,26,3.75,0,0.0
2025-07-10,CMP-1006,Paid Social,2107,16,27.65,1,71.65
2025-07-06,CMP-1000,Paid Search,2416,69,163.31,0,0.0
2025-03-10,CMP-1005,Paid Social,8589,61,39.95,2,166.5
2025-07-09,CMP-1004,Paid Social,1734,17,30.39,0,0.0
2025-06-10,CMP-1016,Affiliate,993,26,26.96,1,86.31
2025-06-23,CMP-1020,Organic Social,3261,40,0.0,3,272.31
2025-02-25,CMP-1011,Email,2443,76,11.21,5,417.25
2025-03-07,CMP-1009,Email,1252,35,5.75,4,290.03
2025-07-30,CMP-1003,Paid Search,1011,12,27.77,0,0.0
2025-04-02,CMP-1012,Display,5039,19,13.63,0,0.0
2025-01-30,CMP-1018,Organic Social,2852,49,0.0,0,0.0
2025-03-01,CMP-1018,Organic Social,2996,56,0.0,1,60.52
2025-02-10,CMP-1018,Organic Social,4039,86,0.0,0,0.0
2025-10-10,CMP-1008,Email,1223,33,2.04,5,488.37
2025-04-25,CMP-1003,Paid Search,1695,69,127.57,7,687.67
2025-08-01,CMP-1008,Email,1013,25,,1,93.82
2025-03-23,CMP-1001,Paid Search,2952,161,175.2,9,1190.14
2025-05-11,CMP-1006,Paid Social,1679,20,30.33,0,0.0
2025-03-19,CMP-1000,Paid Search,2189,99,185.61,3,313.05
2025-04-29,CMP-1007,Paid Social,3559,44,41.84,0,0.0
2025-08-13,CMP-1003,Paid Search,1084,58,77.69,0,0.0
2025-04-20,CMP-1010,Email,863,27,2.57,2,167.9
2025-05-05,CMP-1003,Paid Search,1222,74,71.67,2,221.83
2025-03-10,CMP-1009,Email,1180,21,2.78,0,0.0
2025-07-03,CMP-1020,Organic Social,3154,80,0.0,1,58.74
2025-03-23,CMP-1014,Display,1162,7,3.25,0,0.0
2025-06-03,CMP-1000,Paid Search,2673,118,112.45,6,671.91
2025-02-21,CMP-1002,Paid Search,934,41,57.88,2,268.45
2025-06-07,CMP-1020,Organic Social,2712,50,0.0,3,119.89
2025-07-13,CMP-1014,Display,1182,3,1.44,0,0.0
2025-07-29,CMP-1008,Email,1141,39,5.22,0,0.0
2025-05-06,CMP-1015,Affiliate,5815,98,106.41,7,881.91
2025-04-23,CMP-1019,Organic Social,3771,66,0.0,0,0.0
2025-02-24,CMP-1014,Display,1819,12,6.64,0,0.0
2025-03-09,CMP-1013,Display,1353,8,2.94,0,0.0
2025-05-23,CMP-1020,Organic Social,4683,81,0.0,0,0.0
2025-06-14,CMP-1013,Display,2362,7,7.49,0,0.0
2025-07-08,CMP-1008,Email,1055,33,6.21,5,270.03
2025-05-14,CMP-1003,Paid Search,1345,71,110.5,3,279.15
2025-08-26,CMP-1019,Organic Social,3760,41,0.0,1,99.94
2025-11-05,CMP-1008,Email,1807,45,2.91,2,229.82
2025-04-11,CMP-1002,Paid Search,938,67,63.77,3,291.26
2025-02-16,CMP-1009,Email,773,20,3.15,2,152.75
2025-07-11,CMP-1008,Email,1153,37,7.17,3,268.55
2025-07-30,CMP-1008,Email,1884,74,13.87,4,495.55
2025-06-06,CMP-1020,Organic Social,3704,52,0.0,0,0.0
2025-06-22,CMP-1019,Organic-Social,3385,66,0.0,0,0.0
2025-06-30,CMP-1009,Email,1168,20,2.99,2,161.26
2025-04-29,CMP-1004,Paid Social,835,1,1.57,0,0.0
2025-01-22,CMP-1013,Display,2064,8,5.03,0,0.0
2025-08-18,CMP-1020,Organic Social,3693,85,0.0,3,308.68
2025-01-18,CMP-1012,Display,4381,7,4.59,0,0.0
2025-05-21,CMP-1010,Email,1502,14,1.4,2,130.75
2025-07-30,CMP-1002,Paid Search,1127,41,103.49,1,123.02
2025-10-08,CMP-1019,Organic Social,4037,42,0.0,0,0.0
2025-01-27,CMP-1011,Email,5458,149,16.24,9,856.29
2025-05-06,CMP-1001,Paid Search,4692,208,419.64,12,1360.32
2025-06-24,CMP-1020,Organic Social,3649,71,0.0,1,41.98
2025-03-26,CMP-1000,Paid Search,3208,121,204.28,5,564.9
2025-04-25,CMP-1020,Organic Social,4106,51,0.0,2,176.82
2025-02-20,CMP-1017,Affiliate,607,8,3.32,0,0.0
2025-08-31,CMP-1017,Affiliate,552,11,8.28,1,115.4
2025-02-24,CMP-1016,Affiliate,873,25,13.67,0,0.0
2025-07-05,CMP-1014,Display,986,7,5.02,0,0.0
2025-08-18,CMP-1004,Paid Social,1559,22,39.12,1,81.86
2025-07-26,CMP-1002,Paid Search,816,43,78.06,2,114.3
2025-06-01,CMP-1011,Email,3368,108,17.13,6,511.69
2025-03-13,CMP-1006,Paid Social,2012,22,24.62,0,0.0
2025-06-27,CMP-1016,Affiliate,1254,33,19.4,4,276.28
2025-07-17,CMP-1016,Affiliate,872,5,2.28,0,0.0
2025-06-25,CMP-1019,Organic Social,3451,58,0.0,0,0.0
2025-04-25,CMP-1015,Affiliate ,5896,156,97.5,5,456.41
2025-05-19,CMP-1003,Paid Search,1223,66,159.7,8,924.17
2025-05-08,CMP-1017,Affiliate,695,8,5.01,0,0.0
2025-04-16,CMP-1019,Organic Social,4328,59,0.0,1,44.22
2025-03-15,CMP-1007,Paid Social,2267,18,20.76,0,0.0
2025-05-09,CMP-1006,Paid Social,2061,30,39.84,0,0.0
2025-09-14,CMP-1019,Organic Social,3289,16,0.0,0,0.0
2025-03-08,CMP-1001,Paid Search,2352,97,176.93,5,335.94
2025-02-15,CMP-1013,Display,1508,6,6.13,0,0.0
2025-09-17,CMP-1019,Organic Social,4437,62,0.0,0,0.0
2025-03-08,CMP-1016,Affiliate,518,11,13.19,0,0.0
2025-06-07,CMP-1016,Affiliate,585,10,6.51,1,135.18
2025-05-04,CMP-1020,Organic Social,2919,51,0.0,2,188.36
2025-06-06,CMP-1010,Email,1350,44,7.11,2,209.33
2025-08-12,CMP-1003,Paid Search,1360,61,71.06,2,125.36
2025-07-02,CMP-1020,Organic Social,3678,53,0.0,0,0.0
2025-04-14,CMP-1006,Paid Social,1878,15,9.5,0,0.0
2025-04-30,CMP-1020,Organic Social,3711,110,0.0,1,67.29
2025-01-17,CMP-1013,Display,1494,6,,0,0.0
2025-07-18,CMP-1008,Email,1350,40,3.64,3,188.36
2025-04-20,CMP-1000,Paid Search,1884,112,250.95,4,437.43
2025-03-18,CMP-1012,Display,5914,26,26.35,0,0.0
2025-04-20,CMP-1016,Affiliate,707,28,19.83,0,0.0
2025-09-26,CMP-1004,Paid Social,730,8,12.62,0,0.0
2025-04-24,CMP-1017,Affiliate,599,15,8.91,1,148.97
2025-03-26,CMP-1002,Paid Search,949,38,39.66,5,578.34
2025-07-09,CMP-1006,Paid Social,1708,17,16.59,0,0.0
2025-06-20,CMP-1003,Paid Search,1546,78,149.28,6,816.15
2025-04-19,CMP-1004,Paid Social,1199,10,10.41,1,67.96
2025-09-17,CMP-1003,Paid Search,1231,47,48.52,2,183.34
2025-08-03,CMP-1014,Display,1017,1,0.69,0,0.0
2025-06-11,CMP-1020,Organic Social,4200,89,,3,140.39
2025-04-29,CMP-1002,Paid Search,835,29,49.87,1,131.55
2025-03-13,CMP-1019,Organic Social,3591,35,0.0,0,0.0
2025-04-21,CMP-1000,Paid Search,2331,89,96.84,4,299.43
2025-04-27,CMP-1014,Display,1093,9,6.84,0,0.0
2025-03-13,CMP-1010,Email,1454,44,5.11,5,299.06
2025-09-12,CMP-1008,Email,1682,66,8.84,4,340.77
2025-05-03,CMP-1017,Affiliate,567,4,4.19,0,0.0
2025-03-05,CMP-1007,Paid Social,4235,35,27.97,1,85.77
2025-07-12,CMP-1019,Organic Social,3201,71,0.0,3,148.91
2025-03-25,CMP-1012,Display,6870,36,28.52,1,56.5
2025-05-29,CMP-1020,Organic Social,2695,25,0.0,0,0.0
2025-07-22,CMP-1016,Affiliate,818,23,20.27,2,138.94
2025-04-04,CMP-1007,Paid Social,3731,32,23.54,4,281.59
2025-05-23,CMP-1015,Affiliate,7630,106,63.56,2,281.39
2025-07-21,CMP-1019,Organic Social,2839,59,0.0,0,0.0
2025-02-17,CMP-1000,Paid Search,1676,93,135.11,9,999.34
2025-03-27,CMP-1010,Email,1551,49,8.26,3,193.41
2025-05-13,CMP-1019,Organic Social,3399,73,0.0,1,91.91
2025-04-29,CMP-1010,Email,1179,43,4.5,4,334.33
2025-01-17,CMP-1011,Email,6604,209,23.12,12,792.31
2025-04-25,CMP-1009,Email,1253,14,0.95,1,52.36
2025-05-09,CMP-1011,Email,5976,134,15.58,5,418.89
2025-08-09,CMP-1014,Display,1410,13,12.23,1,58.31
2025-04-26,CMP-1013,Display,1712,7,4.36,0,0.0
2025-04-03,CMP-1008,Email,1199,31,5.53,0,0.0
2025-04-28,CMP-1009,Email,1348,49,9.12,1,95.56
2025-07-20,CMP-1006,Paid Social,1232,20,14.82,0,0.0
2025-07-23,CMP-1020,Organic Social,4561,72,0.0,2,192.85
2025-05-14,CMP-1020,Organic Social,4540,79,0.0,1,72.76
2025-04-19,CMP-1010,Email,927,30,3.28,1,78.04
2025-05-26,CMP-1020,Organic Social,4078,80,0.0,1,78.33
2025-05-28,CMP-1014,Display,1706,5,3.57,0,0.0
2025-04-25,CMP-1013,Display,2394,16,15.81,0,0.0
2025-03-18,CMP-1019,Organic Social,3835,86,0.0,3,276.14
2025-05-22,CMP-1001,PPC,3358,105,99.71,6,486.35
2025-04-15,CMP-1000,Paid Search,2718,100,219.24,4,437.22
2025-09-08,CMP-1008,Email,1571,36,4.81,1,98.41
2025-03-21,CMP-1013,Display,2368,12,6.51,0,0.0
2025-03-17,CMP-1012,Display,8105,31,12.84,0,0.0
2025-03-08,CMP-1017,Affiliate,577,14,10.57,0,0.0
2025-04-18,CMP-1015,Affiliate,9501,168,193.41,5,682.52
2025-05-02,CMP-1004,Paid Social,2031,26,39.37,1,100.38
2025-05-27,CMP-1002,Paid Search,1057,66,59.52,3,308.44
2025-05-21,CMP-1004,Paid Social,1358,18,23.8,2,210.49
2025-07-03,CMP-1008,Email,1741,65,11.22,2,227.03
2025-07-27,CMP-1019,Organic Social,2558,49,0.0,0,0.0
2025-04-16,CMP-1001,Paid Search,2967,125,186.3,4,450.93
2025-04-20,CMP-1013,Display,1445,4,1.82,0,0.0
2025-06-20,CMP-1020,Organic Social,3120,69,0.0,0,0.0
2025-05-28,CMP-1015,Affiliate,7510,139,132.36,9,1541.27
2025-07-30,CMP-1020,Organic Social,3654,74,0.0,1,78.15
2025-04-11,CMP-1011,e-mail,4946,184,17.74,4,368.14
2025-03-12,CMP-1007,Paid Social,3625,32,52.37,1,66.1
2025-08-26,CMP-1003,Paid Search,1943,111,136.38,6,407.14
2025-10-09,CMP-1017,Affiliate,779,15,9.92,0,0.0
2025-08-12,CMP-1014,Display,1426,4,1.68,0,0.0
2025-03-16,CMP-1009,Email,892,40,2.1,6,755.37
2025-01-20,CMP-1013,Display,2316,15,13.23,1,62.73
2025-07-19,CMP-1002,Paid Search,916,25,22.96,1,88.92
2025-07-21,CMP-1003,Paid Search,1410,70,111.37,6,919.56
2025-02-20,CMP-1002,Paid Search,1187,48,78.09,7,420.9
2025-04-16,CMP-1003,Paid Search,1326,85,184.67,6,696.8
2025-03-16,CMP-1012,Display,4878,29,12.87,0,0.0
2025-09-06,CMP-1003,Paid Search,1207,56,100.81,8,973.52
2025-04-21,CMP-1018,organic social,5295,120,0.0,0,0.0
2025-01-19,CMP-1011,Email,4489,159,17.17,10,712.86
2025-03-05,CMP-1014,Display,1230,6,5.7,0,0.0
2025-05-29,CMP-1001,Paid Search,4078,152,271.82,5,352.04
2025-05-05,CMP-1020,Organic Social,3409,68,0.0,1,65.66
2025-01-29,CMP-1011,Email,4141,161,19.64,11,1101.92
2025-08-21,CMP-1004,Paid Social,1375,13,10.55,0,0.0
2025-02-27,CMP-1013,Display,1922,18,16.35,0,0.0
2025-08-24,CMP-1016,Affiliate,605,13,11.04,0,0.0
2025-05-04,CMP-1003,Paid Search,1108,51,124.7,2,166.3
2025-04-29,CMP-1018,Organic Social,3217,46,0.0,0,0.0
2025-05-14,CMP-1016,Affiliate,886,17,11.84,2,206.19
2025-05-27,CMP-1000,Paid Search,2874,137,,8,534.3
2025-08-27,CMP-1003,Paid Search,1420,107,126.9,4,275.78
2025-04-21,CMP-1003,Paid Search,1376,44,54.3,5,460.4
2025-09-11,CMP-1017,Affiliate,633,14,14.02,0,0.0
2025-05-31,CMP-1011,Email,3852,137,17.24,9,1043.73
2025-08-21,CMP-1017,Affiliate,595,17,16.4,0,0.0
2025-03-24,CMP-1009,Email,1335,18,2.76,0,0.0
2025-03-10,CMP-1011,Email,3024,68,9.63,11,1283.49
2025-06-29,CMP-1019,Organic Social,2469,48,0.0,0,0.0
2025-07-22,CMP-1002,Paid Search,727,37,53.48,2,127.19
2025-10-16,CMP-1008,Email,1419,38,7.28,2,157.09
2025-03-30,CMP-1005,Paid Social,5564,83,92.76,0,0.0
2025-07-22,CMP-1014,Display,1379,4,3.65,0,0.0
2025-09-21,CMP-1019,Organic Social,2657,55,0.0,0,0.0
2025-06-19,CMP-1002,Paid Search,809,36,56.07,2,186.26
2025-05-24,CMP-1003,Paid Search,1371,60,124.89,4,359.02
2025-09-18,CMP-1008,Email,987,32,2.19,2,214.48
2025-03-23,CMP-1012,Display,4856,10,10.49,0,0.0
2025-06-10,CMP-1018,Organic Social,6075,75,0.0,0,0.0
2025-04-25,CMP-1000,Paid Search,2324,113,112.22,2,163.26
2025-07-28,CMP-1008,Email,1035,30,2.34,1,125.32
2025-04-15,CMP-1012,Display,8267,23,19.2,0,0.0
2025-05-09,CMP-1017,Affiliate,629,10,7.27,0,0.0
2025-02-08,CMP-1007,Paid Social,3117,40,58.71,1,62.56
2025-08-31,CMP-1019,Organic Social,2986,50,0.0,1,101.25
2025-07-27,CMP-1020,Organic Social,2394,29,0.0,0,0.0
2025-07-03,CMP-1006,Paid Social,948,16,26.34,0,0.0
2025-09-02,CMP-1003,Paid Search,1068,51,106.02,1,128.27
2025-05-21,CMP-1017,Affiliate,926,28,13.26,4,534.68
2025-06-30,CMP-1003,Paid Search,1506,87,196.41,8,703.02
2025-04-03,CMP-1005,Paid Social,7601,95,86.59,3,168.57
2025-08-25,CMP-1020,Organic Social,4127,72,0.0,1,91.83
2025-04-03,CMP-1015,Affiliate,6613,163,164.44,2,196.26
2025-05-08,CMP-1001,Paid Search,3971,174,173.78,8,913.01
2025-03-26,CMP-1012,Display,7193,26,22.46,0,0.0
2025-06-03,CMP-1002,Paid Search,981,38,37.88,2,143.17
2025-08-01,CMP-1016,Affiliate,981,30,17.45,1,60.24
2025-10-12,CMP-1004,Paid Social,1216,20,29.01,0,0.0
2025-09-25,CMP-1019,Organic Social,4298,59,0.0,1,86.22
2025-04-25,CMP-1014,Display,1286,4,2.75,0,0.0
2025-04-10,CMP-1019,organic social,3899,65,0.0,3,196.44
2025-10-27,CMP-1004,Paid Social,1923,14,18.28,0,0.0
2025-05-23,CMP-1016,Affiliate,953,22,17.5,1,111.73
2025-06-04,CMP-1011,Email,6432,193,30.3,9,1120.05
2025-05-02,CMP-1003,Paid Search,1305,60,89.01,3,227.24
2025-06-16,CMP-1019,Organic Social,4067,95,0.0,1,92.27
2025-07-08,CMP-1006,Paid Social,1644,17,9.54,1,75.67
2025-03-09,CMP-1011,Email,3692,112,7.48,3,391.81
2025-05-01,CMP-1019,Organic Social,4161,71,0.0,2,193.72
2025-03-03,CMP-1011,Email,5396,169,22.18,10,848.45
2025-07-08,CMP-1016,Affiliate,684,13,9.11,0,0.0
2025-05-03,CMP-1016,Affiliate,726,13,11.86,0,0.0
2025-03-10,CMP-1006,Paid Social,1131,10,10.2,0,0.0
2025-06-03,CMP-1004,Paid Social,1620,21,12.17,0,0.0
2025-10-22,CMP-1004,Paid Social,1151,9,14.64,0,0.0
2025-07-06,CMP-1003,Paid Search,887,38,71.72,3,309.51
2025-04-18,CMP-1010,Email,1522,18,3.03,1,98.11
2025-04-16,CMP-1020,Organic Social,3527,69,0.0,4,152.18
2025-08-04,CMP-1003,Paid Search,1253,37,92.66,4,424.34
2025-08-10,CMP-1000,Paid Search,1554,104,196.14,10,1356.47
2025-02-12,CMP-1016,Affiliate,1190,18,12.48,0,0.0
2025-04-18,CMP-1017,Affiliate,648,11,8.81,1,81.58
2025-05-10,CMP-1015,Affiliate,6408,149,110.73,6,664.26
2025-02-20,CMP-1012,Display,6169,26,12.7,0,0.0
2025-08-16,CMP-1020,Organic Social,2186,40,0.0,0,0.0
2025-05-29,CMP-1013,Display,2184,9,7.81,0,0.0
2025-05-01,CMP-1003,Paid Search,998,15,20.69,0,0.0
2025-04-06,CMP-1016,Affiliate,560,10,11.6,0,0.0
2025-05-20,CMP-1019,Organic Social,3351,70,0.0,2,116.95
2025-05-18,CMP-1014,Display,1307,4,2.87,0,0.0
2025-03-29,CMP-1018,Organic Social,2971,32,0.0,1,74.66
2025-05-06,CMP-1006,Paid Social,1756,35,46.83,2,190.06
2025-08-11,CMP-1020,Organic Social,3269,45,0.0,2,115.64
2025-04-29,CMP-1011,Email,6231,231,26.52,20,1396.54
2025-02-20,CMP-1018,Organic Social,3618,94,0.0,2,94.59
2025-05-27,CMP-1013,Display,2465,5,2.58,0,0.0
2025-07-20,CMP-1002,Paid Search,816,16,38.33,0,0.0
2025-04-15,CMP-1011,Email,4601,126,18.97,7,627.11
2025-05-02,CMP-1010,Email,1515,50,6.12,4,497.0
2025-03-29,CMP-1019,organic social,3620,98,0.0,2,204.05
2025-04-24,CMP-1013,Display,3340,22,15.79,0,0.0
2025-04-11,CMP-1010,Email,1485,33,5.5,3,342.57
2025-01-20,CMP-1012,Display,7621,23,18.02,0,0.0
2025-01-15,CMP-1018,Organic Social,5406,104,0.0,2,218.67
2025-08-15,CMP-1008,Email,1314,49,7.0,8,874.66
2025-07-17,CMP-1019,Organic Social,3649,78,0.0,0,0.0
2025-02-03,CMP-1002,Paid Search,903,46,42.29,2,241.79
2025-03-24,CMP-1019,Organic Social,3283,81,0.0,1,75.61
2025-06-12,CMP-1000,Paid Search,2518,92,169.66,9,1335.4
2025-04-11,CMP-1007,Paid Social,3228,30,48.67,0,0.0
2025-01-24,CMP-1016,Affiliate,973,19,11.39,1,98.93
2025-06-12,CMP-1017,Affiliate,678,15,15.89,1,95.5
2025-02-26,CMP-1011,Email,4907,140,18.94,8,623.86
2025-07-21,CMP-1017,Affiliate,664,16,6.74,0,0.0
2025-03-25,CMP-1016,Affiliate,839,17,7.03,0,0.0
2025-03-23,CMP-1010,Email,863,35,1.99,0,0.0
2025-04-28,CMP-1018,Organic Social,4418,74,0.0,0,0.0
2025-03-19,CMP-1007,Paid Social,3874,51,36.09,3,226.18
2025-02-27,CMP-1009,Email,1131,32,5.69,2,243.54
2025-04-21,CMP-1007,Paid Social,2350,40,28.2,0,0.0
2025-04-06,CMP-1011,Email,3314,112,7.75,9,411.83
2025-02-07,CMP-1002,Paid Search,1263,53,118.32,3,215.43
2025-02-28,CMP-1011,Email,5710,171,23.96,13,1515.99
2025-11-09,CMP-1004,Paid Social,1881,17,11.26,0,0.0
2025-08-27,CMP-1004,Paid Social,1858,24,23.29,0,0.0
2025-08-06,CMP-1014,Display,1644,8,3.83,0,0.0
2025-05-29,CMP-1017,Affiliate,728,11,10.29,1,137.91
2025-05-13,CMP-1008,Email,1748,39,7.72,3,284.68
2025-09-05,CMP-1019,Organic Social,2660,8,0.0,0,0.0
2025-05-13,CMP-1006,Paid Social,2130,19,26.64,2,221.12
2025-04-04,CMP-1016,Affiliate,866,32,19.55,2,118.88
2025-04-04,CMP-1005,Paid Social,6379,100,57.96,5,423.96
2025-07-26,CMP-1017,Affiliate,563,12,5.3,1,69.19
2025-01-25,CMP-1018,Organic Social,3304,40,0.0,0,0.0
2025-06-18,CMP-1002,Paid Search,796,34,74.74,1,67.29
2025-06-12,CMP-1016,Affiliate,470,12,5.2,2,167.36
2025-05-20,CMP-1015,Affiliate,6980,114,89.67,7,544.72
2025-03-14,CMP-1000,Paid Search,2783,116,118.32,6,816.25
2025-04-08,CMP-1014,Display,1633,8,6.21,0,0.0
2025-05-07,CMP-1010,Email,1104,31,5.74,2,177.08
2025-05-16,CMP-1016,Affiliate,789,27,23.7,1,80.87
2025-09-20,CMP-1004,Paid Social,1293,17,10.86,1,79.52
2025-06-21,CMP-1000,Paid Search,1685,73,128.65,5,523.78
2025-03-19,CMP-1010,Email,846,18,2.75,2,201.29
2025-02-15,CMP-1019,Organic Social,2711,44,0.0,0,0.0
2025-06-04,CMP-1013,Display Ads,3095,11,11.83,0,0.0
2025-07-24,CMP-1019,Organic Social,3994,75,0.0,1,71.71
2025-06-24,CMP-1009,Email,903,30,2.21,3,170.97
2025-03-06,CMP-1011,Email,5798,110,10.95,5,386.19
2025-04-28,CMP-1017,Affiliate,965,22,15.71,0,0.0
2025-06-07,CMP-1004,Paid Social,1075,19,11.19,0,0.0
2025-05-16,CMP-1009,Email,1124,52,8.32,2,196.52
2025-05-30,CMP-1014,Display,1511,6,3.83,0,0.0
2025-08-10,CMP-1017,Affiliate,546,7,7.92,0,0.0
2025-04-15,CMP-1002,Paid Search,1003,53,122.2,3,266.44
2025-09-05,CMP-1003,Paid Search,1254,58,95.2,3,384.56
2025-04-07,CMP-1010,Email,1050,33,4.03,1,100.41
2025-06-07,CMP-1017,Affiliate,528,13,12.78,1,92.98
2025-05-08,CMP-1014,display ads,1397,8,3.15,0,0.0
2025-04-29,CMP-1006,Paid Social,1527,22,12.66,1,48.28
2025-03-17,CMP-1013,Display,2009,14,8.91,0,0.0
2025-07-08,CMP-1009,Email,1189,26,2.75,3,244.48
2025-07-03,CMP-1016,Affiliate,905,20,23.75,3,198.57
2025-04-18,CMP-1003,Paid Search,1430,32,37.13,3,420.47
2025-09-01,CMP-1019,Organic Social,4903,90,0.0,2,84.0
2025-07-20,CMP-1019,Organic Social,2387,60,0.0,1,58.47
2025-04-28,CMP-1005,Paid Social,7558,61,61.24,1,96.08
2025-02-16,CMP-1019,Organic Social,2835,43,0.0,1,50.02
2025-04-18,CMP-1014,Display,1351,7,5.85,0,0.0
2025-04-26,CMP-1001,Paid Search,2780,96,241.06,0,0.0
2025-04-12,CMP-1006,Paid Social,1089,15,11.37,1,81.34
2025-06-13,CMP-1020,Organic Social,3413,62,0.0,1,85.92
2025-03-30,CMP-1009,Email,917,31,5.9,1,63.75
2025-06-24,CMP-1002,Paid Search,969,48,51.23,4,358.22
2025-07-01,CMP-1014,Display,1364,9,8.73,0,0.0
2025-01-23,CMP-1016,Affiliate,781,11,12.74,0,0.0
2025-05-06,CMP-1003,Paid Search,1171,45,,0,0.0
2025-07-05,CMP-1019,Organic Social,2287,42,0.0,1,87.68
2025-03-12,CMP-1018,Organic Social,3869,80,0.0,0,0.0
2025-08-03,CMP-1017,Affiliate,429,7,7.1,0,0.0
2025-11-24,CMP-1004,Paid Social,2017,12,15.38,0,0.0
2025-05-21,CMP-1013,Display,1514,4,3.68,0,0.0
2025-05-03,CMP-1000,Paid Search,1614,89,124.45,4,590.1
2025-05-16,CMP-1020,Organic Social,3829,91,0.0,1,73.8
2025-02-23,CMP-1019,Organic Social,2272,49,0.0,0,0.0
2025-09-13,CMP-1008,Email,803,30,4.59,2,151.5
2025-01-28,CMP-1011,Email,3834,96,16.25,4,208.42
2025-07-01,CMP-1004,Paid Social,1610,8,11.69,0,0.0
2025-03-11,CMP-1009,Email,1457,20,2.06,3,290.05
2025-05-18,CMP-1001,Paid Search,2586,110,138.12,9,721.91
2025-09-03,CMP-1004,Paid Social,1331,19,17.18,1,100.48
2025-06-11,CMP-1016,Affiliate,825,15,15.71,0,0.0
2025-01-16,CMP-1013,Display,1877,6,2.12,0,0.0
2025-04-05,CMP-1011,Email,3091,123,22.97,7,576.2
2025-09-06,CMP-1016,Affiliate,764,7,3.06,0,0.0
2025-04-23,CMP-1006,Paid Social,1319,13,17.77,0,0.0
2025-06-14,CMP-1019,organic social,3070,70,0.0,2,103.18
2025-04-26,CMP-1004,Paid Social,1471,24,22.82,0,0.0
2025-07-16,CMP-1014,Display,1601,8,7.7,0,0.0
2025-06-04,CMP-1002,Paid Search,1242,57,118.09,3,352.81
2025-02-28,CMP-1016,Affiliate,685,20,19.55,0,0.0
2025-05-08,CMP-1011,Email,4320,104,16.74,6,636.48
2025-04-08,CMP-1013,Display,2509,14,15.07,0,0.0
2025-04-02,CMP-1009,Email,961,19,2.64,3,311.88
2025-08-13,CMP-1016,Affiliate,779,12,12.28,0,0.0
2025-06-17,CMP-1004,Paid Social,1627,23,14.42,0,0.0
2025-04-05,CMP-1005,Paid Social,6470,117,96.74,5,438.26
2025-05-25,CMP-1011,Email,2939,101,13.09,5,585.18
2025-01-21,CMP-1016,Affiliate,850,24,10.84,0,0.0
2025-05-13,CMP-1000,Paid Search,2270,114,271.78,9,1102.68
2025-04-26,CMP-1018,Organic Social,3627,74,0.0,0,0.0
2025-01-17,CMP-1012,Display,6266,11,6.71,0,0.0
2025-03-10,CMP-1012,Display,5581,19,17.23,0,0.0
2025-07-13,CMP-1003,Paid Search,829,7,13.76,0,0.0
2025-05-29,CMP-1014,Display,1838,13,,1,125.92
2025-07-02,CMP-1019,Organic Social,3646,37,0.0,1,83.11
2025-03-12,CMP-1002,Paid Search,919,33,,1,72.13
2025-03-18,CMP-1013,Display,2300,19,18.99,0,0.0
2025-09-13,CMP-1003,Paid Search,1026,57,128.1,4,461.65
2025-03-13,CMP-1011,Email,4542,184,15.21,11,711.81
2025-08-17,CMP-1004,Paid Social,1620,26,19.19,0,0.0
2025-03-18,CMP-1001,Paid Search,4419,224,255.66,12,1072.09
2025-07-05,CMP-1003,Paid Search,817,33,65.03,4,487.67
2025-09-10,CMP-1003,Paid Search,1405,68,143.82,1,83.74
2025-03-09,CMP-1018,Organic Social,3318,42,0.0,0,0.0
2025-04-10,CMP-1013,Display,2379,8,3.61,0,0.0
2025-06-22,CMP-1004,Paid Social,1045,8,5.67,0,0.0
2025-06-19,CMP-1000,Paid Search,2570,76,90.06,6,901.8
2025-10-07,CMP-1008,Email,1360,34,6.23,5,541.34
2025-06-09,CMP-1002,Paid Search,821,16,38.43,0,0.0
2025-05-25,CMP-1016,Affiliate,560,6,5.37,1,78.0
2025-06-15,CMP-1020,Organic Social,2267,35,0.0,3,297.64
2025-05-21,CMP-1003,Paid Search,1284,48,79.07,1,67.45
2025-06-24,CMP-1008,Email,970,14,2.08,0,0.0
2025-05-04,CMP-1000,Paid Search,1340,51,69.14,2,223.08
2025-07-25,CMP-1003,Paid Search,1022,45,80.15,1,116.2
2025-04-27,CMP-1000,Paid Search,1649,56,137.49,5,248.92
2025-03-02,CMP-1019,Organic Social,2595,51,0.0,0,0.0
2025-08-10,CMP-1014,Display,1064,8,3.25,1,113.2
2025-03-29,CMP-1001,Paid Search,3642,152,299.93,10,1084.84
2025-11-09,CMP-1008,Email,1179,33,4.07,4,467.11
2025-04-28,CMP-1000,Paid Search,1880,123,197.4,7,844.95
2025-02-25,CMP-1018,Organic Social,4509,73,0.0,0,0.0
2025-03-17,CMP-1014,Display,1649,5,4.22,0,0.0
2025-04-11,CMP-1017,Affiliate,833,19,22.46,3,265.18
2025-07-28,CMP-1020,Organic Social,3903,65,0.0,0,0.0
2025-07-21,CMP-1008,Email,1122,29,1.85,3,202.59
2025-05-16,CMP-1003,Paid Search,1161,65,91.41,2,168.7
2025-06-12,CMP-1018,Organic Social,4528,66,0.0,0,0.0
2025-05-07,CMP-1006,Paid Social,1552,18,21.63,0,0.0
2025-07-02,CMP-1009,Email,928,12,1.77,1,80.75
2025-08-07,CMP-1004,Paid Social,1221,3,4.8,0,0.0
2025-04-07,CMP-1016,Affiliate,678,16,11.91,3,273.66
2025-04-08,CMP-1018,Organic Social,6173,110,0.0,1,77.29
2025-03-15,CMP-1000,Paid Search,1136,65,158.54,1,80.19
2025-08-04,CMP-1004,Paid Social,1637,24,15.22,1,97.66
2025-08-29,CMP-1004,Paid Social,1840,21,27.55,0,0.0
2025-05-17,CMP-1009,Email,1069,34,5.54,2,145.53
2025-08-21,CMP-1019,Organic Social,3935,76,0.0,1,68.04
2025-05-29,CMP-1019,Organic Social,3445,69,0.0,0,0.0
2025-06-17,CMP-1010,Email,1143,44,3.76,3,334.17
2025-06-30,CMP-1000,Paid Search,3266,169,154.27,9,1241.42
2025-04-24,CMP-1001,Paid Search,3468,171,396.39,9,1140.86
2025-07-14,CMP-1017,Affiliate,821,18,19.58,0,0.0
2025-05-31,CMP-1002,Paid Search,583,16,22.97,1,133.46
2025-03-27,CMP-1016,Affiliate,945,14,7.93,0,0.0
2025-02-02,CMP-1011,Email,4390,138,27.1,6,339.98
2025-04-04,CMP-1014,Display,1604,7,5.95,0,0.0
2025-06-02,CMP-1014,Display,1760,7,6.59,0,0.0
2025-05-06,CMP-1009,Email,1331,26,5.16,0,0.0
2025-02-27,CMP-1012,Display,8968,53,50.39,0,0.0
2025-08-16,CMP-1017,Affiliate,379,0,0.0,0,0.0
2025-11-20,CMP-1008,Email,1731,59,3.21,6,502.94
2025-05-30,CMP-1004,Paid Social,1551,11,12.13,0,0.0
2025-07-04,CMP-1000,Paid Search,2497,133,167.64,6,930.58
2025-03-19,CMP-1019,Organic-Social,2852,68,0.0,2,113.83
2025-05-26,CMP-1016,Affiliate,852,9,6.43,0,0.0
2025-05-29,CMP-1018,Organic Social,4449,51,0.0,0,0.0
2025-05-04,CMP-1019,Organic Social,2545,35,0.0,0,0.0
2025-06-07,CMP-1002,Paid Search,977,31,77.16,2,265.71
2025-04-25,CMP-1017,Affiliate,757,13,14.09,2,199.23
2025-05-07,CMP-1011,Email,5290,167,25.55,10,719.2
2025-04-07,CMP-1014,Display,1614,8,7.96,0,0.0
2025-07-09,CMP-1014,Display,1252,5,4.72,0,0.0
2025-10-08,CMP-1004,Paid Social,1228,15,,0,0.0
2025-02-25,CMP-1016,Affiliate,822,14,6.27,2,155.03
2025-03-31,CMP-1009,Email,1837,64,12.26,4,469.19
2025-07-21,CMP-1000,Paid Search,2368,116,164.79,7,606.08
2025-04-14,CMP-1017,Affiliate,809,15,8.76,0,0.0
2025-07-02,CMP-1000,Paid Search,2929,158,174.94,7,644.94
2025-03-04,CMP-1005,Paid Social,8715,91,81.28,0,0.0
2025-04-08,CMP-1006,Paid Social,2132,9,6.85,1,64.58
2025-05-28,CMP-1009,Email,1353,43,7.97,4,347.15
2025-04-30,CMP-1014,Display,1761,9,9.88,0,0.0
2025-07-26,CMP-1016,Affiliate,625,14,9.64,2,152.03
2025-05-23,CMP-1018,Organic Social,4047,73,0.0,2,119.99
2025-04-16,CMP-1004,Paid Social,1432,16,22.32,0,0.0
2025-05-11,CMP-1008,Email,514,16,3.2,3,204.16
2025-05-10,CMP-1006,Paid Social,1773,27,21.39,0,0.0
2025-07-27,CMP-1014,Display,796,7,5.3,0,0.0
2025-04-23,CMP-1016,Affiliate,810,18,10.83,0,0.0
2025-01-27,CMP-1016,Affiliate,545,10,9.13,1,107.27
2025-03-04,CMP-1014,Display,1738,8,6.87,0,0.0
2025-05-25,CMP-1009,Email,1060,42,5.12,3,333.64
2025-07-04,CMP-1017,Affiliate,950,12,8.23,0,0.0
2025-04-21,CMP-1009,Email,1003,27,4.23,9,906.31
2025-04-05,CMP-1014,Display Ads,1355,3,1.5,0,0.0
2025-07-16,CMP-1016,Affiliate,594,10,8.29,0,0.0
2025-07-14,CMP-1016,Affiliate,633,9,4.34,0,0.0
2025-02-25,CMP-1000,Paid Search,1969,108,195.57,1,101.2
2025-07-11,CMP-1020,Organic Social,2894,69,0.0,0,0.0
2025-05-27,CMP-1020,Organic Social,3405,61,0.0,0,0.0
2025-05-03,CMP-1009,Email,950,32,,1,53.83
2025-05-01,CMP-1010,Email,1714,54,6.96,0,0.0
2025-07-26,CMP-1019,Organic Social,2979,46,0.0,0,0.0
2025-05-28,CMP-1006,Paid Social,1795,27,24.26,2,105.0
2025-06-22,CMP-1020,Organic Social,2495,50,0.0,0,0.0
2025-04-15,CMP-1007,Paid Social,2766,43,73.21,1,117.1
2025-07-25,CMP-1020,Organic Social,3062,71,0.0,1,59.07
2025-04-30,CMP-1004,Paid Social,1593,21,,0,0.0
2025-08-19,CMP-1008,Email,1518,45,7.92,0,0.0
2025-04-01,CMP-1019,Organic Social,2993,73,0.0,1,53.12
2025-05-06,CMP-1004,Paid Social,1587,16,13.63,1,75.59
2025-03-17,CMP-1017,affiliates,587,19,,1,67.54
2025-04-12,CMP-1012,Display,5056,24,20.53,0,0.0
2025-05-27,CMP-1003,Paid Search,1503,67,159.16,5,357.94
2025-05-24,CMP-1010,Email,1016,26,2.58,0,0.0
2025-02-10,CMP-1018,Organic Social,4039,86,0.0,0,0.0
2025-08-02,CMP-1000,Paid Search,1657,54,74.85,5,685.32
2025-03-02,CMP-1017,Affiliate,554,14,11.62,0,0.0
2025-09-25,CMP-1004,Paid Social,2054,24,37.29,0,0.0
2025-05-12,CMP-1010,Email,1423,52,4.65,2,141.29
2025-02-02,CMP-1007,Paid Social,3233,58,50.36,4,389.46
2025-04-13,CMP-1005,Paid Social,9131,130,213.47,3,210.89
2025-05-09,CMP-1002,Paid Search,1119,37,67.67,0,0.0
2025-08-10,CMP-1003,Paid Search,853,27,48.49,0,0.0
2025-04-10,CMP-1017,Affiliate,988,19,22.04,2,176.49
2025-04-05,CMP-1009,Email,1178,51,8.22,7,508.73
2025-10-27,CMP-1008,Email,1307,37,4.15,2,117.6
2025-10-19,CMP-1008,Email,989,15,,0,0.0
2025-03-29,CMP-1005,Paid Social,5933,49,82.04,2,149.81
2025-03-31,CMP-1013,Display,2548,9,5.18,0,0.0
2025-04-17,CMP-1015,Affiliate,8946,151,99.08,3,355.23
2025-11-03,CMP-1008,Email,2255,71,13.01,8,873.31
2025-02-21,CMP-1016,Affiliate,685,13,14.44,0,0.0
2025-03-09,CMP-1012,Display,4289,10,9.89,0,0.0
2025-07-16,CMP-1019,Organic Social,3092,46,0.0,0,0.0
2025-08-21,CMP-1008,Email,1105,50,4.96,3,310.36
2025-06-20,CMP-1006,Paid Social,2102,28,22.69,2,132.69
2025-03-07,CMP-1011,Email,6267,210,15.88,14,1726.11
2025-03-12,CMP-1010,Email,949,18,3.14,0,0.0
2025-04-07,CMP-1020,Organic Social,2772,41,0.0,0,0.0
2025-04-07,CMP-1001,Paid Search,3415,189,341.66,5,496.61
2025-04-17,CMP-1002,Paid Search,870,45,41.29,4,614.66
2025-03-26,CMP-1016,affiliates,737,14,9.83,1,96.76
2025-03-21,CMP-1012,Display,7317,26,26.36,0,0.0
2025-04-22,CMP-1009,Email,1282,33,5.02,1,68.4
2025-04-26,CMP-1006,Paid Social,1240,14,22.19,1,50.0
2025-03-03,CMP-1007,Paid Social,3556,37,47.99,0,0.0
2025-05-09,CMP-1015,Affiliate,6081,78,85.41,1,153.6
2025-05-10,CMP-1003,Paid Search,894,72,104.73,4,436.48
2025-03-25,CMP-1013,Display,2192,13,13.31,0,0.0
2025-05-07,CMP-1017,Affiliate,832,8,7.05,0,0.0
2025-05-30,CMP-1018,Organic Social,3906,40,0.0,1,91.63
2025-05-17,CMP-1017,Affiliate,635,14,13.69,1,75.09
2025-03-21,CMP-1000,Paid Search,2555,156,326.3,4,568.62
2025-05-11,CMP-1019,Organic Social,3308,35,0.0,0,0.0
2025-08-22,CMP-1020,Organic Social,4595,150,0.0,2,164.1
2025-08-28,CMP-1017,Affiliate,559,11,4.79,2,276.49
2025-03-23,CMP-1007,Paid Social,3279,30,50.9,0,0.0
2025-07-23,CMP-1000,Paid Search,2062,30,65.77,1,54.15
2025-05-25,CMP-1018,Organic Social,2354,40,0.0,1,77.57
2025-07-27,CMP-1017,Affiliate,506,7,5.08,0,0.0
2025-04-03,CMP-1014,Display,1176,9,4.36,0,0.0
2025-03-13,CMP-1005,Paid Social,7247,47,59.42,2,171.2
2025-03-26,CMP-1007,Paid Social,4586,54,31.95,1,57.09
2025-04-11,CMP-1008,Email,1313,52,9.41,4,335.39
2025-05-13,CMP-1017,Affiliate,663,13,13.78,0,0.0
2025-05-18,CMP-1011,Email,5353,166,19.65,15,907.66
2025-05-30,CMP-1009,Email,784,17,1.01,3,346.54
2025-04-23,CMP-1003,Paid Search,1716,101,196.87,6,457.78
2025-05-23,CMP-1009,Email,923,33,4.12,2,145.83
2025-03-08,CMP-1007,Paid Social,3319,46,49.26,2,128.64
2025-04-28,CMP-1019,Organic Social,3146,41,0.0,0,0.0
2025-06-30,CMP-1004,Paid Social,1773,27,48.45,0,0.0
2025-09-15,CMP-1003,Paid Search,1217,42,79.62,0,0.0
2025-05-02,CMP-1016,Affiliate,795,22,21.42,1,116.34
2025-06-20,CMP-1016,Affiliate,817,26,19.06,1,150.17
2025-06-27,CMP-1000,Paid Search,2836,112,101.9,3,296.96
2025-05-14,CMP-1010,Email,1445,61,8.04,4,553.3
2025-03-03,CMP-1002,Paid Search,535,16,35.96,1,101.84
2025-09-06,CMP-1017,Affiliate,498,9,9.7,1,140.6
2025-08-08,CMP-1004,Paid Social,2031,10,6.18,1,42.16
2025-02-28,CMP-1019,Organic Social,3807,55,0.0,0,0.0
2025-04-12,CMP-1002,Paid Search,780,37,35.5,2,170.84
2025-02-22,CMP-1000,Paid-Search,1619,76,135.43,7,1093.61
2025-04-02,CMP-1005,Paid Social,6747,77,86.02,3,295.24
2025-07-08,CMP-1004,Paid Social,2148,27,39.51,0,0.0
2025-06-11,CMP-1013,Display,1584,8,4.65,0,0.0
2025-05-28,CMP-1010,Email,1358,49,9.6,1,104.8
2025-06-15,CMP-1004,Paid Social,666,10,6.62,1,79.31
2025-10-06,CMP-1019,Organic Social,4509,81,0.0,0,0.0
2025-07-17,CMP-1003,Paid Search,979,50,127.1,2,210.03
2025-05-27,CMP-1011,Email,4714,138,21.94,10,1142.88
2025-08-23,CMP-1020,Organic Social,3221,95,0.0,2,105.75
2025-06-02,CMP-1011,Email,6179,248,27.2,12,1443.06
2025-02-22,CMP-1017,Affiliate,522,17,16.38,0,0.0
2025-07-23,CMP-1004,Paid Social,1781,21,25.4,0,0.0
2025-04-20,CMP-1006,Paid Social,1035,22,20.12,1,54.92
2025-04-28,CMP-1014,Display,1255,3,1.71,0,0.0
2025-05-03,CMP-1004,paid social ,1051,7,5.23,0,0.0
2025-03-15,CMP-1016,Affiliate,600,8,4.33,0,0.0
2025-09-28,CMP-1003,Paid Search,1006,56,100.63,3,272.02
2025-05-02,CMP-1020,Organic Social,4254,78,0.0,0,0.0
2025-03-04,CMP-1012,Display,9543,37,34.11,0,0.0
2025-02-07,CMP-1011,Email,4572,183,18.55,16,1688.87
2025-05-27,CMP-1018,organic social,4968,136,0.0,3,200.17
2025-07-31,CMP-1000,Paid Search,2035,134,253.28,10,744.16
2025-06-03,CMP-1020,Organic Social,3267,86,0.0,0,0.0
2025-09-22,CMP-1019,Organic Social,3018,51,0.0,0,0.0
2025-05-07,CMP-1016,Affiliate,841,15,15.1,1,124.38
2025-06-18,CMP-1014,Display,1249,6,6.06,1,74.05
2025-05-06,CMP-1020,Organic Social,5101,112,0.0,1,78.64
2025-07-11,CMP-1002,Paid Search,1057,49,118.82,5,467.35
2025-10-09,CMP-1004,Paid Social,1767,16,21.66,0,0.0
2025-03-08,CMP-1018,Organic Social,3771,33,0.0,0,0.0
2025-06-22,CMP-1017,Affiliate,686,12,4.93,0,0.0
2025-04-26,CMP-1000,Paid Search,1991,51,75.98,1,112.25
2025-01-24,CMP-1011,Email,6867,286,35.69,22,1888.11
2025-06-16,CMP-1000,Paid Search,2073,90,118.83,5,490.83
2025-08-25,CMP-1004,Paid Social,1621,15,14.88,0,0.0
2025-07-07,CMP-1004,Paid Social,2052,36,51.55,0,0.0
2025-06-08,CMP-1009,Email,878,20,3.93,0,0.0
2025-05-29,CMP-1003,Paid Search,831,31,30.62,1,80.79
2025-04-05,CMP-1012,Display,5494,19,16.47,0,0.0
2025-03-17,CMP-1011,Email,5728,243,30.05,10,852.16
2025-06-01,CMP-1019,Organic Social,2802,51,0.0,3,279.16
2025-03-03,CMP-1013,Display,1708,9,3.63,0,0.0
2025-05-16,CMP-1018,Organic Social,4736,106,0.0,0,0.0
2025-04-03,CMP-1002,Paid Search,1265,65,112.58,3,446.13
2025-03-30,CMP-1017,Affiliate,559,8,7.95,0,0.0
2025-04-13,CMP-1015,Affiliate,5966,145,142.07,8,1434.42
2025-06-24,CMP-1016,Affiliate,852,10,8.33,1,80.44
2025-03-20,CMP-1013,Display,1912,7,210.5,0,0.0
2025-02-01,CMP-1012,Display,4229,14,8.96,0,0.0
2025-02-27,CMP-1007,Paid Social,1625,32,55.39,1,77.37
2025-05-22,CMP-1011,Email,4806,102,7.55,8,578.83
2025-07-18,CMP-1000,Paid Search,1255,56,56.89,7,697.28
2025-10-07,CMP-1004,Paid Social,1492,5,6.75,0,0.0
2025-01-16,CMP-1016,Affiliate,605,14,8.56,1,92.78
2025-07-25,CMP-1004,Paid Social,1334,22,16.45,0,0.0
2025-07-18,CMP-1002,Paid Search,929,46,45.09,3,249.52
2025-06-23,CMP-1006,Paid Social,1152,24,26.16,0,0.0
2025-03-12,CMP-1009,Email,1375,51,3.51,4,204.85
2025-08-22,CMP-1008,Email,1487,39,7.29,4,361.08
2025-04-29,CMP-1014,Display,1878,6,3.76,0,0.0
2025-08-07,CMP-1017,Affiliate,748,10,10.39,2,156.88
2025-03-22,CMP-1000,Paid Search,1276,28,72.13,0,0.0
2025-02-11,CMP-1011,Email,5632,172,32.66,21,1629.71
2025-06-19,CMP-1003,Paid Search,1304,50,61.0,0,0.0
2025-08-06,CMP-1000,Paid Search,2215,87,160.4,4,404.89
2025-02-26,CMP-1013,Display,2213,11,10.42,0,0.0
2025-03-28,CMP-1018,Organic Social,4098,42,0.0,0,0.0
2025-03-06,CMP-1013,Display,2589,6,2.35,0,0.0
2025-10-21,CMP-1004,Paid Social,1570,24,40.77,0,0.0
2025-08-26,CMP-1008,Email,1473,45,6.41,8,744.94
2025-03-02,CMP-1009,Email,1003,24,1.86,2,173.49
2025-02-28,CMP-1002,Paid Search,1056,31,40.83,1,72.97
2025-06-25,CMP-1014,Display,1006,12,10.33,0,0.0
2025-02-28,CMP-1009,Email,1447,41,6.83,3,247.64
2025-06-08,CMP-1008,Email,1064,28,3.07,4,351.32
2025-01-31,CMP-1007,Paid Social,3893,44,75.02,1,109.1
2025-04-11,CMP-1013,Display,2713,11,8.85,0,0.0
2025-07-01,CMP-1020,Organic Social,2723,61,0.0,2,92.69
2025-05-31,CMP-1015,Affiliate,5437,152,63.34,11,891.88
2025-05-07,CMP-1001,Paid Search,2765,140,301.79,9,909.31
2025-04-08,CMP-1017,Affiliate,825,11,9.97,0,0.0
2025-03-12,CMP-1017,Affiliate,556,9,5.83,1,101.45
2025-07-29,CMP-1004,Paid Social,972,16,9.29,0,0.0
2025-03-17,CMP-1014,Display,1649,5,4.22,0,0.0
2025-04-24,CMP-1009,Email,1509,52,8.44,5,393.47
2025-05-12,CMP-1013,Display,1493,8,5.83,0,0.0
2025-04-03,CMP-1016,Affiliate,726,21,11.76,0,0.0
2025-02-24,CMP-1019,Organic Social,4079,46,0.0,0,0.0
2025-08-25,CMP-1017,Affiliate,776,7,5.52,0,0.0
2025-04-04,CMP-1020,Organic Social,3789,51,0.0,1,83.86
2025-03-06,CMP-1018,Organic Social,4227,81,0.0,1,55.52
2025-09-14,CMP-1003,Paid Search,1080,25,33.92,1,100.11
2025-05-08,CMP-1006,Paid Social,1980,16,9.37,0,0.0
2025-03-23,CMP-1019,Organic Social,2030,18,0.0,2,136.21
2025-05-05,CMP-1008,Email,1132,40,4.05,4,321.79
2025-03-20,CMP-1001,Paid Search,3517,153,196.79,8,996.12
2025-06-17,CMP-1009,Email,1359,25,2.66,0,0.0
2025-06-22,CMP-1016,Affiliate,480,9,9.75,0,0.0
2025-03-14,CMP-1018,Organic Social,5375,137,0.0,1,61.42
2025-05-14,CMP-1000,Paid Search,2113,122,314.64,5,538.13
2025-05-30,CMP-1008,Email,1624,24,2.2,0,0.0
2025-03-26,CMP-1011,Email,5662,192,13.87,8,841.44
2025-04-20,CMP-1015,Affiliate,4569,77,63.81,1,119.02
2025-02-21,CMP-1017,Affiliate,942,22,18.42,0,0.0
2025-06-13,CMP-1013,Display,1948,13,13.88,0,0.0
2025-05-13,CMP-1020,Organic Social,4124,88,0.0,4,367.96
2025-06-07,CMP-1006,Paid Social,1209,14,10.61,0,0.0
2025-07-31,CMP-1016,Affiliate,1078,20,14.18,2,196.34
2025-09-04,CMP-1016,Affiliate,493,7,5.33,0,0.0
2025-02-13,CMP-1002,Paid Search,1158,33,82.7,1,110.65
2025-07-06,CMP-1020,Organic Social,2642,43,0.0,0,0.0
2025-03-26,CMP-1014,Display,2106,5,4.67,0,0.0
2025-06-13,CMP-1010,Email,1275,18,1.81,2,140.88
2025-06-25,CMP-1020,Organic Social,3486,101,0.0,0,0.0
2025-04-15,CMP-1020,Organic Social,3442,80,0.0,1,61.72
2025-06-09,CMP-1013,Display,2348,6,5.81,0,0.0
2025-05-09,CMP-1001,Paid Search,3680,133,239.75,7,961.0
2025-05-02,CMP-1017,Affiliate,453,14,15.31,1,77.54
2025-08-07,CMP-1019,Organic Social,3674,82,0.0,3,231.94
2025-06-27,CMP-1019,organic social,3819,78,0.0,0,0.0
2025-03-28,CMP-1006,Paid Social,1672,20,25.0,1,118.13
2025-03-01,CMP-1017,Affiliate,539,10,5.55,0,0.0
2025-06-26,CMP-1017,Affiliate,742,13,11.23,0,0.0
2025-05-26,CMP-1000,Paid Search,1622,65,131.26,5,601.08
2025-05-29,CMP-1002,Paid Search,894,45,100.16,1,69.3
2025-05-17,CMP-1011,Email,3515,103,19.91,6,403.83
2025-06-26,CMP-1003,Paid Search,1330,53,57.02,2,282.23
2025-01-21,CMP-1018,Organic Social,5278,67,0.0,2,151.18
2025-04-27,CMP-1008,Email,649,24,3.12,1,107.71
2025-06-30,CMP-1017,Affiliate,708,5,4.48,0,0.0
2025-06-09,CMP-1017,Affiliate,1044,20,16.01,1,114.95
2025-03-22,CMP-1001,Paid Search,3207,172,350.92,6,589.69
2025-08-11,CMP-1008,Email,1677,38,3.59,1,77.67
2025-09-16,CMP-1017,Affiliate,601,19,16.61,0,0.0
2025-06-07,CMP-1009,Email,1096,21,2.51,3,305.7
2025-03-30,CMP-1000,Paid Search,1947,60,65.58,5,612.09
2025-07-13,CMP-1006,Paid Social,963,8,8.03,1,68.45
2025-11-04,CMP-1004,Paid Social,3642,61,69.48,3,200.5
2025-02-16,CMP-1000,Paid Search,1515,66,138.71,2,190.74
2025-11-10,CMP-1004,Paid Social,2542,25,18.42,0,0.0
2025-02-27,CMP-1018,Organic-Social,4033,67,0.0,1,56.86
2025-06-27,CMP-1002,Paid Search,751,29,35.02,2,207.38
2025-05-18,CMP-1015,Affiliate,5069,118,54.66,2,199.8
2025-11-11,CMP-1004,Paid Social,2343,36,41.93,0,0.0
2025-05-15,CMP-1004,Paid Social,1645,17,16.93,0,0.0
2025-08-01,CMP-1014,Display,1462,4,4.02,0,0.0
2025-06-01,CMP-1018,Organic Social,3121,68,0.0,0,0.0
2025-08-19,CMP-1020,Organic Social,4247,95,,4,209.98
2025-09-04,CMP-1017,Affiliate,423,15,7.92,0,0.0
2025-07-28,CMP-1014,Display,1396,8,6.35,0,0.0
2025-06-13,CMP-1011,Email,4913,169,19.7,13,1497.58
2025-02-10,CMP-1007,Paid Social,3487,63,63.87,1,77.93
2025-05-05,CMP-1016,Affiliate,1101,27,24.68,0,0.0
2025-03-06,CMP-1019,Organic Social,2439,36,0.0,1,72.15
2025-08-14,CMP-1014,Display,1428,2,1.81,0,0.0
2025-05-02,CMP-1006,Paid Social,1816,36,37.41,0,0.0
2025-02-22,CMP-1007,Paid Social,2976,31,51.76,0,0.0
2025-09-08,CMP-1017,Affiliate,697,12,12.73,1,112.92
2025-10-05,CMP-1004,Paid Social,1509,15,18.97,0,0.0
2025-07-09,CMP-1002,Paid Search,1165,71,144.98,3,349.92
2025-07-02,CMP-1006,Paid Social,1992,20,16.62,1,57.34
2025-07-07,CMP-1016,Affiliate,862,21,9.88,1,119.04
2025-03-05,CMP-1012,Display,7805,37,39.95,0,0.0
2025-02-09,CMP-1013,Display,1906,4,3.61,0,0.0
2025-06-03,CMP-1014,Display,1235,2,1.97,0,0.0
2025-06-21,CMP-1016,Affiliate,786,18,10.93,0,0.0
2025-08-30,CMP-1019,Organic Social,3211,43,0.0,1,49.03
2025-05-02,CMP-1002,Paid Search,1170,24,55.61,1,90.06
2025-10-03,CMP-1019,Organic Social,4292,110,0.0,2,103.47
2025-02-26,CMP-1018,Organic Social,4959,103,,3,277.98
2025-02-14,CMP-1016,Affiliate,1207,18,19.16,1,95.37
2025-09-24,CMP-1008,Email,1077,29,4.89,0,0.0
2025-09-21,CMP-1004,Paid Social,1138,17,26.1,0,0.0
2025-03-22,CMP-1014,Display,1122,4,2.57,0,0.0
2025-02-11,CMP-1002,Paid Search,864,31,78.94,0,0.0
2025-04-06,CMP-1000,Paid Search,1990,80,100.47,4,275.63
2025-05-07,CMP-1002,Paid Search,1158,47,68.28,3,274.03
2025-03-09,CMP-1009,Email,910,26,4.87,3,235.07
2025-02-05,CMP-1011,Email,4350,133,25.54,6,389.26
2025-10-15,CMP-1004,Paid Social,1955,31,29.42,1,80.35
2025-03-04,CMP-1002,Paid Search,832,38,68.8,4,410.61
2025-05-17,CMP-1006,Paid Social,1293,34,,1,102.86
2025-06-30,CMP-1016,Affiliate,1095,27,13.92,0,0.0
2025-02-04,CMP-1011,Email,5814,187,,11,845.08
2025-09-25,CMP-1008,Email,1280,39,3.43,6,759.61
2025-03-02,CMP-1002,Paid Search,647,37,76.83,3,199.62
2025-05-26,CMP-1015,Affiliate,6945,136,71.07,4,485.96
2025-03-16,CMP-1019,Organic Social,2100,22,0.0,0,0.0
2025-06-21,CMP-1017,Affiliate,444,15,15.7,3,395.44
2025-05-13,CMP-1011,Email,3452,160,25.99,2,188.59
2025-07-03,CMP-1009,Email,775,19,3.09,1,83.97
2025-04-20,CMP-1005,Paid Social,5106,34,59.95,0,0.0
2025-05-29,CMP-1006,Paid Social,1980,15,11.14,0,0.0
2025-04-11,CMP-1005,Paid Social,8175,135,132.93,1,99.25
2025-03-02,CMP-1011,Email,2976,67,9.47,2,250.37
2025-07-22,CMP-1003,Paid Search,1370,65,152.44,1,71.72
2025-06-08,CMP-1020,Organic Social,3065,53,0.0,1,61.79
2025-09-02,CMP-1008,Email,1484,45,5.88,4,360.72
2025-04-15,CMP-1019,Organic Social,3208,58,0.0,1,101.47
2025-07-24,CMP-1004,Paid Social,1632,12,17.64,0,0.0
2025-07-19,CMP-1006,Paid Social,1169,12,15.6,0,0.0
2025-06-09,CMP-1016,Affiliate,799,20,23.99,1,107.12
2025-01-29,CMP-1012,Display,7742,38,31.65,0,0.0
2025-04-30,CMP-1003,Paid Search,1308,66,156.46,4,477.29
2025-05-27,CMP-1010,Email,1248,47,5.4,2,212.72
2025-05-16,CMP-1019,Organic Social,4150,92,0.0,1,55.58
2025-04-09,CMP-1014,Display,1690,5,4.56,0,0.0
2025-06-11,CMP-1003,Paid Search,1167,44,85.26,1,128.62
2025-02-02,CMP-1018,Organic Social,2769,57,0.0,1,63.23
2025-03-20,CMP-1012,Display,4031,12,6.38,0,0.0
2025-07-18,CMP-1017,Affiliate,932,24,23.16,0,0.0
2025-05-16,CMP-1000,Paid Search,1719,89,185.45,3,232.8
2025-08-06,CMP-1016,Affiliate,1074,18,8.96,1,117.71
2025-09-15,CMP-1017,Affiliate,504,13,6.2,1,69.94
2025-05-18,CMP-1000,Paid Search,1947,86,136.16,11,1470.62
2025-08-08,CMP-1017,Affiliate,930,12,7.36,0,0.0
2025-07-27,CMP-1002,Paid Search,578,27,39.78,0,0.0
2025-08-02,CMP-1016,Affiliate,765,16,12.73,0,0.0
2025-03-15,CMP-1005,Paid Social,4036,39,27.88,1,82.35
2025-06-07,CMP-1000,Paid Search,1841,85,91.66,5,513.69
2025-05-06,CMP-1008,Email,1359,35,3.08,1,92.74
2025-06-02,CMP-1004,Paid Social,1458,22,17.34,0,0.0
2025-07-24,CMP-1020,Organic Social,3354,48,0.0,1,92.12
2025-06-04,CMP-1014,Display,1161,4,2.74,0,0.0
2025-09-18,CMP-1017,Affiliate,697,20,8.48,0,0.0
2025-05-23,CMP-1017,Affiliate,819,16,10.74,0,0.0
2025-05-23,CMP-1006,Paid Social,2644,31,21.19,0,0.0
2025-04-22,CMP-1019,Organic Social,3140,29,0.0,0,0.0
2025-05-31,CMP-1003,Paid Search,1077,31,31.28,1,135.04
2025-07-05,CMP-1002,Paid Search,1046,33,39.34,0,0.0
2025-03-02,CMP-1016,Affiliate,707,16,11.34,0,0.0
2025-09-09,CMP-1016,Affiliate,880,15,14.16,0,0.0
2025-08-23,CMP-1016,Affiliate,592,17,7.56,0,0.0
2025-08-31,CMP-1008,Email,787,31,3.43,1,67.6
2025-04-14,CMP-1020,Organic Social,3093,60,0.0,1,49.34
2025-09-20,CMP-1008,Email,967,32,5.08,3,234.15
2025-03-18,CMP-1006,Paid Social,1125,11,8.64,0,0.0
2025-04-26,CMP-1020,Organic Social,2345,33,,1,52.81
2025-08-03,CMP-1019,Organic Social,3003,31,0.0,0,0.0
2025-08-11,CMP-1014,Display,1729,3,1.49,0,0.0
2025-06-14,CMP-1003,Paid Search,923,47,108.33,0,0.0
2025-02-28,CMP-1014,Display,1234,4,1.44,0,0.0
2025-05-30,CMP-1000,Paid Search,2374,114,239.84,5,509.97
2025-05-20,CMP-1004,Paid Social,2005,26,18.61,2,199.47
2025-07-07,CMP-1020,Organic Social,2971,69,0.0,1,83.37
2025-04-05,CMP-1002,Paid Search,814,26,45.04,1,95.71
2025-09-12,CMP-1003,Paid Search,1392,73,162.85,4,328.8
2025-07-08,CMP-1019,Organic Social,4152,74,0.0,1,44.31
2025-07-15,CMP-1004,Paid Social,1827,8,5.87,0,0.0
2025-07-18,CMP-1006,Paid Social,2187,36,33.48,0,0.0
2025-02-16,CMP-1002,Paid Search,716,22,20.14,2,180.65
2025-03-02,CMP-1001,Paid Search,2637,57,69.33,3,241.52
2025-05-28,CMP-1008,Email,1050,34,6.37,1,78.86
2025-06-18,CMP-1010,Email,1701,37,5.01,2,201.26
2025-03-26,CMP-1009,Email,1099,31,5.95,2,130.55
2025-03-13,CMP-1013,Display,1899,7,4.37,0,0.0
2025-05-15,CMP-1019,Organic Social,3403,97,0.0,3,179.28
2025-05-06,CMP-1014,Display,1531,4,3.65,0,0.0
2025-04-27,CMP-1001,Paid Search,3220,178,282.11,5,573.95
2025-06-14,CMP-1009,Email,934,19,2.97,1,79.13
2025-04-27,CMP-1003,Paid Search,947,39,40.07,2,228.18
2025-06-16,CMP-1004,Paid Social,1264,14,24.78,0,0.0
2025-03-30,CMP-1013,Display,1579,7,4.75,0,0.0
2025-02-28,CMP-1007,Paid Social,3828,48,29.2,1,54.27
2025-06-19,CMP-1020,Organic Social,4454,100,0.0,0,0.0
2025-04-12,CMP-1001,Paid Search,3859,147,139.18,8,505.28
2025-05-22,CMP-1016,Affiliate,672,20,14.43,0,0.0
2025-05-04,CMP-1018,organic social,3413,68,0.0,2,117.41
2025-06-15,CMP-1010,Email,737,23,1.47,1,125.31
2025-03-28,CMP-1002,Paid Search,940,30,31.34,0,0.0
2025-05-05,CMP-1013,Display,1405,11,10.82,0,0.0
2025-06-12,CMP-1013,Display,2199,4,3.69,0,0.0
2025-04-27,CMP-1004,Paid Social,763,11,12.9,1,83.57
2025-04-17,CMP-1003,Paid Search,1239,64,114.73,2,151.6
2025-08-28,CMP-1004,Paid Social,1577,15,16.67,0,0.0
2025-02-28,CMP-1012,Display,7518,18,8.34,2,112.1
2025-04-21,CMP-1008,Email,1283,65,5.53,3,283.1
2025-07-15,CMP-1014,Display,1583,6,6.44,0,0.0
2025-04-09,CMP-1009,Email,1203,29,3.68,2,160.09
2025-04-22,CMP-1014,Display,1569,7,3.94,1,81.97
2025-06-14,CMP-1017,Affiliate,701,17,13.26,0,0.0
2025-01-20,CMP-1016,Affiliate,1063,23,25.62,0,0.0
2025-09-17,CMP-1017,Affiliate,785,15,16.6,0,0.0
2025-05-17,CMP-1018,Organic Social,4243,43,0.0,0,0.0
2025-09-19,CMP-1019,Organic Social,4462,95,0.0,1,56.7
2025-04-04,CMP-1008,Email,863,41,4.13,5,555.0
2025-03-29,CMP-1013,Display,2018,7,3.77,0,0.0
2025-03-23,CMP-1009,Email,812,32,,4,474.79
2025-05-10,CMP-1001,Paid Search,3924,179,396.3,7,430.33
2025-05-23,CMP-1010,Email,1721,60,10.55,3,328.88
2025-07-14,CMP-1006,Paid Social,1881,27,43.69,0,0.0
2025-05-08,CMP-1008,Email ,1407,35,3.69,4,233.17
2025-11-06,CMP-1008,Email,1943,50,8.55,2,111.45
2025-05-19,CMP-1001,Paid Search,2734,140,,6,743.51
2025-01-26,CMP-1011,Email,4552,178,20.76,10,1224.64
2025-02-15,CMP-1018,Organic Social,4110,60,0.0,3,157.06
2025-07-25,CMP-1019,Organic Social,4213,88,0.0,0,0.0
2025-04-12,CMP-1017,Affiliate,578,11,4.59,0,0.0
2025-06-14,CMP-1004,Paid Social,1763,16,26.82,0,0.0
2025-02-09,CMP-1018,Organic Social,3888,89,0.0,1,67.88
2025-04-28,CMP-1004,Paid Social,1606,19,13.69,0,0.0
2025-07-14,CMP-1014,Display,1572,8,4.45,1,95.28
2025-04-12,CMP-1019,Organic Social,2362,26,0.0,1,87.91
2025-04-30,CMP-1005,Paid Social,8499,87,127.6,4,235.14
2025-08-05,CMP-1016,Affiliate,830,22,19.25,1,136.06
2025-04-20,CMP-1017,Affiliate,580,11,7.91,0,0.0
2025-04-09,CMP-1016,Affiliate,836,17,9.0,0,0.0
2025-05-24,CMP-1000,PPC,1895,124,197.7,5,461.92
2025-03-29,CMP-1000,Paid Search,1692,90,118.84,7,748.64
2025-04-12,CMP-1010,Email,781,34,2.95,3,266.79
2025-05-18,CMP-1010,Email,1143,32,3.46,1,91.01
2025-07-15,CMP-1008,Email,1410,42,5.75,2,108.87
2025-11-17,CMP-1008,Email,2299,71,14.09,6,693.0
2025-03-16,CMP-1002,Paid Search,730,35,71.18,4,333.7
2025-03-20,CMP-1019,Organic Social,3607,98,0.0,1,65.93
2025-10-22,CMP-1008,Email,944,27,5.12,2,115.41
2025-04-19,CMP-1008,Email,994,35,1.96,2,183.88
2025-09-05,CMP-1008,Email,1795,84,10.27,3,196.37
2025-04-03,CMP-1006,Paid Social,2025,29,41.07,0,0.0
2025-03-06,CMP-1012,Display,6454,17,9.6,0,0.0
2025-09-02,CMP-1017,Affiliate,1054,22,17.58,0,0.0
2025-05-01,CMP-1002,Paid Search,822,32,35.13,3,201.55
2025-06-01,CMP-1009,Email,879,23,3.12,0,0.0
2025-08-04,CMP-1020,Organic Social,4260,79,0.0,1,68.63
2025-03-01,CMP-1011,Email,3691,115,12.95,9,718.22
2025-01-21,CMP-1012,Display,6377,27,26.07,0,0.0
2025-04-18,CMP-1019,Organic Social,3149,80,0.0,2,109.77
2025-03-24,CMP-1018,Organic Social,4593,78,0.0,1,63.21
2025-03-01,CMP-1016,Affiliate,609,8,7.81,0,0.0
2025-04-25,CMP-1011,Email,4652,164,,9,870.93
2025-10-07,CMP-1019,Organic Social,3974,66,0.0,4,227.05
2025-03-05,CMP-1001,Paid Search,3628,226,390.72,3,430.96
2025-08-24,CMP-1008,Email,1143,30,4.12,1,89.12
2025-10-11,CMP-1008,Email,850,26,3.82,1,114.26
2025-04-06,CMP-1014,Display,1008,3,1.45,0,0.0
2025-04-02,CMP-1020,Organic Social,3463,50,0.0,0,0.0
2025-02-03,CMP-1013,Display,2045,6,2.38,0,0.0
2025-08-09,CMP-1017,Affiliate,563,1,1.12,0,0.0
2025-04-24,CMP-1010,Email,1497,63,10.84,5,458.76
2025-06-13,CMP-1000,Paid Search,1834,91,86.64,7,689.19
2025-02-16,CMP-1013,Display,2084,5,3.6,0,0.0
2025-03-15,CMP-1006,Paid Social,1390,21,19.05,1,91.57
2025-04-18,CMP-1000,Paid Search,2198,135,,5,770.45
2025-05-17,CMP-1013,Display,2064,7,5.21,0,0.0
2025-03-28,CMP-1009,Email,1352,21,2.65,2,167.51
2025-06-10,CMP-1002,Paid Search,938,34,68.1,3,261.36
2025-03-07,CMP-1010,Email,1203,39,3.14,6,606.54
2025-08-20,CMP-1019,Organic Social,3162,32,0.0,2,157.75
2025-02-17,CMP-1017,Affiliate,675,7,5.08,0,0.0
2025-04-28,CMP-1016,Affiliate,941,27,14.09,3,358.61
2025-05-13,CMP-1004,Paid Social,1583,12,15.21,1,80.42
2025-05-15,CMP-1011,Email,5582,132,14.63,12,1215.89
2025-07-01,CMP-1000,Paid Search,1989,93,128.74,7,557.64
2025-05-18,CMP-1006,Paid Social,1288,29,25.32,0,0.0
2025-09-07,CMP-1003,Paid Search,959,26,42.42,1,106.21
2025-03-01,CMP-1014,Display,1609,6,2.96,0,0.0
2025-03-21,CMP-1017,Affiliate,650,13,12.11,0,0.0
2025-07-14,CMP-1019,Organic Social,3737,60,0.0,0,0.0
2025-04-23,CMP-1002,Paid Search,1079,70,98.69,1,83.1
2025-04-08,CMP-1016,Affiliate,766,14,,1,120.89
2025-02-05,CMP-1016,Affiliate,930,18,13.73,1,92.9
2025-06-11,CMP-1000,Paid Search,2467,166,166.43,10,737.85
2025-05-14,CMP-1009,Email,1136,32,6.12,0,0.0
2025-06-27,CMP-1003,Paid Search,1408,63,66.66,3,203.79
2025-04-13,CMP-1019,Organic Social,3084,86,0.0,1,71.83
2025-09-01,CMP-1004,Paid Social,1220,16,23.65,0,0.0
2025-05-13,CMP-1014,Display,1661,5,5.32,0,0.0
2025-03-31,CMP-1001,Paid Search,3765,164,160.33,13,1046.73
2025-03-22,CMP-1017,Affiliate,701,7,7.84,0,0.0
2025-05-09,CMP-1010,Email,1053,24,3.16,2,225.67
2025-05-01,CMP-1004,Paid Social,1982,16,12.78,0,0.0
2025-02-26,CMP-1000,Paid Search,1659,71,147.3,2,171.76
2025-07-09,CMP-1003,Paid Search,1011,44,104.94,3,239.6
2025-05-21,CMP-1018,Organic Social,4745,123,0.0,5,391.93
2025-05-05,CMP-1014,Display,1229,5,5.49,0,0.0
2025-04-19,CMP-1018,Organic Social,3195,81,0.0,0,0.0
2025-05-08,CMP-1002,Paid Search,1231,80,178.53,5,555.87
2025-05-25,CMP-1008,Email,740,19,2.84,2,253.36
2025-09-24,CMP-1019,Organic Social,4276,63,0.0,2,155.01
2025-06-06,CMP-1011,EMAIL,6338,150,15.7,6,540.76
2025-07-22,CMP-1008,Email,1362,40,2.26,1,52.53
2025-01-31,CMP-1013,Display,1632,2,1.49,0,0.0
2025-09-11,CMP-1016,Affiliate,604,9,10.07,0,0.0
2025-02-06,CMP-1016,Affiliate,792,23,10.81,2,187.2
2025-04-11,CMP-1020,Organic Social,4337,118,0.0,1,49.04
2025-08-01,CMP-1017,Affiliate,701,12,7.44,1,109.59
2025-02-24,CMP-1017,Affiliate,839,23,12.21,1,147.22
2025-04-01,CMP-1017,Affiliate,814,20,20.73,0,0.0
2025-09-16,CMP-1008,Email,1330,22,4.22,0,0.0
2025-03-08,CMP-1014,Display,830,2,2.17,0,0.0
2025-03-29,CMP-1010,Email,784,14,2.61,1,102.7
2025-03-15,CMP-1002,Paid Search,854,51,53.56,2,142.92
2025-07-15,CMP-1017,Affiliate,645,12,5.54,0,0.0
2025-03-31,CMP-1006,Paid Social,2277,31,32.91,2,183.29
2025-08-02,CMP-1003,Paid Search,899,28,35.01,1,100.69
2025-10-23,CMP-1004,paid_social,1555,21,34.78,0,0.0
2025-02-10,CMP-1002,Paid Search,1319,54,80.41,1,92.23
2025-09-27,CMP-1019,Organic Social,2822,40,0.0,1,89.06
2025-07-14,CMP-1009,Email,1455,29,4.57,0,0.0
2025-04-04,CMP-1006,Paid Social,1928,10,6.23,0,0.0
2025-10-08,CMP-1017,Affiliate,834,9,5.62,0,0.0
2025-05-29,CMP-1011,Email,4207,153,25.48,15,1890.41
2025-04-20,CMP-1002,Paid Search,546,24,48.61,2,286.3
2025-10-14,CMP-1004,Paid Social,1265,18,13.35,0,0.0
2025-05-14,CMP-1014,Display,1488,3,2.99,0,0.0
2025-05-26,CMP-1010,Email,796,18,3.1,1,98.03
2025-07-06,CMP-1008,Email,876,25,2.0,3,207.11
2025-06-16,CMP-1008,Email,1455,48,3.94,3,247.93
2025-03-03,CMP-1018,Organic Social,4134,67,0.0,2,116.27
2025-04-01,CMP-1000,Paid Search,2740,74,180.34,6,430.87
2025-02-05,CMP-1002,Paid Search,850,39,92.87,2,233.55
2025-05-17,CMP-1019,Organic Social,2335,46,0.0,0,0.0
2025-05-07,CMP-1019,Organic Social,2665,27,0.0,0,0.0
2025-06-13,CMP-1004,Paid Social,1665,21,23.46,0,0.0
2025-03-20,CMP-1006,Paid Social,1577,30,47.29,0,0.0
2025-04-09,CMP-1019,Organic Social,4015,83,,1,60.76
2025-04-30,CMP-1006,Paid Social,1774,34,44.23,1,41.29
2025-03-10,CMP-1016,Affiliate,1006,22,16.59,0,0.0
2025-07-09,CMP-1008,Email,1138,45,2.76,5,488.28
2025-02-25,CMP-1014,Display,1513,4,3.5,0,0.0
2025-05-08,CMP-1019,Organic Social,4387,69,0.0,2,145.27
2025-07-04,CMP-1008,Email,1088,34,3.14,1,103.02
2025-02-10,CMP-1013,Display,1772,3,2.34,0,0.0
2025-03-30,CMP-1007,Paid Social,2331,33,34.77,0,0.0
2025-06-18,CMP-1016,Affiliate,807,25,20.76,2,191.86
2025-03-20,CMP-1005,Paid Social,7268,53,88.05,4,270.14
2025-04-26,CMP-1014,Display,993,5,4.17,0,0.0
2025-08-19,CMP-1016,Affiliate,970,35,,2,194.96
2025-02-01,CMP-1016,Affiliate,656,9,5.31,0,0.0
2025-07-01,CMP-1016,Affiliate,697,8,8.31,0,0.0
2025-08-07,CMP-1016,Affiliate ,705,14,13.52,0,0.0
2025-06-21,CMP-1003,Paid Search,764,46,51.55,6,689.24
2025-08-02,CMP-1004,Paid Social,1108,24,41.52,0,0.0
2025-02-20,CMP-1013,Display,2065,10,4.34,0,0.0
2025-07-13,CMP-1017,Affiliate,425,6,5.79,0,0.0
2025-04-12,CMP-1008,EMAIL,1063,32,3.03,0,0.0
2025-02-26,CMP-1007,Paid Social,3515,23,28.42,0,0.0
2025-06-22,CMP-1008,Email,947,37,4.22,2,132.26
2025-01-28,CMP-1013,Display,2192,10,8.54,0,0.0
2025-06-05,CMP-1019,organic social,3832,66,0.0,0,0.0
2025-02-19,CMP-1009,Email,1338,49,3.98,1,81.59
2025-05-22,CMP-1003,Paid Search,1223,51,128.12,0,0.0
2025-04-08,CMP-1007,Paid Social,4323,74,81.21,0,0.0
2025-10-04,CMP-1004,Paid Social,1199,8,8.88,0,0.0
2025-07-09,CMP-1006,Paid Social,1708,17,16.59,0,0.0
2025-10-06,CMP-1004,Paid Social,1380,24,22.46,0,0.0
2025-05-12,CMP-1018,Organic Social,4682,76,0.0,1,91.23
2025-07-18,CMP-1019,Organic Social,3760,67,0.0,0,0.0
2025-06-04,CMP-1017,Affiliate,895,20,14.63,0,0.0
2025-05-01,CMP-1016,Affiliate,1143,18,20.86,1,71.85
2025-06-05,CMP-1006,Paid Social,1679,24,26.26,0,0.0
2025-05-01,CMP-1009,Email,1136,35,5.99,2,107.57
2025-03-27,CMP-1007,Paid Social,3291,41,29.71,0,0.0
2025-07-12,CMP-1009,Email,1145,34,1.73,3,384.46
2025-06-13,CMP-1016,Affiliate ,760,15,7.51,3,428.84
2025-05-18,CMP-1009,Email,1098,20,3.13,2,128.86
2025-07-04,CMP-1004,Paid Social,1377,24,34.32,1,79.75
2025-05-21,CMP-1006,Paid Social,1501,24,20.7,1,47.88
2025-06-14,CMP-1014,Display,823,1,1.0,0,0.0
2025-07-22,CMP-1004,Paid Social,1543,33,41.0,0,0.0
2025-04-27,CMP-1017,Affiliate,593,11,8.33,0,0.0
2025-06-21,CMP-1014,Display,1183,3,3.13,0,0.0
2025-08-29,CMP-1016,Affiliate,827,16,11.55,0,0.0
2025-03-13,CMP-1012,Display,7981,42,26.41,0,0.0
2025-05-19,CMP-1009,Email,1117,31,5.26,2,156.69
2025-01-23,CMP-1013,Display,2255,12,8.87,0,0.0
2025-06-25,CMP-1009,Email,1204,23,3.11,0,0.0
2025-06-02,CMP-1008,Email,1094,21,2.18,2,198.45
2025-02-19,CMP-1012,Display,6684,29,10.62,0,0.0
2025-03-22,CMP-1011,Email,3978,127,21.25,13,1181.12
2025-07-05,CMP-1006,Paid Social,1310,15,12.5,0,0.0
2025-05-25,CMP-1010,Email,930,42,6.43,2,124.01
2025-02-26,CMP-1009,Email,1284,20,3.2,2,321.36
2025-05-01,CMP-1007,Paid Social,2672,34,58.94,2,140.91
2025-04-28,CMP-1007,Paid Social,3936,59,55.29,1,88.0
2025-05-26,CMP-1017,Affiliate,685,13,8.07,0,0.0
2025-07-04,CMP-1006,Paid Social,2149,41,55.68,0,0.0
2025-06-14,CMP-1000,Paid Search,1576,102,263.06,4,474.95
2025-06-15,CMP-1014,Display,850,2,2.08,0,0.0
2025-04-12,CMP-1013,Display,1623,11,6.47,0,0.0
2025-07-14,CMP-1002,Paid Search,1106,46,67.11,5,730.9
2025-03-15,CMP-1009,Email,915,31,1.63,2,175.95
2025-04-30,CMP-1015,Affiliate,7501,92,63.18,2,164.05
2025-04-26,CMP-1019,Organic Social,3068,59,0.0,0,0.0
2025-04-06,CMP-1003,Paid Search,732,25,37.63,3,242.25
2025-06-14,CMP-1020,Organic Social,3038,58,0.0,1,44.5
2025-01-26,CMP-1013,Display,2384,7,6.5,0,0.0
2025-05-10,CMP-1008,Email,993,20,2.8,0,0.0
2025-04-02,CMP-1000,Paid Search,2708,164,405.93,4,550.54
2025-05-13,CMP-1001,Paid Search,2732,95,125.33,8,511.46
2025-05-14,CMP-1001,Paid Search,4209,185,237.38,10,1186.14
2025-06-24,CMP-1004,Paid Social,1773,17,30.58,0,0.0
2025-05-22,CMP-1013,Display,2254,4,2.18,0,0.0
2025-09-26,CMP-1008,Email,1254,52,9.58,2,167.25
2025-04-02,CMP-1001,Paid Search,4588,186,260.2,6,700.24
2025-02-20,CMP-1014,Display,1299,1,0.46,0,0.0
2025-08-11,CMP-1019,Organic Social,3791,101,0.0,1,110.15
2025-04-25,CMP-1001,Paid Search,4660,258,271.06,10,923.46
2025-04-26,CMP-1011,Email,4244,139,10.03,8,614.52
2025-08-30,CMP-1004,Paid Social,1107,8,11.23,0,0.0
2025-04-06,CMP-1010,Email,1192,22,2.53,2,161.27
2025-05-31,CMP-1020,Organic Social,3486,55,0.0,0,0.0
2025-07-02,CMP-1017,Affiliate,917,15,10.71,1,115.64
2025-03-29,CMP-1006,Paid Social,1096,17,14.7,0,0.0
2025-04-12,CMP-1011,Email,3254,137,13.4,6,446.55
2025-03-06,CMP-1017,Affiliate,595,14,15.15,0,0.0
2025-04-18,CMP-1001,Paid Search,2785,153,325.53,8,995.59
2025-07-10,CMP-1000,Paid Search,2728,116,168.36,17,1687.84
2025-02-20,CMP-1019,Organic Social,1814,27,0.0,0,0.0
2025-06-26,CMP-1020,Organic Social,4924,90,0.0,2,188.75
2025-10-05,CMP-1008,Email,801,22,4.13,3,317.64
2025-08-02,CMP-1017,Affiliate,752,18,15.18,1,151.94
2025-06-02,CMP-1003,Paid Search,1036,38,79.68,1,120.99
2025-07-04,CMP-1020,Organic Social,4135,132,0.0,2,125.28
2025-04-16,CMP-1013,Display,1452,7,3.15,0,0.0
2025-04-09,CMP-1003,Paid Search,1007,52,68.09,1,82.2
2025-06-01,CMP-1006,Paid Social,1339,8,7.84,1,116.77
2025-08-23,CMP-1017,Affiliate,417,13,10.28,0,0.0
2025-03-30,CMP-1001,Paid Search,2751,101,254.11,8,939.96
2025-07-31,CMP-1014,Display,1570,15,14.56,0,0.0
2025-06-03,CMP-1011,Email,6154,162,9.2,8,903.21
2025-06-18,CMP-1003,Paid Search,1182,52,55.81,2,231.89
2025-02-27,CMP-1017,Affiliate,793,15,6.58,0,0.0
2025-03-30,CMP-1011,Email,4005,133,26.42,8,1035.78
2025-04-28,CMP-1006,paid social ,1615,9,12.87,0,0.0
2025-05-20,CMP-1008,Email,1353,28,5.53,1,121.19
2025-04-18,CMP-1002,Paid-Search,833,19,31.4,2,235.93
2025-06-12,CMP-1002,Paid Search,1243,43,80.06,1,77.22
2025-04-27,CMP-1005,Paid Social,5605,49,51.17,3,223.81
2025-11-15,CMP-1004,Paid Social,1728,28,20.19,0,0.0
2025-09-06,CMP-1004,paid_social,1308,11,11.58,0,0.0
2025-04-02,CMP-1017,Affiliate,587,17,7.7,0,0.0
2025-04-29,CMP-1009,Email,1453,44,4.88,4,441.6
2025-04-22,CMP-1013,Display,2427,11,10.31,0,0.0
2025-07-21,CMP-1006,Paid Social,1980,27,43.27,1,106.65
2025-05-11,CMP-1020,Organic Social,2014,39,0.0,1,59.38
2025-03-24,CMP-1016,Affiliate,1069,26,11.56,1,81.33
2025-09-23,CMP-1003,Paid Search,1669,94,190.99,7,964.18
2025-05-22,CMP-1017,Affiliate,570,9,10.41,1,71.74
2025-06-24,CMP-1019,Organic Social,3696,62,0.0,1,74.93
2025-08-20,CMP-1004,Paid Social,1772,24,36.97,0,0.0
2025-07-22,CMP-1019,Organic Social,3276,68,0.0,0,0.0
2025-09-19,CMP-1003,Paid Search,1385,42,65.22,2,147.41
2025-07-16,CMP-1002,Paid Search,1050,53,123.06,2,206.05
2025-02-28,CMP-1000,Paid Search,2517,110,129.22,1,73.89
2025-01-19,CMP-1016,Affiliate ,836,24,28.0,1,67.79
2025-03-14,CMP-1009,Email,1235,24,2.78,2,252.56
2025-05-27,CMP-1006,Paid Social,1682,28,45.79,1,51.22
2025-04-26,CMP-1009,Email,776,30,3.98,1,76.63
2025-05-13,CMP-1018,Organic Social,2928,60,0.0,0,0.0
2025-05-17,CMP-1010,Email,944,23,1.89,1,98.97
2025-05-31,CMP-1013,Display,1889,5,4.13,0,0.0
2025-05-25,CMP-1001,Paid Search,2668,164,,13,1356.66
2025-08-17,CMP-1016,Affiliate,602,7,5.97,0,0.0
2025-03-02,CMP-1013,Display,1506,1,0.62,0,0.0
2025-05-31,CMP-1014,Display,1421,3,1.42,0,0.0
2025-05-15,CMP-1018,Organic Social,2923,54,0.0,1,88.41
2025-10-03,CMP-1008,Email,1311,45,5.36,3,400.8
2025-07-26,CMP-1000,Paid Search,2081,76,177.04,8,989.1
2025-10-20,CMP-1004,Paid Social,1447,19,28.79,1,90.98
2025-10-10,CMP-1004,Paid Social,1502,24,43.07,0,0.0
2025-06-01,CMP-1020,Organic Social,2505,66,0.0,0,0.0
2025-01-30,CMP-1013,Display,2195,11,10.94,0,0.0
2025-10-09,CMP-1019,Organic Social,2558,39,0.0,2,173.03
2025-08-17,CMP-1003,Paid Search,1096,49,105.78,2,282.6
2025-05-24,CMP-1015,Affiliate,4241,88,64.67,3,435.09
2025-06-16,CMP-1003,Paid Search,1544,88,97.94,5,654.93
2025-08-07,CMP-1014,Display,931,5,3.08,0,0.0
2025-06-20,CMP-1010,Email,1295,36,5.72,4,462.17
2025-04-04,CMP-1018,Organic Social,4802,111,0.0,0,0.0
2025-04-04,CMP-1017,Affiliate,421,7,7.18,0,0.0
2025-04-13,CMP-1006,Paid Social,1452,12,13.86,0,0.0
2025-08-27,CMP-1020,Organic Social,3520,73,0.0,2,118.23
2025-06-06,CMP-1014,Display,1389,7,2.88,0,0.0
2025-02-28,CMP-1018,Organic Social,4433,74,0.0,1,60.93
2025-07-16,CMP-1000,Paid Search,2119,132,209.23,7,879.52
2025-03-14,CMP-1006,Paid Social,1977,17,20.13,0,0.0
2025-09-29,CMP-1004,Paid Social,1477,15,17.95,1,98.35
2025-11-02,CMP-1004,Paid Social,2049,20,14.6,0,0.0
2025-06-01,CMP-1017,affiliates,601,9,5.9,1,106.84
2025-03-30,CMP-1018,Organic Social,3104,38,0.0,0,0.0
2025-06-03,CMP-1014,Display,1235,2,1.97,0,0.0
2025-06-11,CMP-1017,Affiliate,621,12,11.17,0,0.0
2025-07-15,CMP-1016,Affiliate,630,13,12.41,0,0.0
2025-08-14,CMP-1020,Organic Social,3050,63,0.0,0,0.0
2025-05-19,CMP-1006,Paid Social,1815,21,24.09,0,0.0
2025-08-13,CMP-1020,Organic Social,5012,94,0.0,0,0.0
2025-04-03,CMP-1001,Paid Search,3618,130,226.07,5,438.13
2025-04-05,CMP-1003,Paid Search,830,42,103.32,4,284.68
2025-07-21,CMP-1004,Paid Social,1597,20,24.43,0,0.0
2025-06-29,CMP-1004,Paid Social,1324,12,19.09,0,0.0
2025-04-18,CMP-1020,Organic Social,3380,55,0.0,1,58.57
2025-10-16,CMP-1004,Paid Social,1251,13,15.88,1,85.69
2025-02-19,CMP-1017,Affiliate,529,14,14.26,1,138.91
2025-04-17,CMP-1010,Email,1414,19,2.03,0,0.0
2025-05-30,CMP-1011,e-mail,5661,158,17.41,7,711.48
2025-04-02,CMP-1011,Email,6969,192,22.53,12,718.22
2025-05-02,CMP-1000,Paid Search,2342,95,123.97,6,741.85
2025-06-03,CMP-1006,Paid Social,1727,24,24.31,0,0.0
2025-03-22,CMP-1002,Paid Search,1050,44,110.04,3,302.97
2025-03-25,CMP-1006,Paid Social,2220,24,29.33,0,0.0
2025-05-19,CMP-1018,Organic Social,4622,99,0.0,0,0.0
2025-04-28,CMP-1011,Email,4412,142,23.71,6,548.13
2025-08-28,CMP-1019,Organic Social,3388,63,0.0,1,88.92
2025-05-19,CMP-1020,Organic Social,3832,74,0.0,1,57.68
2025-09-04,CMP-1019,Organic Social,3577,53,0.0,0,0.0
2025-01-24,CMP-1018,Organic Social,4283,55,0.0,5,393.06
2025-04-22,CMP-1010,Email,978,61,4.07,7,632.79
2025-10-13,CMP-1017,Affiliate,721,18,9.52,0,0.0
2025-02-24,CMP-1009,Email,1107,40,5.19,2,281.75
2025-07-30,CMP-1016,Affiliate,1115,20,23.84,1,155.54
2025-03-27,CMP-1017,Affiliate,756,13,10.21,0,0.0
2025-03-16,CMP-1014,Display,1159,5,3.74,0,0.0
2025-07-24,CMP-1003,Paid Search,798,45,92.86,3,216.27
2025-04-28,CMP-1001,Paid Search,3731,221,377.9,22,2086.94
2025-05-22,CMP-1018,Organic Social,4019,70,0.0,1,51.23
2025-04-17,CMP-1016,Affiliate,828,23,18.2,1,80.86
2025-06-18,CMP-1000,Paid Search,2282,120,142.63,4,387.49
2025-04-03,CMP-1013,Display,1516,6,4.69,0,0.0
2025-05-12,CMP-1015,Affiliate,8501,187,191.26,6,594.81
2025-05-29,CMP-1010,Email,1180,25,3.73,3,337.53
2025-04-13,CMP-1010,Email,724,36,5.37,4,373.15
2025-09-02,CMP-1004,Paid Social,1305,20,29.28,0,0.0
2025-04-16,CMP-1015,Affiliate,6240,153,102.49,6,792.64
2025-02-26,CMP-1014,Display,1075,6,4.74,0,0.0
2025-06-26,CMP-1006,Paid Social,1717,17,14.61,0,0.0
2025-05-12,CMP-1014,Display,1490,4,4.17,0,0.0
2025-04-04,CMP-1002,Paid Search,1214,55,91.95,1,140.81
2025-05-19,CMP-1014,Display,1608,6,5.21,0,0.0
2025-02-09,CMP-1011,Email,3991,72,8.78,2,197.35
2025-08-31,CMP-1016,Affiliate,670,10,10.54,0,0.0
2025-02-23,CMP-1009,Email,853,29,1.72,2,130.71
2025-05-02,CMP-1013,Display,1603,5,5.37,0,0.0
2025-11-26,CMP-1008,Email,1715,50,5.05,4,276.49
2025-10-11,CMP-1004,Paid Social,1090,5,8.21,0,0.0
2025-04-02,CMP-1004,Paid Social,1815,26,40.59,1,57.62
2025-01-25,CMP-1011,Email,3916,111,10.04,7,766.42
2025-06-08,CMP-1004,Paid Social,1209,13,22.57,0,0.0
2025-08-13,CMP-1000,Paid Search,2380,124,277.22,9,738.03
2025-10-21,CMP-1008,Email,580,28,5.1,3,215.87
2025-03-12,CMP-1011,Email,5866,105,15.13,8,613.46
2025-05-26,CMP-1011,Email,6038,190,26.83,8,1222.52
2025-08-04,CMP-1016,Affiliate,754,11,10.09,0,0.0
2025-03-13,CMP-1016,Affiliate,775,11,10.18,1,144.67
2025-03-17,CMP-1011,Email,5728,243,30.05,10,852.16
2025-09-07,CMP-1004,Paid Social,1081,14,15.33,1,72.79
2025-06-10,CMP-1014,Display,1466,6,2.82,0,0.0
2025-06-02,CMP-1000,Paid Search,1771,125,204.37,7,683.35
2025-03-19,CMP-1011,Email,5368,172,11.31,10,657.02
2025-07-12,CMP-1016,Affiliate,551,3,3.37,0,0.0
2025-03-05,CMP-1006,Paid Social,1393,13,7.46,0,0.0
2025-02-15,CMP-1007,Paid Social,2902,30,50.46,1,124.05
2025-06-05,CMP-1004,Paid Social,1078,20,32.06,0,0.0
2025-05-25,CMP-1000,Paid Search,1565,87,149.38,5,590.81
2025-05-24,CMP-1008,Email,1031,33,2.15,4,523.62
2025-07-19,CMP-1014,Display,1236,10,10.64,0,0.0
2025-03-11,CMP-1014,Display,1714,6,5.91,0,0.0
2025-04-28,CMP-1015,Affiliate,6414,118,85.93,6,668.83
2025-04-02,CMP-1003,Paid Search,944,26,30.47,0,0.0
2025-05-04,CMP-1016,Affiliate,680,16,13.8,1,112.49
2025-05-13,CMP-1010,Email,1548,33,5.29,1,81.85
2025-03-10,CMP-1001,Paid Search,3392,121,264.56,6,789.63
2025-05-11,CMP-1017,Affiliate,466,6,6.76,0,0.0
2025-07-31,CMP-1003,Paid Search,1425,44,47.59,1,80.16
2025-03-01,CMP-1002,Paid Search,793,38,60.81,2,151.26
2025-05-23,CMP-1002,Paid Search,885,46,88.79,2,302.18
2025-08-04,CMP-1019,Organic Social,4967,33,0.0,0,0.0
2025-02-08,CMP-1012,Display,4283,13,5.2,0,0.0
2025-05-16,CMP-1006,Paid Social,1728,11,14.56,0,0.0
2025-06-03,CMP-1017,Affiliate,581,20,19.75,1,120.97
2025-11-13,CMP-1008,Email,2501,71,4.07,12,1725.7
2025-09-28,CMP-1008,Email,1288,38,3.31,3,226.88
2025-05-08,CMP-1015,Affiliate,6170,99,83.12,3,408.89
2025-04-03,CMP-1004,Paid Social,1472,12,20.55,1,54.3
2025-06-25,CMP-1008,Email,1285,40,4.7,5,303.84
2025-04-22,CMP-1004,Paid Social,1302,14,15.76,1,73.99
2025-04-21,CMP-1020,Organic Social,3595,73,0.0,2,68.56
2025-09-24,CMP-1004,Paid Social,1302,17,10.73,1,102.41
2025-04-15,CMP-1008,Email,1139,56,3.76,5,291.28
2025-04-09,CMP-1010,Email,1441,22,2.46,1,51.23
2025-01-15,CMP-1011,Email,5541,113,12.12,1,107.04
2025-07-23,CMP-1002,Paid Search,967,25,22.51,0,0.0
2025-05-01,CMP-1008,Email,1263,45,8.4,6,334.97
2025-04-19,CMP-1016,Affiliate,359,4,2.84,0,0.0
2025-08-16,CMP-1019,Organic Social,3022,47,0.0,1,56.26
2025-05-26,CMP-1009,Email,1149,50,5.31,1,119.37
2025-08-22,CMP-1004,Paid Social,1406,24,30.25,0,0.0
2025-07-26,CMP-1006,Paid Social,1231,18,20.82,0,0.0
2025-03-15,CMP-1011,Email,3857,131,13.54,18,1939.99
2025-09-11,CMP-1003,Paid Search,1201,50,62.1,0,0.0
2025-05-09,CMP-1009,Email,1056,41,6.35,1,75.84
2025-01-19,CMP-1013,Display,2206,11,6.97,0,0.0
2025-02-02,CMP-1016,Affiliate,620,16,18.78,1,93.8
2025-07-11,CMP-1004,Paid Social,1520,19,21.1,2,134.64
2025-07-23,CMP-1008,Email,1290,29,2.33,1,90.52
2025-07-13,CMP-1004,Paid Social,1239,16,20.86,0,0.0
2025-06-08,CMP-1002,Paid Search,694,28,49.28,6,520.32
2025-09-22,CMP-1017,Affiliate,764,3,3.32,1,97.13
2025-04-26,CMP-1007,Paid Social,2378,27,17.92,1,99.71
2025-06-18,CMP-1019,Organic Social,4106,91,0.0,4,326.13
2025-11-21,CMP-1008,Email,2469,72,10.22,7,961.91
2025-04-09,CMP-1004,Paid Social,1841,24,42.45,0,0.0
2025-10-04,CMP-1017,Affiliate,542,12,8.56,0,0.0
2025-07-10,CMP-1016,Affiliate,935,21,22.64,0,0.0
2025-08-13,CMP-1014,Display,1795,8,4.88,0,0.0
2025-08-30,CMP-1016,Affiliate,534,7,4.5,0,0.0
2025-05-25,CMP-1006,Paid Social,946,20,23.58,0,0.0
2025-04-25,CMP-1019,Organic Social,3218,65,0.0,0,0.0
2025-05-18,CMP-1002,Paid Search,913,54,116.34,3,176.72
2025-05-10,CMP-1019,Organic Social,2367,46,0.0,0,0.0
2025-05-20,CMP-1016,Affiliate,692,10,5.18,1,109.97
2025-02-01,CMP-1011,Email,3862,89,6.62,5,514.98
2025-03-06,CMP-1007,Paid Social,3636,16,25.15,0,0.0
2025-06-21,CMP-1008,Email,837,27,3.3,1,82.92
2025-04-24,CMP-1016,Affiliate,829,13,8.67,0,0.0
2025-03-12,CMP-1014,Display,1397,9,5.24,0,0.0
2025-01-25,CMP-1016,Affiliate,880,19,15.57,0,0.0
2025-05-28,CMP-1017,Affiliate,910,14,11.23,0,0.0
2025-05-11,CMP-1004,Paid Social,1271,19,32.85,1,54.75
2025-06-13,CMP-1003,Paid Search,1432,86,86.94,6,466.8
2025-08-12,CMP-1016,Affiliate ,1304,27,20.99,2,160.12
2025-04-13,CMP-1002,Paid Search,771,36,76.75,1,67.28
2025-06-09,CMP-1011,Email,6491,209,16.93,20,1916.11
2025-07-24,CMP-1002,Paid Search,1096,60,106.26,2,199.99
2025-04-06,CMP-1013,Display,1586,7,6.89,0,0.0
2025-04-23,CMP-1009,Email,1485,15,1.86,0,0.0
2025-05-24,CMP-1013,Display,2267,10,4.02,0,0.0
2025-05-22,CMP-1008,Email,988,37,1.92,2,111.94
2025-04-07,CMP-1019,Organic Social,3935,51,0.0,2,90.24
2025-07-11,CMP-1016,Affiliate,1034,22,20.02,3,303.09
2025-08-01,CMP-1004,Paid Social,1159,13,11.27,0,0.0
2025-05-10,CMP-1020,Organic Social,2391,37,0.0,3,192.67
2025-07-04,CMP-1009,Email,1463,46,8.45,1,66.34
2025-05-14,CMP-1013,Display,2370,8,3.67,0,0.0
2025-03-21,CMP-1016,Affiliate,572,14,8.68,2,254.48
2025-04-23,CMP-1015,Affiliate,6129,112,54.19,1,106.83
2025-09-16,CMP-1004,Paid Social,1808,27,45.95,1,72.33
2025-05-13,CMP-1013,Display,1481,4,2.81,0,0.0
2025-05-08,CMP-1004,Paid Social,1765,13,14.39,0,0.0
2025-04-13,CMP-1016,Affiliate,615,19,8.34,1,118.96
2025-08-30,CMP-1017,Affiliate,644,11,11.72,0,0.0
2025-04-14,CMP-1018,Organic Social,4026,101,0.0,2,174.69
2025-06-25,CMP-1000,Paid Search,1850,108,217.98,9,1139.59
2025-04-09,CMP-1015,Affiliate,7204,126,117.35,7,1076.09
2025-11-19,CMP-1008,Email,2157,88,4.51,6,919.94
2025-08-18,CMP-1019,Organic Social,4147,92,0.0,0,0.0
2025-08-27,CMP-1008,Email,991,36,4.21,4,284.46
2025-08-07,CMP-1003,Paid Search,765,23,54.95,1,103.74
2025-07-14,CMP-1008,Email,1659,46,5.24,2,269.57
2025-06-23,CMP-1010,Email,1517,48,6.84,4,487.93
2025-05-15,CMP-1008,Email,1236,34,5.69,1,86.0
2025-03-04,CMP-1011,Email,7209,201,23.65,7,355.29
2025-04-30,CMP-1001,Paid Search,3074,171,,9,851.94
2025-10-18,CMP-1004,Paid Social,1170,22,28.21,1,75.07
2025-10-26,CMP-1004,Paid Social,712,7,6.04,0,0.0
2025-07-08,CMP-1003,Paid Search,1564,69,131.94,4,483.01
2025-07-13,CMP-1000,Paid Search,2103,104,109.36,7,888.97
2025-05-15,CMP-1017,Affiliate,633,9,4.88,1,78.93
2025-07-10,CMP-1020,Organic Social,2783,43,0.0,0,0.0
2025-07-25,CMP-1017,Affiliate,597,10,9.37,0,0.0
2025-06-16,CMP-1006,Paid Social,1662,25,33.31,1,85.47
2025-06-16,CMP-1020,Organic Social,4727,97,0.0,0,0.0
2025-02-09,CMP-1016,Affiliate,654,17,12.66,0,0.0
2025-03-20,CMP-1017,Affiliate,613,17,11.53,1,135.07
2025-03-27,CMP-1000,Paid Search,1509,65,149.39,4,611.85
2025-04-30,CMP-1002,Paid Search,959,44,109.36,0,0.0
2025-08-12,CMP-1020,Organic Social,3014,60,0.0,0,0.0
2025-01-31,CMP-1016,Affiliate,843,14,10.37,0,0.0
2025-04-21,CMP-1011,Email,4550,164,13.41,12,899.02
2025-04-09,CMP-1018,Organic Social,5609,65,0.0,1,57.75
2025-03-28,CMP-1005,Paid Social,8808,123,118.3,5,268.53
2025-06-05,CMP-1013,Display,1868,10,5.65,0,0.0
2025-11-14,CMP-1004,Paid Social,2304,6,3.96,0,0.0
2025-04-10,CMP-1018,Organic Social,3763,92,0.0,3,217.42
2025-03-29,CMP-1017,Affiliate,533,11,9.53,0,0.0
2025-03-10,CMP-1000,Paid Search,1462,77,126.76,2,169.12
2025-02-08,CMP-1016,Affiliate,570,8,5.08,0,0.0
2025-03-07,CMP-1018,Organic Social,3870,45,0.0,0,0.0
2025-08-04,CMP-1008,Email,953,18,1.62,0,0.0
2025-04-06,CMP-1002,Paid Search,652,36,43.59,4,596.24
2025-04-20,CMP-1007,Paid Social,2044,20,11.0,0,0.0
2025-02-05,CMP-1013,Display,2493,10,5.87,0,0.0
2025-06-08,CMP-1017,Affiliate,532,19,18.81,0,0.0
2025-05-25,CMP-1002,Paid Search,918,38,37.46,2,218.81
2025-02-22,CMP-1016,Affiliate,504,9,5.94,1,125.58
2025-05-10,CMP-1009,Email,774,25,2.73,2,204.76
2025-03-24,CMP-1011,Email,3442,140,19.05,6,541.37
2025-06-21,CMP-1004,Paid Social,1451,20,22.5,0,0.0
2025-06-03,CMP-1013,Display,2126,8,7.93,0,0.0
2025-06-28,CMP-1019,Organic Social,2972,51,0.0,0,0.0
2025-06-07,CMP-1010,Email,716,32,2.08,2,268.53
2025-01-23,CMP-1011,Email,5581,213,28.14,5,361.27
2025-03-21,CMP-1011,Email,5896,184,19.42,13,831.4
2025-06-08,CMP-1016,Affiliate,712,7,3.41,0,0.0
2025-04-10,CMP-1008,Email,1428,28,3.97,0,0.0
2025-04-06,CMP-1005,Paid Social,5994,105,92.55,3,280.38
2025-04-20,CMP-1008,Email ,874,28,3.71,2,212.26
2025-05-27,CMP-1001,Paid Search,4451,185,188.2,9,1203.58
2025-05-07,CMP-1003,Paid Search,1277,54,132.43,2,259.22
2025-02-22,CMP-1011,Email,5429,150,27.16,9,1082.67
2025-06-07,CMP-1008,Email,955,15,1.51,1,122.16
2025-05-09,CMP-1020,Organic Social,3000,52,0.0,3,252.11
2025-05-17,CMP-1008,Email,1287,52,7.92,2,141.61
2025-03-03,CMP-1017,Affiliate,628,8,4.24,0,0.0
2025-11-17,CMP-1004,Paid Social,2416,25,40.18,1,72.43
2025-07-16,CMP-1008,Email,1109,48,190.0,3,308.77
2025-09-23,CMP-1008,Email,1165,30,5.9,0,0.0
2025-04-04,CMP-1003,Paid Search,1229,60,94.01,7,650.77
2025-03-24,CMP-1001,Paid-Search,4328,163,355.62,9,1106.84
2025-04-22,CMP-1018,Organic Social,3955,68,0.0,4,364.12
2025-04-25,CMP-1007,Paid Social,2671,34,21.99,0,0.0
2025-06-04,CMP-1020,Organic Social,4426,60,0.0,2,179.84
2025-08-11,CMP-1004,Paid Social,1375,16,9.68,0,0.0
2025-02-18,CMP-1018,Organic Social,3873,69,0.0,0,0.0
2025-04-19,CMP-1019,Organic Social,2913,22,0.0,0,0.0
2025-03-27,CMP-1012,Display,4631,29,22.15,0,0.0
2025-03-31,CMP-1011,Email,6151,199,24.16,23,2213.07
2025-04-22,CMP-1006,Paid Social,1071,20,30.38,0,0.0
2025-02-26,CMP-1012,DISPLAY,7249,18,12.81,1,115.94
2025-10-13,CMP-1019,organic social,2797,48,0.0,2,97.8
2025-01-30,CMP-1011,Email,6353,162,26.41,16,1518.17
2025-02-08,CMP-1018,Organic Social,2987,24,0.0,0,0.0
2025-05-16,CMP-1008,Email,860,18,,0,0.0
2025-06-29,CMP-1016,Affiliate,601,10,10.17,0,0.0
2025-05-14,CMP-1015,Affiliate,8978,166,97.21,3,361.59
2025-09-11,CMP-1019,Organic Social,3931,70,0.0,2,125.11
2025-01-29,CMP-1018,Organic Social,5666,122,0.0,4,232.54
2025-05-14,CMP-1017,Affiliate,680,11,11.79,0,0.0
2025-09-23,CMP-1019,Organic Social,3496,63,0.0,0,0.0
2025-06-26,CMP-1014,Display,1808,10,9.68,0,0.0
2025-06-08,CMP-1011,Email,3625,64,10.76,3,395.93
2025-08-03,CMP-1016,Affiliate,637,10,9.4,0,0.0
2025-05-04,CMP-1002,Paid Search,821,30,35.58,1,110.4
2025-06-25,CMP-1006,Paid Social,1578,12,6.81,0,0.0
2025-09-06,CMP-1008,Email,1033,23,1.22,3,309.19
2025-05-19,CMP-1017,Affiliate,804,13,9.9,0,0.0
2025-03-19,CMP-1013,Display,1513,7,4.17,0,0.0
2025-04-19,CMP-1005,Paid Social,6158,76,69.41,2,107.29
2025-04-01,CMP-1013,Display,2240,15,5.77,0,0.0
2025-05-14,CMP-1004,Paid Social,1472,24,32.64,0,0.0
2025-06-22,CMP-1000,Paid Search,2375,107,152.31,5,732.29
2025-03-27,CMP-1002,Paid Search,1116,50,113.22,7,736.22
2025-07-14,CMP-1020,Organic Social,3158,51,0.0,1,66.54
2025-08-24,CMP-1004,Paid Social,1185,22,34.14,0,0.0
2025-04-14,CMP-1010,Email,909,18,2.77,3,263.13
2025-06-19,CMP-1009,Email,1090,36,4.27,1,134.64
2025-05-22,CMP-1006,Paid Social,1427,20,33.63,1,56.82
2025-03-24,CMP-1000,Paid Search,2256,104,133.13,12,868.62
2025-05-14,CMP-1019,Organic Social,4338,78,0.0,0,0.0
2025-09-12,CMP-1004,Paid Social,991,15,18.8,0,0.0
2025-03-09,CMP-1006,Paid Social,1038,12,20.65,0,0.0
2025-07-18,CMP-1003,Paid Search,1416,78,103.12,4,352.25
2025-03-07,CMP-1019,Organic-Social,2532,62,0.0,3,141.62
2025-03-16,CMP-1007,Paid Social,3832,64,56.86,1,86.3
2025-09-26,CMP-1003,Paid Search,1074,44,72.65,6,666.92
2025-06-05,CMP-1011,Email,5235,98,11.57,6,543.99
2025-02-20,CMP-1011,Email,2811,79,8.24,5,468.25
2025-02-10,CMP-1011,Email,5275,219,38.96,8,687.2
2025-05-07,CMP-1004,Paid Social,1713,27,16.2,0,0.0
2025-03-23,CMP-1006,Paid Social,1161,14,11.95,0,0.0
2025-03-08,CMP-1000,Paid Search,1939,52,119.52,2,235.06
2025-05-26,CMP-1019,organic social,3044,62,0.0,1,39.77
2025-04-20,CMP-1009,Email,1304,44,6.43,3,222.72
2025-02-18,CMP-1017,Affiliate,702,13,13.91,0,0.0
2025-03-20,CMP-1009,Email,1211,40,3.85,1,78.94
2025-01-22,CMP-1018,Organic Social,5092,126,0.0,2,103.77
2025-03-09,CMP-1007,Paid Social,2900,52,89.82,1,52.11
2025-07-03,CMP-1000,Paid Search,2052,83,210.57,7,440.97
2025-04-17,CMP-1000,Paid Search,2099,76,154.34,3,284.08
2025-02-18,CMP-1012,Display,5372,12,5.36,0,0.0
2025-02-23,CMP-1000,Paid Search,1720,49,47.17,0,0.0
2025-02-26,CMP-1019,Organic Social,3677,80,0.0,1,56.68
2025-05-10,CMP-1002,Paid Search,831,37,39.61,0,0.0
2025-06-03,CMP-1016,Affiliate,926,16,14.39,0,0.0
2025-05-29,CMP-1004,Paid Social,1676,15,21.65,1,100.12
2025-03-19,CMP-1001,Paid Search,2789,177,453.91,8,710.38
2025-05-07,CMP-1000,Paid Search,2382,81,162.6,0,0.0
2025-06-06,CMP-1002,Paid Search,1168,46,45.85,2,251.15
2025-10-01,CMP-1004,Paid Social,1730,4,5.51,0,0.0
2025-06-11,CMP-1002,Paid Search,881,28,60.16,4,475.19
2025-03-18,CMP-1005,Paid Social,6992,98,,2,119.02
2025-11-07,CMP-1008,Email,1816,88,15.32,4,242.23
2025-02-18,CMP-1000,Paid Search,2451,98,175.29,2,124.27
2025-06-04,CMP-1006,paid_social,1652,14,14.01,0,0.0
2025-05-22,CMP-1002,Paid Search,1347,91,200.8,4,394.46
2025-03-08,CMP-1002,Paid Search,957,51,103.27,4,486.98
2025-08-17,CMP-1020,Organic Social,2447,30,0.0,0,0.0
2025-04-21,CMP-1004,Paid Social,1831,14,13.33,1,58.14
2025-04-16,CMP-1000,Paid Search,2371,114,246.23,5,633.83
2025-03-04,CMP-1009,Email,736,28,3.4,3,233.62
2025-04-15,CMP-1004,Paid Social,1549,20,16.89,0,0.0
2025-04-21,CMP-1010,Email,1505,23,,2,217.41
2025-02-03,CMP-1018,Organic Social,3222,52,0.0,1,88.44
2025-07-07,CMP-1003,Paid Search,1491,82,162.64,4,524.66
2025-05-27,CMP-1015,Affiliate,8269,235,210.73,7,517.49
2025-08-03,CMP-1003,Paid Search,1056,32,39.58,2,185.91
2025-06-13,CMP-1008,Email,1293,55,5.45,1,94.01
2025-01-22,CMP-1016,Affiliate,880,23,24.42,1,110.52
2025-10-30,CMP-1008,Email,1382,48,7.53,3,216.72
2025-04-12,CMP-1007,Paid Social,3255,38,48.4,2,82.09
2025-03-23,CMP-1002,Paid Search,593,30,57.56,2,206.88
2025-04-29,CMP-1017,Affiliate,759,19,,2,333.72
2025-04-14,CMP-1005,Paid Social,7141,95,120.9,4,323.7
2025-05-01,CMP-1006,Paid Social,2062,35,39.78,1,102.53
2025-03-31,CMP-1005,Paid Social,10370,121,172.22,5,456.64
2025-06-16,CMP-1010,Email,1146,35,6.45,7,947.96
2025-01-30,CMP-1012,Display,6262,24,20.3,0,0.0
2025-07-26,CMP-1008,Email,877,15,1.64,1,82.36
2025-02-21,CMP-1018,Organic Social,2635,51,0.0,0,0.0
2025-02-16,CMP-1011,Email,4080,89,14.88,4,465.08
2025-03-15,CMP-1019,Organic Social,2966,57,0.0,0,0.0
2025-06-15,CMP-1009,Email,841,21,2.41,1,95.29
2025-01-31,CMP-1012,Display,6162,11,11.26,0,0.0
2025-04-22,CMP-1005,Paid Social,7527,108,128.54,3,240.87
2025-09-14,CMP-1008,Email,883,33,4.41,2,152.91
2025-05-08,CMP-1010,EMAIL,952,39,7.39,4,307.19
2025-04-15,CMP-1013,Display,1977,5,2.42,0,0.0
2025-09-04,CMP-1004,Paid Social,2003,12,12.54,0,0.0
2025-05-24,CMP-1019,Organic Social,2982,42,0.0,1,105.41
2025-04-01,CMP-1018,Organic Social,3603,68,0.0,1,42.34
2025-04-13,CMP-1000,Paid Search,1207,68,98.62,3,150.67
2025-03-16,CMP-1010,Email,632,22,2.55,0,0.0
2025-05-03,CMP-1011,Email,4549,210,29.05,12,970.51
2025-10-10,CMP-1017,Affiliate,848,22,10.2,1,133.22
2025-07-04,CMP-1016,Affiliate,565,13,11.01,1,74.05
2025-04-10,CMP-1002,Paid Search,914,45,76.17,2,197.44
2025-03-17,CMP-1010,Email,1738,60,6.79,9,891.67
2025-07-10,CMP-1017,affiliates,664,7,6.08,1,117.44
2025-05-23,CMP-1011,Email,4153,82,12.32,2,154.14
2025-03-11,CMP-1010,Email,1160,21,1.2,0,0.0
2025-07-02,CMP-1003,Paid Search,1230,56,118.89,3,208.6
2025-01-31,CMP-1011,Email,4247,164,26.73,11,1121.7
2025-03-27,CMP-1018,Organic Social,2451,42,0.0,0,0.0
2025-04-28,CMP-1013,Display,1834,5,5.24,0,0.0
2025-02-18,CMP-1019,Organic Social,2630,51,0.0,0,0.0
2025-02-25,CMP-1019,Organic Social,3645,49,0.0,0,0.0
2025-04-15,CMP-1014,Display,1551,5,3.08,0,0.0
2025-05-29,CMP-1015,Affiliate,8424,163,72.37,9,1206.04
2025-04-05,CMP-1006,Paid Social,862,18,11.14,1,58.78
2025-03-13,CMP-1002,Paid Search,867,63,141.98,3,360.84
2025-03-10,CMP-1018,Organic Social,3559,78,0.0,1,69.97
2025-04-08,CMP-1002,Paid Search,1133,41,97.82,0,0.0
2025-04-08,CMP-1001,Paid Search,2484,133,,9,1040.07
2025-03-16,CMP-1001,Paid Search,3494,241,293.68,15,1805.59
2025-05-16,CMP-1011,Email,5053,130,24.07,11,730.95
2025-03-05,CMP-1017,Affiliate,752,14,12.67,0,0.0
2025-04-09,CMP-1013,Display,2241,5,3.41,0,0.0
2025-06-11,CMP-1019,Organic Social,3325,52,0.0,1,49.27
2025-01-18,CMP-1013,Display,1850,9,6.31,0,0.0
2025-03-20,CMP-1018,Organic Social,2882,50,0.0,0,0.0
2025-04-08,CMP-1009,Email,1088,24,3.24,0,0.0
2025-03-19,CMP-1012,Display,5967,21,15.57,0,0.0
2025-03-15,CMP-1013,Display,1715,8,4.76,0,0.0
2025-03-17,CMP-1001,Paid Search,3628,94,141.78,6,442.39
2025-04-10,CMP-1003,Paid Search,1257,53,131.14,4,480.82
2025-08-06,CMP-1008,Email,1584,58,8.91,7,408.65
2025-05-12,CMP-1006,Paid Social,1742,11,9.72,0,0.0
2025-06-01,CMP-1000,Paid Search,1197,38,85.54,0,0.0
2025-04-02,CMP-1013,Display,2102,9,7.36,0,0.0
2025-02-01,CMP-1018,Organic Social,2655,47,0.0,1,41.46
2025-06-09,CMP-1006,Paid Social,1832,14,15.44,0,0.0
2025-05-03,CMP-1015,Affiliate,5707,174,119.55,8,985.87
2025-11-23,CMP-1004,Paid Social,1652,29,39.48,0,0.0
2025-10-24,CMP-1008,Email,1242,37,6.2,2,191.47
2025-02-22,CMP-1013,Display,1346,4,4.13,0,0.0
2025-04-30,CMP-1008,Email,1228,29,5.33,1,81.81
2025-02-25,CMP-1013,Display,2942,14,10.08,0,0.0
2025-04-14,CMP-1000,Paid Search,1670,79,135.72,3,213.27
2025-02-04,CMP-1007,Paid Social,4473,26,40.73,0,0.0
2025-04-21,CMP-1014,Display,1599,2,0.97,0,0.0
2025-04-30,CMP-1019,Organic Social,3277,62,0.0,3,303.92
2025-06-12,CMP-1014,Display,1242,4,2.87,0,0.0
2025-04-27,CMP-1002,Paid Search,510,11,10.89,0,0.0
2025-06-25,CMP-1016,Affiliate,1034,25,27.85,1,108.59
2025-07-06,CMP-1019,Organic Social,2649,50,0.0,1,104.82
2025-07-19,CMP-1003,Paid Search,833,19,17.73,0,0.0
2025-09-14,CMP-1004,Paid Social,1486,18,12.08,1,89.6
2025-02-22,CMP-1018,Organic Social,2126,18,0.0,1,77.65
2025-03-29,CMP-1012,Display,3657,27,24.74,1,81.28
2025-10-02,CMP-1019,Organic Social,2658,44,0.0,0,0.0
2025-06-30,CMP-1008,Email,952,40,4.25,4,438.51
2025-11-20,CMP-1004,Paid Social,2881,31,50.13,0,0.0
2025-06-26,CMP-1008,Email,892,26,4.72,0,0.0
2025-05-01,CMP-1018,Organic Social,4533,96,0.0,3,248.87
2025-06-06,CMP-1008,Email,1501,67,11.75,1,67.16
2025-06-28,CMP-1020,Organic Social,2182,45,,2,163.49
2025-11-04,CMP-1008,Email,2369,102,5.89,3,200.63
2025-02-27,CMP-1019,Organic Social,3319,31,0.0,0,0.0
2025-05-11,CMP-1000,Paid Search,2083,79,168.9,6,476.01
2025-08-18,CMP-1003,Paid Search,1157,44,64.84,2,213.72
2025-09-15,CMP-1008,Email,1245,56,7.62,1,128.55
2025-02-03,CMP-1012,Display,5920,11,4.71,1,80.85
2025-04-07,CMP-1012,Display Ads,4322,22,10.77,0,0.0
2025-02-26,CMP-1002,Paid Search,964,56,114.53,2,126.06
2025-04-07,CMP-1007,Paid Social,4151,42,60.38,1,66.81
2025-03-02,CMP-1007,Paid Social,1979,11,11.32,1,116.16
2025-05-09,CMP-1004,Paid Social,1902,25,33.94,0,0.0
2025-05-12,CMP-1020,Organic Social,3663,59,0.0,2,112.09
2025-05-06,CMP-1000,Paid Search,3194,174,403.57,7,592.39
2025-05-14,CMP-1006,Paid Social,1771,17,15.94,0,0.0
2025-04-24,CMP-1004,Paid Social,1700,22,23.54,0,0.0
2025-01-19,CMP-1012,Display,5934,26,10.92,0,0.0
2025-09-12,CMP-1016,Affiliate,1053,17,11.13,0,0.0
2025-05-28,CMP-1004,Paid Social,1421,10,15.43,0,0.0
2025-04-28,CMP-1020,Organic Social,4085,53,0.0,1,95.83
2025-08-28,CMP-1008,Email,1554,35,2.61,3,257.9
2025-08-20,CMP-1016,Affiliate,1004,11,6.42,1,107.96
2025-04-29,CMP-1003,Paid Search,1142,40,74.82,0,0.0
2025-03-05,CMP-1010,Email,1153,40,6.59,3,389.61
2025-04-01,CMP-1011,Email,5104,180,25.9,10,1369.82
2025-05-03,CMP-1013,Display,2102,4,3.94,0,0.0
2025-07-24,CMP-1006,Paid Social,2270,39,38.0,2,120.87
2025-02-13,CMP-1012,Display,5359,8,8.69,0,0.0
2025-03-10,CMP-1014,Display,1775,11,4.07,0,0.0
2025-06-27,CMP-1008,Email,1106,53,10.28,1,119.11
2025-04-08,CMP-1005,Paid Social,6396,89,121.1,3,272.52
2025-03-11,CMP-1011,Email,4399,130,10.56,4,531.85
2025-04-17,CMP-1017,Affiliate,550,15,10.95,0,0.0
2025-06-07,CMP-1013,Display,1624,3,2.9,0,0.0
2025-08-07,CMP-1020,Organic Social,3386,75,0.0,0,0.0
2025-07-11,CMP-1003,Paid Search,1272,41,37.42,3,334.86
2025-04-07,CMP-1004,Paid Social,1631,19,21.78,0,0.0
2025-03-25,CMP-1000,Paid Search,2497,119,247.85,11,1341.52
2025-09-01,CMP-1017,Affiliate,699,14,5.81,0,0.0
2025-05-01,CMP-1017,Affiliate,732,21,19.41,2,147.6
2025-06-13,CMP-1002,Paid Search,995,32,79.91,3,228.91
2025-04-01,CMP-1009,Email,897,21,2.14,1,72.8
2025-04-01,CMP-1004,Paid Social,1755,6,9.23,0,0.0
2025-03-10,CMP-1017,Affiliate,677,19,13.26,0,0.0
2025-06-05,CMP-1009,Email,1069,36,5.5,3,393.23
2025-07-01,CMP-1002,Paid Search,1293,50,67.21,4,283.24
2025-04-19,CMP-1003,Paid Search,954,48,48.78,4,345.85
2025-06-07,CMP-1018,Organic Social,4220,88,0.0,1,67.25
2025-09-19,CMP-1017,Affiliate,851,18,18.29,1,97.02
2025-03-04,CMP-1013,Display,1983,5,2.03,0,0.0
2025-04-30,CMP-1009,Email,1306,35,4.18,2,178.04
2025-04-15,CMP-1017,Affiliate,577,4,2.5,1,154.83
2025-03-25,CMP-1011,Email,5043,120,7.38,7,655.22
2025-02-16,CMP-1016,Affiliate,812,18,21.43,0,0.0
2025-05-19,CMP-1000,PPC,2117,129,168.46,5,384.84
2025-07-20,CMP-1020,organic social,2384,41,0.0,0,0.0
2025-05-12,CMP-1003,Paid Search,1476,65,131.95,5,467.68
2025-08-29,CMP-1020,Organic Social,3096,28,0.0,1,79.95
2025-06-20,CMP-1009,Email,1310,53,2.78,3,168.5
2025-04-20,CMP-1011,Email,3308,85,11.81,3,230.11
2025-03-03,CMP-1010,Email,1238,47,5.59,3,322.88
2025-02-15,CMP-1017,Affiliate,672,12,11.07,0,0.0
2025-07-22,CMP-1006,Paid Social,2574,30,38.81,1,77.33
2025-03-09,CMP-1000,Paid Search,1897,60,108.2,7,1027.74
2025-03-28,CMP-1010,Email,921,28,4.12,2,222.53
2025-01-24,CMP-1012,Display,7292,28,24.69,0,0.0
2025-03-24,CMP-1010,Email,1449,43,6.89,4,280.79
2025-10-02,CMP-1008,Email,1388,31,3.99,0,0.0
2025-10-25,CMP-1004,Paid Social,1551,33,45.18,2,103.18
2025-09-27,CMP-1008,EMAIL,770,13,2.22,0,0.0
2025-05-04,CMP-1001,Paid Search,3149,109,117.62,3,298.49
2025-03-11,CMP-1000,Paid Search,2433,60,129.27,5,440.3
2025-09-13,CMP-1004,paid_social,1125,16,15.99,0,0.0
2025-06-25,CMP-1004,Social Paid,936,15,15.16,1,74.03
2025-05-09,CMP-1016,Affiliate,926,21,11.58,0,0.0
2025-04-21,CMP-1016,Affiliate,875,12,8.93,0,0.0
2025-02-18,CMP-1016,Affiliate ,667,12,14.15,1,152.42
2025-06-13,CMP-1018,Organic Social,3724,60,0.0,1,55.58
2025-07-28,CMP-1002,Paid Search,1080,35,53.92,0,0.0
2025-08-20,CMP-1008,Email,1217,37,6.73,3,343.85
2025-05-23,CMP-1013,Display,2305,3,3.03,0,0.0
2025-03-22,CMP-1016,Affiliate,785,14,7.78,0,0.0
2025-08-26,CMP-1016,Affiliate,940,24,19.46,1,127.21
2025-05-08,CMP-1003,Paid Search,1010,80,117.18,9,740.41
2025-03-22,CMP-1012,Display,3703,6,2.79,0,0.0
2025-04-03,CMP-1011,Email,5668,178,26.72,10,965.76
2025-06-27,CMP-1010,Email,1108,47,8.22,3,237.67
2025-03-16,CMP-1016,Affiliate,741,14,9.49,0,0.0
2025-04-06,CMP-1012,Display,5993,16,12.87,0,0.0
2025-08-16,CMP-1003,Paid Search,1171,35,,3,296.77
2025-04-10,CMP-1009,Email,1144,39,7.49,3,283.02
2025-05-21,CMP-1014,Display,1064,4,3.82,0,0.0
2025-06-23,CMP-1017,Affiliate,762,13,6.16,0,0.0
2025-05-25,CMP-1004,Paid Social,1187,7,7.43,0,0.0
2025-09-20,CMP-1003,Paid Search,989,51,56.02,6,453.22
2025-06-11,CMP-1009,Email,1534,24,1.32,1,107.96
2025-03-09,CMP-1019,Organic Social,2828,54,0.0,0,0.0
2025-06-06,CMP-1019,Organic Social,3277,31,0.0,0,0.0
2025-02-06,CMP-1013,Display,2131,5,4.4,0,0.0
2025-04-11,CMP-1004,Paid Social,1536,16,18.86,1,96.34
2025-02-07,CMP-1018,Organic Social,3784,81,0.0,1,89.21
2025-05-17,CMP-1014,Display,1135,3,1.16,0,0.0
2025-04-03,CMP-1020,Organic Social,4179,79,0.0,2,141.17
2025-05-04,CMP-1015,Affiliate,5144,69,29.34,3,294.52
2025-08-21,CMP-1003,Paid Search,1491,55,102.11,2,231.47
2025-04-29,CMP-1013,Display,2324,8,8.01,0,0.0
2025-04-17,CMP-1013,Display,1537,6,3.99,0,0.0
2025-02-15,CMP-1002,Paid Search,723,38,62.21,4,364.89
2025-07-27,CMP-1000,Paid Search,2130,125,144.41,8,593.93
2025-03-31,CMP-1016,Affiliate,858,19,17.5,1,78.39
2025-03-17,CMP-1019,Organic Social,4423,86,0.0,2,119.52
2025-04-04,CMP-1009,Email,1008,18,3.6,0,0.0
2025-04-17,CMP-1014,Display,1704,5,2.77,0,0.0
2025-04-21,CMP-1002,Paid Search,1142,61,76.93,2,307.23
2025-05-12,CMP-1019,Organic Social,3906,62,0.0,1,45.35
2025-04-05,CMP-1016,Affiliate,455,14,14.65,0,0.0
2025-05-10,CMP-1004,Paid Social,1411,17,29.11,0,0.0
2025-06-06,CMP-1009,Email,1025,26,2.5,10,913.06
2025-02-11,CMP-1013,Display,1066,3,,0,0.0
2025-06-06,CMP-1017,Affiliate,628,12,5.76,1,144.67
2025-03-30,CMP-1002,Paid-Search,635,18,24.05,0,0.0
2025-03-07,CMP-1005,Paid Social,4999,68,92.54,0,0.0
2025-09-30,CMP-1008,Email,1323,28,4.5,1,59.8
2025-04-14,CMP-1001,Paid Search,3774,199,458.78,10,911.36
2025-05-06,CMP-1013,Display,2533,9,5.9,1,107.73
2025-05-29,CMP-1016,Affiliate,548,5,4.08,0,0.0
2025-06-11,CMP-1004,Paid Social,1551,28,24.77,0,0.0
2025-05-01,CMP-1014,Display,1389,5,5.44,0,0.0
2025-03-11,CMP-1019,Organic Social,4199,50,0.0,0,0.0
2025-06-29,CMP-1020,Organic Social,2578,54,0.0,1,88.48
2025-03-05,CMP-1002,Paid Search,1241,37,87.08,0,0.0
2025-04-07,CMP-1012,Display Ads,4322,22,10.77,0,0.0
2025-09-25,CMP-1017,Affiliate,788,12,10.11,0,0.0
2025-06-18,CMP-1006,Paid Social,1972,21,31.19,1,60.0
2025-03-20,CMP-1014,Display,933,3,2.79,0,0.0
2025-05-05,CMP-1019,Organic Social,4079,49,0.0,0,0.0
2025-06-03,CMP-1018,Organic Social,4414,89,0.0,0,0.0
2025-04-18,CMP-1011,Email,5495,139,24.29,8,905.41
2025-03-09,CMP-1016,Affiliate,514,14,8.95,0,0.0
2025-09-15,CMP-1019,Organic Social,3899,47,0.0,1,57.44
2025-07-28,CMP-1006,Paid Social,1687,30,42.47,0,0.0
2025-02-17,CMP-1002,Paid Search,942,41,88.39,1,59.34
2025-06-08,CMP-1000,Paid Search,1657,77,80.8,1,90.96
2025-04-12,CMP-1005,Paid Social,5417,83,99.61,1,71.18
2025-06-12,CMP-1003,Paid Search,1449,41,55.27,0,0.0
2025-07-24,CMP-1016,Affiliate,857,8,5.17,1,158.66
2025-06-20,CMP-1008,Email,1360,27,4.08,0,0.0
2025-05-02,CMP-1009,Email,901,31,4.53,3,298.81
2025-02-19,CMP-1016,Affiliate,826,22,,2,300.38
2025-09-24,CMP-1017,Affiliate,617,16,18.7,0,0.0
2025-05-25,CMP-1019,Organic Social,1638,28,0.0,0,0.0
2025-09-21,CMP-1008,Email,965,26,1.67,1,66.4
2025-06-02,CMP-1017,Affiliate,335,13,13.2,1,103.25
2025-11-10,CMP-1008,Email,2366,94,5.68,5,590.51
2025-07-16,CMP-1020,Organic Social,4599,61,0.0,1,51.62
2025-09-16,CMP-1019,Organic Social,2691,38,0.0,2,190.16
2025-04-19,CMP-1013,Display,1674,8,3.07,0,0.0
2025-02-04,CMP-1016,Affiliate,967,16,14.95,1,93.76
2025-04-11,CMP-1014,Display,1295,8,6.24,0,0.0
2025-08-25,CMP-1016,Affiliate,799,16,11.99,0,0.0
2025-07-29,CMP-1019,Organic Social,3974,60,0.0,2,105.09
2025-01-24,CMP-1013,Display,3028,16,6.47,0,0.0
2025-04-11,CMP-1018,Organic Social,5877,96,0.0,2,113.68
2025-09-01,CMP-1008,Email,1505,25,3.01,2,203.87
2025-07-23,CMP-1006,Paid Social,2111,32,32.46,1,53.55
2025-05-23,CMP-1004,Paid Social,1993,32,19.68,0,0.0
2025-01-27,CMP-1018,Organic Social,4904,96,0.0,0,0.0
2025-04-10,CMP-1004,Paid Social,1677,20,21.75,0,0.0
2025-04-23,CMP-1010,Email,1692,64,4.24,1,94.58
2025-04-09,CMP-1011,Email,5442,197,27.83,10,1234.88
2025-02-22,CMP-1012,Display,3322,16,17.35,0,0.0
2025-07-12,CMP-1003,Paid Search,1058,40,92.44,2,214.84
2025-05-25,CMP-1017,Affiliate,616,14,8.15,0,0.0
2025-02-22,CMP-1009,Email,1122,45,7.99,2,161.31
2025-06-03,CMP-1003,Paid Search,1001,26,39.3,0,0.0
2025-06-18,CMP-1008,Email,688,12,2.26,1,141.85
2025-04-23,CMP-1018,Organic Social,3837,70,0.0,1,88.19
2025-07-28,CMP-1017,Affiliate,588,8,6.34,1,120.1
2025-05-18,CMP-1003,Paid Search,991,43,41.58,3,251.47
2025-04-12,CMP-1016,Affiliate,892,22,19.29,0,0.0
2025-06-15,CMP-1006,Paid Social,1373,15,26.83,0,0.0
2025-07-18,CMP-1004,Paid Social,2333,33,56.82,1,54.17
2025-08-05,CMP-1008,Email,1053,33,6.4,1,69.25
2025-10-25,CMP-1008,Email,721,24,2.22,0,0.0
2025-09-10,CMP-1017,Affiliate,706,15,14.12,3,237.47
2025-04-03,CMP-1009,EMAIL,1223,17,3.09,2,160.04
2025-03-29,CMP-1016,Affiliate,379,8,4.45,0,0.0
2025-10-09,CMP-1008,Email,845,31,5.1,1,74.3
2025-09-17,CMP-1008,Email,1457,44,2.93,4,476.05
2025-03-14,CMP-1014,Display,1477,3,1.33,1,94.1
2025-07-06,CMP-1004,paid_social,1258,13,21.68,0,0.0
2025-04-22,CMP-1011,Email,4804,119,13.24,11,1032.95
2025-11-21,CMP-1004,Paid Social,2619,29,49.3,1,76.09
2025-06-29,CMP-1003,Paid Search,1145,62,59.91,5,625.96
2025-03-04,CMP-1017,Affiliate,851,8,4.46,0,0.0
2025-03-27,CMP-1001,Paid Search,4346,151,391.43,4,564.84
2025-04-03,CMP-1018,Organic Social,3419,59,0.0,0,0.0
2025-04-19,CMP-1009,Email,999,28,5.16,2,108.3
2025-04-09,CMP-1002,Paid Search,1136,71,119.22,3,390.48
2025-07-15,CMP-1019,Organic Social,3173,75,0.0,0,0.0
2025-03-27,CMP-1006,Paid Social,1672,17,20.27,1,72.89
2025-07-02,CMP-1016,Affiliate,839,7,6.29,0,0.0
2025-08-06,CMP-1019,Organic Social,3996,99,0.0,2,135.73
2025-03-19,CMP-1016,Affiliate,1075,25,28.15,1,94.02
2025-06-12,CMP-1004,Paid Social,1500,17,20.92,2,199.12
2025-06-24,CMP-1010,Email,1447,69,10.04,6,474.73
2025-07-07,CMP-1002,Paid Search,855,44,58.76,4,385.39
2025-02-23,CMP-1016,Affiliate,778,14,8.71,0,0.0
2025-05-06,CMP-1002,Paid Search,899,52,94.56,2,297.44
2025-07-24,CMP-1008,Email,1063,27,5.17,4,322.05
2025-05-17,CMP-1016,Affiliate,648,16,9.19,1,156.99
2025-09-08,CMP-1019,Organic Social,3705,88,0.0,1,67.43
2025-06-27,CMP-1014,Display,1460,5,2.18,0,0.0
2025-05-12,CMP-1009,Email,1362,48,8.79,2,137.87
2025-05-23,CMP-1003,Paid Search,1680,67,121.05,6,743.78
2025-04-18,CMP-1013,Display,2473,8,8.59,0,0.0
2025-06-12,CMP-1009,Email,1321,43,4.12,3,355.32
2025-04-25,CMP-1008,Email,1099,32,3.87,6,402.92
2025-04-25,CMP-1006,Paid Social,2217,35,50.58,0,0.0
2025-10-29,CMP-1008,Email,1550,66,4.85,5,349.89
2025-03-31,CMP-1007,Paid Social,3906,69,70.02,7,575.41
2025-07-19,CMP-1016,Affiliate,704,11,13.07,0,0.0
2025-03-19,CMP-1002,Paid Search,1152,75,174.23,6,931.47
2025-08-23,CMP-1019,Organic Social,2753,37,0.0,0,0.0
2025-04-16,CMP-1017,Affiliate,918,10,4.46,0,0.0
2025-07-28,CMP-1019,Organic Social,4003,60,0.0,1,93.56
2025-02-15,CMP-1016,Affiliate,594,14,16.49,0,0.0
2025-10-04,CMP-1008,Email,814,24,2.45,2,182.33
2025-11-27,CMP-1008,Email,2163,33,6.47,0,0.0
2025-04-24,CMP-1002,Paid Search,1206,55,111.08,7,695.87
2025-03-14,CMP-1017,Affiliate,559,12,8.58,1,116.75
2025-03-24,CMP-1017,Affiliate,526,11,5.78,2,248.49
2025-05-16,CMP-1004,Paid Social,1170,11,6.44,0,0.0
2025-04-27,CMP-1013,Display,1531,10,6.78,0,0.0
2025-11-25,CMP-1008,Email,2147,69,5.47,6,725.85
2025-06-14,CMP-1018,Organic Social,3126,57,0.0,1,47.08
2025-05-10,CMP-1011,Email,3569,127,10.64,7,545.95
2025-05-18,CMP-1020,Organic Social,3593,74,0.0,3,185.17
2025-04-18,CMP-1007,Paid Social,4150,42,51.03,2,196.36
2025-07-30,CMP-1004,Paid Social,1949,13,22.37,0,0.0
2025-06-21,CMP-1010,Email,746,42,4.61,3,216.28
2025-07-19,CMP-1017,Affiliate,553,6,6.46,0,0.0
2025-06-29,CMP-1006,Paid Social,1763,28,38.58,0,0.0
2025-07-29,CMP-1017,Affiliate,987,16,11.34,0,0.0
2025-03-14,CMP-1001,Paid Search,3607,132,265.62,7,412.45
2025-03-08,CMP-1009,Email,996,40,2.79,2,246.4
2025-05-30,CMP-1017,Affiliate,686,8,7.39,0,0.0
2025-07-03,CMP-1014,Display,1010,5,2.15,0,0.0
2025-04-26,CMP-1002,Paid Search,644,25,46.64,3,409.6
2025-02-16,CMP-1017,Affiliate,520,11,13.18,0,0.0
2025-06-28,CMP-1003,Paid Search,750,39,96.34,2,228.09
2025-08-22,CMP-1019,Organic Social,4579,93,0.0,1,53.32
2025-06-24,CMP-1003,Paid Search,1354,48,62.2,3,329.27
2025-04-14,CMP-1011,Email,4476,83,15.07,2,108.85
2025-07-21,CMP-1016,Affiliate,806,16,12.24,2,200.49
2025-02-01,CMP-1002,Paid Search,928,35,79.52,1,123.07
2025-03-05,CMP-1000,Paid Search,1918,69,178.23,6,633.78
2025-04-12,CMP-1004,Paid Social,1273,17,26.9,0,0.0
2025-07-12,CMP-1002,Paid Search,707,27,35.71,3,237.77
2025-03-08,CMP-1013,Display,1231,4,3.82,1,54.22
2025-06-02,CMP-1010,Email,1033,19,1.43,0,0.0
2025-07-23,CMP-1002,Paid Search,967,25,22.51,0,0.0
2025-07-07,CMP-1019,Organic Social,3618,82,0.0,0,0.0
2025-06-15,CMP-1008,Email,880,22,3.58,0,0.0
2025-04-17,CMP-1011,Email,4564,174,23.66,8,527.92
2025-04-04,CMP-1000,Paid Search,3153,132,127.97,4,247.11
2025-07-17,CMP-1002,Paid Search,876,65,151.19,4,576.5
2025-06-17,CMP-1020,Organic Social,4545,111,0.0,1,57.79
2025-06-22,CMP-1006,Paid Social,1322,27,22.09,1,101.71
2025-02-10,CMP-1012,Display,6446,40,38.87,0,0.0
2025-06-02,CMP-1006,Paid Social,2076,17,23.74,1,106.8
2025-08-31,CMP-1004,Paid Social,1634,20,24.31,0,0.0
2025-06-13,CMP-1014,Display,1166,4,2.32,0,0.0
2025-02-24,CMP-1012,Display,4931,23,10.28,0,0.0
2025-03-08,CMP-1012,Display,6334,31,20.11,0,0.0
2025-06-20,CMP-1017,Affiliate,651,13,10.59,1,141.63
2025-07-04,CMP-1019,Organic Social,3780,60,0.0,0,0.0
2025-03-09,CMP-1002,Paid Search,674,37,82.49,2,151.34
2025-08-11,CMP-1016,Affiliate,543,10,7.76,1,89.62
2025-09-23,CMP-1004,Paid Social,1139,17,27.77,0,0.0
2025-10-17,CMP-1008,EMAIL,1328,24,3.57,2,221.79
2025-04-05,CMP-1019,Organic Social,2742,64,0.0,1,96.44
2025-02-01,CMP-1013,DISPLAY,1702,5,5.48,0,0.0
2025-06-05,CMP-1008,Email,1152,17,1.45,1,102.17
2025-07-06,CMP-1009,Email,868,32,3.56,4,381.44
2025-08-15,CMP-1016,Affiliate,908,17,13.03,0,0.0
2025-01-18,CMP-1018,Organic Social,4095,70,0.0,2,174.62
2025-03-20,CMP-1011,Email,5967,158,29.97,7,506.74
2025-07-15,CMP-1003,Paid Search,1761,76,116.96,4,449.73
2025-02-27,CMP-1014,Display,1484,5,2.9,0,0.0
2025-05-11,CMP-1010,Email,1187,33,6.47,3,297.19
2025-06-15,CMP-1002,Paid Search,1146,72,123.71,3,321.06
2025-05-15,CMP-1010,Email,1262,28,1.87,2,212.24
2025-07-17,CMP-1008,Email,1420,46,8.25,6,531.07
2025-10-01,CMP-1017,Affiliate,683,9,6.27,0,0.0
2025-03-13,CMP-1017,Affiliate,966,21,15.41,1,143.02
2025-08-01,CMP-1020,Organic Social,4090,45,0.0,2,182.68
2025-04-14,CMP-1013,Display,1997,0,0.0,0,0.0
2025-04-27,CMP-1019,Organic Social,2814,58,0.0,0,0.0
2025-04-29,CMP-1015,Affiliate,7909,191,149.52,4,528.86
2025-04-04,CMP-1013,Display,2197,15,7.59,0,0.0
2025-11-25,CMP-1004,Paid Social,3037,48,32.38,4,292.14
2025-02-15,CMP-1011,Email,3806,130,19.97,9,901.04
2025-03-16,CMP-1017,Affiliate,434,6,5.65,0,0.0
2025-03-17,CMP-1000,Paid Search,2530,100,221.99,9,831.71
2025-02-15,CMP-1014,Display,940,3,2.36,0,0.0
2025-05-03,CMP-1003,Paid Search,1177,28,69.59,1,123.81
2025-06-12,CMP-1011,Email,5636,257,15.59,10,643.47
2025-07-10,CMP-1003,Paid Search,975,54,127.9,2,115.16
2025-11-26,CMP-1004,Paid Social,2888,13,22.48,1,91.9
2025-07-07,CMP-1006,Paid Social,2120,24,19.27,2,192.51
2025-06-14,CMP-1006,Paid Social,1285,26,33.48,0,0.0
2025-08-19,CMP-1004,Paid Social,1812,29,23.21,0,0.0
2025-05-13,CMP-1009,Email,1533,47,6.98,5,376.92
2025-06-24,CMP-1000,Paid Search,3297,162,154.17,11,887.97
2025-11-01,CMP-1004,Paid Social,2915,36,56.28,0,0.0
2025-05-06,CMP-1017,Affiliate,983,27,12.57,1,166.12
2025-04-16,CMP-1007,Paid Social,3085,33,24.95,1,89.7
2025-04-03,CMP-1003,Paid Search,1408,72,131.76,3,175.49
2025-06-22,CMP-1014,DISPLAY,1150,1,1.05,0,0.0
2025-05-31,CMP-1009,Email,660,24,1.97,1,73.02
2025-03-21,CMP-1010,Email,1398,56,10.99,4,331.68
2025-03-18,CMP-1000,Paid Search,2643,127,223.38,9,898.08
2025-05-10,CMP-1018,Organic Social,3479,21,0.0,0,0.0
2025-05-11,CMP-1003,Paid Search,801,41,69.96,1,57.88
2025-05-21,CMP-1011,Email,4430,154,28.06,14,1406.89
2025-07-12,CMP-1008,Email,936,30,2.4,1,75.84
2025-10-20,CMP-1008,Email,1581,24,4.16,3,380.7
2025-02-26,CMP-1017,Affiliate,706,9,7.15,0,0.0
2025-08-10,CMP-1008,Email,916,27,4.94,2,208.82
2025-02-21,CMP-1014,Display,1082,4,3.79,0,0.0
2025-04-22,CMP-1016,Affiliate,676,11,10.7,0,0.0
2025-03-12,CMP-1005,Paid Social,10075,97,142.56,1,104.35
2025-04-30,CMP-1013,Display,2112,11,4.37,0,0.0
2025-06-10,CMP-1020,Organic Social,3646,61,0.0,1,48.52
2025-07-31,CMP-1008,Email,1023,30,1.64,1,113.4
2025-04-30,CMP-1010,Email,1133,34,4.97,3,363.16
2025-05-19,CMP-1019,Organic Social,2771,42,0.0,1,60.36
2025-01-18,CMP-1016,Affiliate,458,11,11.42,0,0.0
2025-04-16,CMP-1008,Email,1304,62,4.73,2,107.96
2025-01-21,CMP-1013,Display,2227,14,9.28,0,0.0
2025-04-29,CMP-1005,Paid Social,5935,82,93.18,0,0.0
2025-09-12,CMP-1019,Organic Social,3600,70,0.0,1,45.24
2025-04-18,CMP-1018,Organic Social,5903,138,0.0,2,187.0
2025-05-05,CMP-1017,Affiliate,828,7,7.27,0,0.0
2025-06-29,CMP-1014,Display,923,6,2.65,0,0.0
2025-05-24,CMP-1017,Affiliate,536,9,5.2,1,100.19
2025-04-17,CMP-1009,Email,788,24,3.61,0,0.0
2025-02-05,CMP-1012,Display,8262,27,28.19,0,0.0
2025-06-04,CMP-1016,Affiliate,1021,26,19.17,1,146.5
2025-04-12,CMP-1000,Paid Search,1847,95,127.15,10,943.22
2025-02-01,CMP-1007,Paid Social,2787,34,25.05,0,0.0
2025-04-22,CMP-1015,Affiliate,5424,124,133.29,6,832.44
2025-05-18,CMP-1016,Affiliate,678,15,10.39,0,0.0
2025-03-28,CMP-1013,Display,1836,11,8.22,0,0.0
2025-08-22,CMP-1003,Paid Search,1215,87,99.42,4,511.16
2025-05-30,CMP-1003,Paid Search,801,37,94.62,1,109.22
2025-06-29,CMP-1000,Paid Search,2031,92,86.81,3,270.31
2025-04-26,CMP-1016,Affiliate,743,5,4.12,0,0.0
2025-03-26,CMP-1018,Organic Social,2888,73,0.0,2,125.37
2025-07-20,CMP-1000,Paid Search,1512,72,79.66,4,252.07
2025-05-14,CMP-1018,Organic Social,4479,90,0.0,2,122.36
2025-06-12,CMP-1006,Paid Social,1960,28,25.78,0,0.0
2025-04-21,CMP-1005,Paid Social,6269,74,64.4,3,195.46
2025-09-20,CMP-1017,Affiliate,593,11,7.75,0,0.0
2025-10-06,CMP-1017,Affiliate,788,12,6.6,0,0.0
2025-03-18,CMP-1007,Paid Social,3073,37,30.35,1,48.38
2025-03-22,CMP-1019,Organic Social,3368,68,0.0,1,106.01
2025-06-17,CMP-1003,Paid Search,1230,80,163.22,3,407.86
2025-08-10,CMP-1004,Paid Social,1087,6,8.6,0,0.0
2025-03-16,CMP-1006,Paid Social,843,10,10.84,0,0.0
2025-01-20,CMP-1018,Organic Social,4544,90,0.0,2,197.05
2025-10-01,CMP-1019,Organic Social,3235,92,0.0,0,0.0
2025-08-24,CMP-1017,Affiliate,501,18,8.21,2,170.63
2025-03-03,CMP-1005,Paid Social,9101,136,226.7,1,63.79
2025-09-27,CMP-1004,Paid Social,1341,11,12.48,0,0.0
2025-06-06,CMP-1016,Affiliate,1229,23,17.07,2,251.26
2025-06-17,CMP-1002,Paid Search,1273,56,141.6,3,359.51
2025-04-21,CMP-1015,Affiliate,6027,89,58.43,5,360.96
2025-10-06,CMP-1008,Email,1319,36,5.14,2,279.25
2025-02-24,CMP-1002,Paid Search,1126,54,136.07,2,233.69
2025-03-21,CMP-1001,Paid Search,2500,122,172.84,11,1358.1
2025-05-14,CMP-1002,Paid Search,1262,62,79.63,2,236.06
2025-08-11,CMP-1003,Paid Search,955,40,37.49,2,150.4
2025-04-19,CMP-1014,Display,967,3,1.41,0,0.0
2025-03-05,CMP-1011,Email,6084,217,42.97,10,1062.41
2025-04-14,CMP-1004,Paid Social,1764,24,23.21,0,0.0
2025-06-04,CMP-1000,Paid Search,2443,126,310.65,9,655.15
2025-07-08,CMP-1014,Display,1189,2,1.51,0,0.0
2025-03-10,CMP-1010,Email,1098,17,2.5,0,0.0
2025-05-16,CMP-1017,Affiliate,741,8,6.67,0,0.0
2025-09-25,CMP-1003,paid search,1445,62,89.59,2,149.38
2025-07-22,CMP-1000,Paid Search,2248,125,200.5,10,655.04
2025-06-17,CMP-1014,Display,1584,4,2.57,0,0.0
2025-06-12,CMP-1020,Organic Social,4165,88,0.0,0,0.0
2025-04-20,CMP-1020,Organic Social,2366,48,0.0,2,86.68
2025-05-24,CMP-1014,Display,855,2,1.69,0,0.0
2025-08-10,CMP-1016,Affiliate,832,12,10.25,0,0.0
2025-03-03,CMP-1014,Display,1879,5,4.79,0,0.0
2025-09-26,CMP-1017,Affiliate,696,21,13.47,0,0.0
2025-01-19,CMP-1018,Organic Social,3287,64,0.0,1,91.29
2025-03-07,CMP-1016,Affiliate,902,17,10.86,2,175.09
2025-06-05,CMP-1010,Email,1137,37,6.91,4,441.96
2025-08-05,CMP-1017,Affiliate,858,22,15.43,0,0.0
2025-06-08,CMP-1019,Organic Social,2460,55,0.0,1,82.46
2025-03-11,CMP-1013,Display,2650,9,3.86,0,0.0
2025-06-01,CMP-1013,Display,1966,11,10.59,0,0.0
2025-05-21,CMP-1009,Email,903,27,4.86,2,168.35
2025-07-29,CMP-1016,Affiliate,712,15,14.63,0,0.0
2025-08-07,CMP-1008,Email,938,44,4.12,1,81.1
2025-09-03,CMP-1003,Paid Search,1424,63,63.1,2,216.89
2025-05-01,CMP-1020,organic social,4265,79,0.0,1,41.91
2025-02-18,CMP-1013,Display,1801,8,3.0,0,0.0
2025-07-26,CMP-1020,Organic Social,2533,60,0.0,2,82.69
2025-05-15,CMP-1003,Paid Search,1202,69,68.51,3,306.7
2025-08-03,CMP-1020,Organic Social,3079,56,0.0,1,66.34
2025-01-26,CMP-1016,Affiliate,805,8,6.95,0,0.0
2025-06-08,CMP-1010,Email,848,28,2.58,2,114.37
2025-07-23,CMP-1016,Affiliate,974,11,9.95,0,0.0
2025-08-30,CMP-1003,Paid Search,673,28,46.88,0,0.0
2025-04-22,CMP-1000,Paid Search,2700,165,245.47,4,624.39
2025-07-29,CMP-1002,Paid Search,1008,45,53.07,3,215.78
2025-07-29,CMP-1020,Organic Social,4286,61,0.0,1,54.98
2025-08-26,CMP-1020,Organic Social,5231,69,0.0,0,0.0
2025-05-28,CMP-1019,Organic Social,3702,87,0.0,0,0.0
2025-07-08,CMP-1000,Paid Search,1706,36,67.8,0,0.0
2025-10-10,CMP-1019,Organic Social,3274,31,0.0,0,0.0
2025-05-01,CMP-1011,Email,4361,117,1105.5,5,436.66
2025-04-20,CMP-1018,Organic Social,5299,83,0.0,1,56.56
2025-04-27,CMP-1018,Organic Social,2930,53,0.0,3,156.37
2025-02-28,CMP-1017,Affiliate,615,8,4.95,1,101.92
2025-04-28,CMP-1010,Email,1388,42,6.5,6,524.14
2025-04-17,CMP-1008,Email,1151,29,3.57,2,141.13
2025-05-11,CMP-1009,Email,1002,11,,0,0.0
2025-03-29,CMP-1007,Paid Social,3541,28,32.26,1,73.02
2025-05-19,CMP-1004,Paid Social,1557,19,26.39,1,88.68
2025-05-15,CMP-1000,paid search,1853,127,300.42,8,548.34
2025-04-05,CMP-1015,Affiliate,3549,43,32.74,2,325.51
2025-04-07,CMP-1006,Paid Social,2083,19,11.0,0,0.0
2025-01-16,CMP-1011,Email,5374,231,31.24,11,1240.93
2025-07-28,CMP-1016,Affiliate,860,27,26.46,1,98.75
2025-04-05,CMP-1008,Email,1024,28,2.27,2,201.05
2025-09-18,CMP-1003,Paid Search,1484,84,87.97,3,225.0
2025-01-28,CMP-1016,Affiliate,895,30,23.44,0,0.0
2025-05-27,CMP-1019,Organic Social,4447,62,0.0,2,139.23
2025-07-05,CMP-1008,Email,983,21,2.45,1,95.65
2025-03-01,CMP-1013,Display,1471,14,13.62,0,0.0
2025-05-17,CMP-1015,Affiliate,4980,141,104.02,2,163.51
2025-06-28,CMP-1002,Paid Search,945,39,44.38,2,158.11
2025-07-05,CMP-1000,Paid Search,1339,57,131.01,2,201.61
2025-04-27,CMP-1009,Email,939,20,2.57,1,82.67
2025-07-18,CMP-1016,Affiliate,736,13,14.1,0,0.0
2025-05-08,CMP-1009,Email,1316,45,3.78,3,413.64
2025-04-07,CMP-1005,Paid Social,7090,75,74.19,2,120.07
2025-05-31,CMP-1000,Paid Search,1552,81,75.95,6,547.96
2025-02-19,CMP-1019,Organic Social,4111,61,0.0,1,95.51
2025-03-08,CMP-1006,Paid Social,1175,17,22.0,0,0.0
2025-05-27,CMP-1009,Email,1426,36,6.11,2,145.76
2025-08-24,CMP-1020,Organic Social,2961,53,0.0,0,0.0
2025-04-03,CMP-1019,Organic Social,4442,78,0.0,1,85.39
2025-05-06,CMP-1010,Email,1855,59,3.17,5,538.48
2025-05-20,CMP-1017,Affiliate,608,9,3.8,1,119.7
2025-02-06,CMP-1018,Organic Social,5267,90,0.0,2,92.44
2025-04-02,CMP-1007,Paid Social,4372,34,40.06,1,66.0
2025-05-25,CMP-1015,Affiliate,5144,112,67.49,2,179.69
2025-10-12,CMP-1008,Email,686,21,3.46,0,0.0
2025-11-01,CMP-1008,Email,1702,22,1.95,3,228.14
2025-04-19,CMP-1002,Paid Search,711,30,30.15,3,295.78
2025-06-19,CMP-1006,Paid Social,1409,10,17.11,0,0.0
2025-06-05,CMP-1003,Paid Search,1470,85,124.73,6,675.95
2025-07-08,CMP-1020,Organic Social,4163,61,0.0,1,44.65
2025-10-02,CMP-1017,Affiliate ,671,13,5.74,0,0.0
2025-04-05,CMP-1000,Paid Search,1692,57,100.08,4,442.79
2025-08-14,CMP-1017,Affiliate,718,10,5.1,1,146.51
2025-07-29,CMP-1006,Paid Social,2151,34,48.39,1,45.3
2025-04-09,CMP-1000,Paid Search,3000,168,176.02,18,1874.22
2025-02-13,CMP-1007,Paid Social,2668,40,30.98,0,0.0
2025-03-18,CMP-1010,Email,1135,44,4.06,2,162.9
2025-03-16,CMP-1018,Organic Social,2559,68,0.0,2,186.54
2025-05-07,CMP-1009,Email,1246,38,2.29,0,0.0
2025-10-02,CMP-1004,Paid Social,1857,8,10.46,0,0.0
2025-04-22,CMP-1007,Paid Social,3950,57,100.81,1,110.61
2025-07-13,CMP-1009,Email,1110,35,5.2,2,313.16
2025-04-06,CMP-1004,Paid Social,1147,15,25.75,0,0.0
2025-04-05,CMP-1010,Email,624,28,2.92,2,107.67
2025-06-24,CMP-1006,Paid Social,2463,15,8.31,0,0.0
2025-05-11,CMP-1001,Paid Search,3227,164,152.49,12,975.93
2025-04-13,CMP-1020,Organic Social,2826,53,0.0,2,100.77
2025-04-23,CMP-1011,Email,5804,243,35.58,16,1612.18
2025-03-22,CMP-1006,Paid Social,1065,17,26.19,0,0.0
2025-03-12,CMP-1000,Paid Search,2826,102,99.78,2,235.85
2025-02-25,CMP-1009,Email,959,25,3.06,1,106.84
2025-03-28,CMP-1014,Display,1260,6,4.43,0,0.0
2025-05-02,CMP-1015,Affiliate,7413,121,122.44,6,692.09
2025-11-18,CMP-1008,Email,2263,56,7.72,4,449.37
2025-07-17,CMP-1014,Display,1612,4,3.79,0,0.0
2025-03-28,CMP-1019,Organic Social,2991,76,0.0,0,0.0
2025-01-31,CMP-1002,Paid Search,1158,33,72.28,2,161.96
2025-04-24,CMP-1015,Affiliate,6650,128,62.44,5,675.88
2025-04-01,CMP-1005,Paid Social,5744,72,96.62,2,118.51
2025-03-10,CMP-1002,Paid Search,1237,80,98.52,8,1010.3
2025-04-19,CMP-1006,Paid Social,1171,21,34.99,0,0.0
2025-05-01,CMP-1001,Paid Search,3358,120,260.72,4,466.95
2025-05-11,CMP-1016,Affiliate,467,3,1.5,0,0.0
2025-03-17,CMP-1006,Paid Social,1966,23,33.22,0,0.0
2025-05-25,CMP-1003,Paid Search,840,48,78.44,4,488.58
2025-07-30,CMP-1006,Paid Social,1241,11,19.09,0,0.0
2025-03-25,CMP-1005,Paid Social,7304,97,86.2,1,57.95
2025-02-16,CMP-1012,Display,3542,19,10.58,0,0.0
2025-07-20,CMP-1004,Paid Social,1008,19,18.62,0,0.0
2025-04-02,CMP-1008,Email,1214,47,3.84,4,277.56
2025-01-15,CMP-1016,Affiliate,873,8,8.11,1,113.34
2025-04-08,CMP-1020,Organic Social,3790,80,0.0,1,33.94
2025-04-22,CMP-1017,Affiliate,692,14,9.52,0,0.0
2025-08-09,CMP-1004,Paid Social,1078,14,13.24,0,0.0
2025-05-22,CMP-1009,Email,1394,33,2.06,5,401.37
2025-02-01,CMP-1002,Paid Search,928,35,79.52,1,123.07
2025-04-25,CMP-1016,Affiliate,910,13,8.37,0,0.0
2025-03-06,CMP-1002,Paid-Search,985,48,49.25,3,398.7
2025-03-13,CMP-1014,Display,1229,2,1.32,0,0.0
2025-05-20,CMP-1001,Paid Search,3857,226,,16,1746.01
2025-03-16,CMP-1011,Email,3294,96,6.99,6,487.7
2025-02-13,CMP-1018,Organic Social,2995,53,0.0,0,0.0
2025-05-20,CMP-1003,Paid Search,577,26,65.78,1,73.35
2025-05-22,CMP-1010,Email,914,22,2.79,0,0.0
2025-05-09,CMP-1013,Display,2328,8,8.71,0,0.0
2025-03-20,CMP-1007,Paid Social,4826,79,123.44,0,0.0
2025-03-06,CMP-1014,Display,1242,5,3.21,0,0.0
2025-05-12,CMP-1001,Paid Search,4521,156,146.66,11,1088.97
2025-08-29,CMP-1017,Affiliate,596,16,8.24,0,0.0
2025-04-04,CMP-1001,Paid Search,4413,179,255.24,6,394.28
2025-03-02,CMP-1005,Paid Social,6920,86,111.11,1,57.56
2025-05-18,CMP-1019,Organic Social,2451,42,0.0,0,0.0
2025-09-05,CMP-1017,Affiliate,752,14,14.22,1,72.49
2025-03-14,CMP-1019,Organic Social,3131,47,0.0,1,68.14
2025-03-03,CMP-1016,Affiliate,682,13,7.5,0,0.0
2025-05-14,CMP-1008,Email,1010,23,4.02,1,65.43
2025-06-17,CMP-1019,Organic Social,4063,71,0.0,0,0.0
2025-03-19,CMP-1014,Display,1291,6,3.93,0,0.0
2025-06-11,CMP-1010,Email,1155,39,3.82,4,289.24
2025-03-22,CMP-1005,Paid Social,4430,73,77.1,2,137.33
2025-05-09,CMP-1019,Organic Social,4834,78,0.0,1,46.97
2025-04-01,CMP-1012,Display,6907,33,22.81,0,0.0
2025-02-04,CMP-1013,Display,2628,8,2.89,0,0.0
2025-01-27,CMP-1013,Display,2064,10,5.87,0,0.0
2025-05-04,CMP-1008,Email,943,35,6.77,1,89.77
2025-05-04,CMP-1013,Display,1479,2,1.11,0,0.0
2025-05-13,CMP-1016,Affiliate,1035,27,18.19,0,0.0
2025-02-19,CMP-1018,Organic Social,5163,83,0.0,2,151.03
2025-03-15,CMP-1014,Display,1372,4,1.9,0,0.0
2025-11-07,CMP-1004,Paid Social,1626,22,18.15,1,69.1
2025-03-24,CMP-1007,Paid Social,3950,64,97.96,3,240.55
2025-07-19,CMP-1019,Organic Social,2305,70,0.0,2,183.33
2025-04-10,CMP-1016,Affiliate,881,11,5.86,0,0.0
2025-09-07,CMP-1008,Email,544,12,1.04,0,0.0
2025-06-23,CMP-1000,Paid Search,2416,90,108.1,10,1203.43
2025-08-05,CMP-1004,Paid Social,1285,7,6.5,0,0.0
2025-06-26,CMP-1016,Affiliate,1278,36,37.88,1,66.61
2025-07-05,CMP-1020,Organic Social,2917,53,0.0,0,0.0
2025-06-17,CMP-1006,Paid Social,2487,34,26.93,2,126.6
2025-06-10,CMP-1008,Email,1290,32,5.22,3,214.62
2025-08-09,CMP-1019,Organic Social,2845,57,0.0,1,49.01
2025-03-31,CMP-1017,Affiliate,729,13,15.07,0,0.0
2025-08-17,CMP-1017,Affiliate,517,10,4.26,0,0.0
2025-04-26,CMP-1015,Affiliate,5054,132,136.31,5,475.23
2025-02-12,CMP-1007,Paid Social,4197,35,39.78,2,89.36
2025-10-13,CMP-1004,Paid Social,1717,13,,0,0.0
2025-05-20,CMP-1018,Organic Social,5047,90,0.0,6,389.26
2025-08-24,CMP-1020,Organic Social,2961,53,0.0,0,0.0
2025-04-28,CMP-1002,Paid Search,1127,32,73.45,0,0.0
2025-01-28,CMP-1012,Display,5041,10,5.09,0,0.0
2025-06-09,CMP-1008,Email,1352,26,4.16,3,305.36
2025-04-16,CMP-1016,Affiliate,909,18,19.99,0,0.0
2025-05-28,CMP-1001,Paid Search,3508,174,415.69,4,260.08
2025-05-25,CMP-1020,Organic Social,2369,65,0.0,2,138.32
2025-06-16,CMP-1009,Email,1498,28,4.62,2,157.97
2025-09-08,CMP-1004,Paid Social,1854,12,10.14,1,74.12
2025-06-04,CMP-1010,e-mail,1183,40,2.5,6,545.64
2025-03-07,CMP-1013,Display,3066,8,4.6,0,0.0
2025-06-27,CMP-1009,Email,1284,50,4.73,0,0.0
2025-04-27,CMP-1016,Affiliate,839,13,9.75,0,0.0
2025-03-01,CMP-1019,Organic Social,3351,72,0.0,0,0.0
2025-06-23,CMP-1003,Paid Search,1277,47,56.35,5,323.34
2025-06-09,CMP-1019,Organic Social,3758,51,0.0,0,0.0
2025-05-22,CMP-1019,Organic Social,2950,58,0.0,1,91.54
2025-03-18,CMP-1002,Paid Search,1018,43,65.05,2,256.86
2025-04-10,CMP-1012,Display,5152,19,13.52,0,0.0
2025-03-07,CMP-1014,Display,1352,7,2.48,0,0.0
2025-11-16,CMP-1008,Email,1139,24,2.84,0,0.0
2025-04-04,CMP-1016,Affiliate,866,32,19.55,2,118.88
2025-03-12,CMP-1012,Display,3352,14,14.3,0,0.0
2025-05-28,CMP-1003,Paid Search,746,32,42.07,3,360.64
2025-03-02,CMP-1010,Email,961,29,4.9,1,87.18
2025-04-30,CMP-1018,Organic Social,4748,36,0.0,0,0.0
2025-07-09,CMP-1019,Organic Social,4209,83,0.0,2,150.57
2025-06-11,CMP-1008,Email,1190,54,4.06,2,152.1
2025-05-03,CMP-1008,Email,1002,24,3.31,3,178.66
2025-05-20,CMP-1013,Display,2442,13,13.14,0,0.0
2025-05-04,CMP-1017,Affiliate,471,16,11.42,0,0.0
2025-02-03,CMP-1011,Email,4822,140,15.53,10,1146.52
2025-07-11,CMP-1014,Display,1497,6,4.35,0,0.0
2025-09-22,CMP-1003,Paid Search,1129,60,109.16,4,480.92
2025-03-25,CMP-1007,Paid Social,4212,54,38.52,1,87.93
2025-03-12,CMP-1006,Paid Social,1954,20,25.01,0,0.0
2025-05-27,CMP-1014,Display,1623,4,2.52,0,0.0
2025-03-25,CMP-1010,Email,732,34,3.43,1,57.77
2025-11-18,CMP-1004,Paid Social,2989,17,11.13,0,0.0
2025-04-27,CMP-1011,Email,3755,144,25.76,9,1015.72
2025-05-26,CMP-1013,Display,2274,8,7.8,0,0.0
2025-09-02,CMP-1016,Affiliate,1086,27,14.0,1,101.97
2025-06-06,CMP-1004,Paid Social,1568,12,16.19,0,0.0
2025-06-23,CMP-1004,Paid Social,1943,18,15.66,0,0.0
2025-01-26,CMP-1018,Organic Social,3184,42,0.0,0,0.0
2025-02-14,CMP-1012,Display,4667,12,6.68,0,0.0
2025-06-27,CMP-1020,Organic Social,3801,74,0.0,1,66.91
2025-06-20,CMP-1000,Paid Search,2728,135,183.41,12,705.67
2025-05-16,CMP-1001,Paid Search,3656,72,72.41,1,165.19
2025-01-26,CMP-1012,Display,4901,19,13.78,0,0.0
2025-02-17,CMP-1019,Organic Social,2029,34,0.0,1,75.66
2025-03-09,CMP-1010,Email,1032,35,5.37,7,627.21
2025-08-08,CMP-1003,Paid Search,1379,65,79.2,4,301.56
2025-05-17,CMP-1000,Paid Search,2175,101,243.02,0,0.0
2025-06-10,CMP-1019,Organic Social,3847,70,0.0,1,96.38
2025-05-11,CMP-1011,Email,4240,161,27.62,6,446.46
2025-03-03,CMP-1000,Paid Search,3434,172,366.04,10,1428.91
2025-05-08,CMP-1020,Organic Social,3563,75,0.0,1,44.68
2025-06-16,CMP-1014,Display,1234,5,2.18,0,0.0
2025-10-14,CMP-1008,Email,1185,59,6.48,1,104.97
2025-08-14,CMP-1008,Email,1149,42,4.34,2,120.69
2025-04-04,CMP-1011,Email,6633,214,31.56,14,919.25
2025-07-11,CMP-1009,Email,1227,21,1.89,1,104.45
2025-04-25,CMP-1006,Paid Social,2217,35,50.58,0,0.0
2025-04-06,CMP-1006,Paid Social,1590,9,14.08,0,0.0
2025-04-25,CMP-1004,Paid Social,1642,22,37.8,0,0.0
2025-05-21,CMP-1002,Paid Search,1160,40,42.99,2,238.54
2025-06-04,CMP-1008,Email,1010,13,1.05,1,70.16
2025-09-30,CMP-1019,Organic Social,3648,82,0.0,1,53.69
2025-02-24,CMP-1011,Email,4370,169,29.62,8,902.25
2025-04-10,CMP-1014,Display,1842,8,5.65,0,0.0
2025-07-20,CMP-1017,Affiliate,523,14,13.8,0,0.0
2025-06-15,CMP-1016,Affiliate,677,15,9.65,1,119.92
2025-05-28,CMP-1000,paid search,2474,139,192.93,9,730.43
2025-06-03,CMP-1019,Organic Social,2663,27,0.0,0,0.0
2025-07-13,CMP-1016,Affiliate,746,16,17.64,0,0.0
2025-09-09,CMP-1003,Paid Search,1492,61,109.67,3,296.63
2025-06-28,CMP-1009,Email,835,9,1.53,1,127.44
2025-04-09,CMP-1005,Paid Social,5896,80,64.8,3,268.54
2025-04-05,CMP-1007,Paid Social,3339,39,41.38,0,0.0
2025-08-09,CMP-1016,Affiliate,663,18,7.91,0,0.0
2025-02-22,CMP-1014,Display,1232,7,2.52,0,0.0
2025-06-30,CMP-1002,Paid Search,1249,38,57.12,1,132.37
2025-08-19,CMP-1003,Paid Search,1479,78,183.11,9,685.15
2025-04-15,CMP-1015,Affiliate,5922,132,53.75,4,591.49
2025-02-17,CMP-1014,Display,1586,5,2.02,0,0.0
2025-03-21,CMP-1007,Paid Social,3788,62,99.87,2,138.4
2025-03-22,CMP-1013,Display,1898,6,,0,0.0
2025-08-14,CMP-1003,Paid Search,1201,42,95.15,1,64.77
2025-03-05,CMP-1018,Organic Social,4098,57,0.0,0,0.0
2025-05-03,CMP-1006,Paid Social,1246,17,14.28,0,0.0
2025-07-09,CMP-1016,Affiliate,868,30,25.79,1,81.74
2025-03-13,CMP-1018,Organic Social,5456,137,0.0,3,152.55
2025-06-01,CMP-1016,Affiliate,635,17,12.03,0,0.0
2025-07-25,CMP-1000,Paid Search,2230,148,248.8,14,1756.98
2025-04-23,CMP-1007,Paid Social,3659,71,121.28,2,218.3
2025-04-22,CMP-1003,Paid Search,1392,52,51.47,1,106.32
2025-02-27,CMP-1011,Email,6676,189,26.21,17,1396.42
2025-07-13,CMP-1008,Email,779,15,2.27,0,0.0
2025-04-16,CMP-1014,Display,1970,7,6.8,0,0.0
2025-05-02,CMP-1008,Email,1407,59,5.73,2,147.6
2025-09-09,CMP-1008,Email,1129,29,1.6,2,197.12
2025-10-03,CMP-1017,Affiliate,790,21,23.8,0,0.0
2025-06-04,CMP-1018,Organic Social,3338,67,0.0,1,87.28
2025-02-12,CMP-1018,Organic Social,3720,90,0.0,2,104.22
2025-03-07,CMP-1007,Paid Social,4525,83,124.88,1,61.03
2025-04-10,CMP-1015,Affiliate,7723,134,113.45,5,553.67
2025-07-06,CMP-1016,Affiliate,652,15,10.29,0,0.0
2025-05-11,CMP-1018,Organic Social,3285,105,0.0,3,271.25
2025-04-15,CMP-1018,Organic Social,4450,62,0.0,0,0.0
2025-05-20,CMP-1002,Paid Search,967,60,137.97,1,129.18
2025-03-11,CMP-1018,Organic Social,4553,120,0.0,1,78.32
2025-08-06,CMP-1004,Social Paid,1070,6,4.32,1,63.48
2025-06-24,CMP-1017,Affiliate,579,17,17.4,0,0.0
2025-08-02,CMP-1008,Email,828,24,1.37,0,0.0
2025-04-19,CMP-1011,Email,4405,158,21.88,4,484.54
2025-02-27,CMP-1016,Affiliate,607,18,10.61,0,0.0
2025-06-27,CMP-1017,Affiliate,797,28,12.1,0,0.0
2025-03-31,CMP-1018,Organic Social,6139,78,0.0,0,0.0
2025-06-28,CMP-1016,Affiliate,602,10,11.85,0,0.0
2025-06-03,CMP-1009,Email,1012,19,2.82,2,137.46
2025-04-21,CMP-1013,Display,2889,12,7.46,0,0.0
2025-04-19,CMP-1017,Affiliate,392,9,9.88,0,0.0
2025-07-26,CMP-1004,Paid Social,1005,19,31.63,0,0.0
2025-04-20,CMP-1019,Organic Social,2415,26,0.0,0,0.0
2025-04-01,CMP-1010,Email,1442,56,9.3,2,114.21
2025-05-15,CMP-1006,Paid Social,2529,32,32.02,0,0.0
2025-01-21,CMP-1011,Email,4690,100,16.9,7,403.27
2025-02-11,CMP-1012,Display,7189,28,12.7,0,0.0
2025-03-12,CMP-1013,Display,2026,12,10.24,0,0.0
2025-05-08,CMP-1018,Organic-Social,4898,94,0.0,1,71.86
2025-06-19,CMP-1004,Paid Social,1786,18,22.13,0,0.0
2025-04-18,CMP-1016,Affiliate,674,9,6.42,0,0.0
2025-06-05,CMP-1002,Paid Search,1101,69,137.29,3,308.88
2025-05-28,CMP-1002,Paid Search,992,50,101.53,0,0.0
2025-03-09,CMP-1001,PPC,2646,178,325.25,12,1076.36
2025-04-17,CMP-1005,Paid Social,5964,69,44.06,1,83.6
2025-03-20,CMP-1002,Paid Search,1341,88,137.43,9,1039.81
2025-08-27,CMP-1017,Affiliate,954,24,12.76,0,0.0
2025-09-18,CMP-1019,Organic Social,2722,55,0.0,0,0.0
2025-04-22,CMP-1008,Email,1135,38,3.7,3,185.82
2025-06-17,CMP-1000,Paid Search,1822,84,112.46,4,314.6
2025-05-19,CMP-1013,Display,2065,3,3.13,0,0.0
2025-04-23,CMP-1000,Paid Search,2417,84,78.19,11,1358.07
2025-06-23,CMP-1014,Display,1236,6,5.92,0,0.0
2025-09-18,CMP-1004,Social Paid,1953,16,15.65,1,97.98
2025-05-14,CMP-1011,Email,4977,225,28.41,20,3151.04
2025-02-24,CMP-1013,Display,2131,8,6.64,0,0.0
2025-04-15,CMP-1015,Affiliate,5922,132,53.75,4,591.49
2025-10-15,CMP-1008,Email,1562,61,8.51,6,740.32
2025-05-12,CMP-1002,Paid Search,969,41,91.78,2,182.94
2025-07-28,CMP-1003,Paid Search,971,45,85.91,1,104.09
2025-09-28,CMP-1019,Organic Social,2302,34,0.0,2,139.67
2025-07-02,CMP-1004,Paid Social,1205,12,8.39,1,76.59
2025-05-31,CMP-1001,Paid Search,3285,130,273.76,9,1155.82
2025-05-16,CMP-1010,Email,1206,26,3.77,2,182.84
2025-06-21,CMP-1019,Organic Social,2566,41,0.0,0,0.0
2025-06-09,CMP-1010,Email,899,20,2.98,2,220.64
2025-04-29,CMP-1001,Paid Search,4778,129,226.43,13,744.37
2025-03-10,CMP-1019,Organic Social,4402,88,0.0,1,55.15
2025-03-27,CMP-1014,Display,875,2,1.1,0,0.0
2025-04-07,CMP-1015,Affiliate,9495,182,146.74,10,907.31
2025-03-31,CMP-1012,Display,6057,20,20.38,0,0.0
2025-07-08,CMP-1017,Affiliate,904,20,17.57,0,0.0
2025-06-18,CMP-1017,Affiliate,575,8,7.48,0,0.0
2025-01-27,CMP-1012,Display,7916,28,27.67,0,0.0
2025-03-26,CMP-1010,Email,1128,46,7.7,4,338.83
2025-02-17,CMP-1013,Display,1869,7,5.93,1,57.41
2025-04-16,CMP-1006,Paid Social,1716,25,28.47,1,104.99
2025-05-03,CMP-1019,Organic Social,2714,51,0.0,0,0.0
2025-04-08,CMP-1003,Paid Search,1225,20,21.74,1,67.0
2025-02-17,CMP-1016,affiliates,594,12,7.45,0,0.0
2025-05-30,CMP-1016,affiliates,1075,30,16.27,1,68.77
2025-01-17,CMP-1016,Affiliate,617,7,3.74,0,0.0
2025-05-17,CMP-1003,Paid Search,1022,42,72.45,8,494.55
2025-03-06,CMP-1016,Affiliate,958,9,8.53,1,80.72
2025-05-10,CMP-1013,Display,1057,4,2.76,0,0.0
2025-07-29,CMP-1003,Paid Search,1167,71,178.6,2,214.44
2025-03-08,CMP-1019,Organic Social,3718,119,0.0,0,0.0
2025-03-14,CMP-1012,Display,5577,22,12.51,0,0.0
2025-04-13,CMP-1011,Email,4390,162,21.93,10,1127.76
2025-09-04,CMP-1003,Paid Search,1472,67,108.68,6,590.11
2025-07-17,CMP-1004,Paid Social,1973,36,35.21,2,182.41
2025-04-08,CMP-1008,Email,1317,60,11.8,3,279.82
2025-04-13,CMP-1012,Display,5126,23,22.62,1,48.62
2025-03-17,CMP-1016,Affiliate,813,8,8.2,0,0.0
2025-04-29,CMP-1008,Email,1374,57,5.35,3,197.3
2025-08-18,CMP-1016,Affiliate,769,17,9.83,0,0.0
2025-08-02,CMP-1014,Display,1539,5,4.34,0,0.0
2025-02-05,CMP-1018,Organic Social,3176,86,0.0,1,77.96
2025-03-05,CMP-1007,Paid Social,4235,35,27.97,1,85.77
2025-05-07,CMP-1013,Display,2776,7,5.35,0,0.0
2025-06-30,CMP-1010,Email,824,12,1.54,0,0.0
2025-04-23,CMP-1005,Paid Social,7162,100,91.4,5,447.44
2025-04-11,CMP-1000,Paid Search,2032,81,96.77,4,294.74
2025-03-28,CMP-1016,Affiliate,758,10,7.88,0,0.0
2025-07-13,CMP-1019,Organic Social,2615,43,0.0,0,0.0
2025-03-06,CMP-1006,Paid Social,1990,27,21.78,0,0.0
2025-08-16,CMP-1004,Paid Social,1259,13,22.29,0,0.0
2025-02-18,CMP-1014,Display,1424,6,2.14,0,0.0
2025-06-09,CMP-1003,Paid Search,1231,46,51.83,2,145.52
2025-05-09,CMP-1003,Paid Search,1406,72,99.41,10,981.67
2025-02-10,CMP-1016,Affiliate,822,10,10.49,0,0.0
2025-04-05,CMP-1001,Paid Search,3714,199,333.44,7,814.86
2025-01-22,CMP-1012,Display,8002,34,32.63,0,0.0
2025-08-23,CMP-1008,Email,1128,33,4.6,0,0.0
2025-06-25,CMP-1003,Paid Search,1144,26,66.9,0,0.0
2025-08-19,CMP-1019,Organic Social,4484,79,0.0,0,0.0
2025-06-23,CMP-1008,Email,1379,40,2.14,1,66.15
2025-02-25,CMP-1007,Paid Social,4115,29,17.48,0,0.0
2025-06-29,CMP-1009,Email,935,48,5.03,4,427.52
2025-02-20,CMP-1000,Paid Search,1966,86,207.89,10,869.4
2025-10-12,CMP-1019,Organic Social,2291,39,0.0,0,0.0
2025-05-22,CMP-1015,Affiliate,6502,110,120.84,3,399.07
2025-07-17,CMP-1000,Paid Search,2751,125,308.59,14,1004.73
2025-03-30,CMP-1014,Display,1277,9,7.03,0,0.0
2025-03-21,CMP-1009,Email,1421,67,8.57,5,495.23
2025-09-03,CMP-1019,Organic Social,4319,112,0.0,3,253.51
2025-10-28,CMP-1004,Paid Social,1268,11,11.68,1,70.17
2025-05-06,CMP-1016,Affiliate,677,18,18.8,1,131.35
2025-03-23,CMP-1016,Affiliate,523,8,4.45,0,0.0
2025-03-30,CMP-1012,Display,4809,25,10.05,0,0.0
2025-08-08,CMP-1000,Paid Search,1933,73,189.35,4,413.94
2025-02-04,CMP-1002,Paid Search,1130,47,99.7,4,428.08
2025-08-05,CMP-1019,Organic Social,4094,57,0.0,0,0.0
2025-06-03,CMP-1013,Display,2126,8,7.93,0,0.0
2025-06-20,CMP-1014,Display,1169,7,3.23,0,0.0
2025-08-31,CMP-1003,Paid Search,1028,55,134.79,7,967.75
2025-05-31,CMP-1004,Paid Social,1394,20,21.85,0,0.0
2025-05-09,CMP-1014,Display,1742,8,3.64,0,0.0
2025-05-16,CMP-1015,Affiliate,6869,156,94.57,2,209.49
2025-05-06,CMP-1011,Email,6328,114,21.94,10,1093.84
2025-04-07,CMP-1017,Affiliate,888,14,6.62,0,0.0
2025-06-23,CMP-1019,Organic Social,4364,81,0.0,0,0.0
2025-04-01,CMP-1014,Display,1164,0,0.0,0,0.0
2025-06-15,CMP-1019,Organic Social,2313,46,0.0,0,0.0
2025-05-04,CMP-1011,Email,3942,132,16.99,11,830.44
2025-07-14,CMP-1004,Paid Social,1022,10,8.78,0,0.0
2025-02-12,CMP-1012,display ads,5407,25,26.07,0,0.0
2025-05-04,CMP-1014,Display,930,2,0.72,0,0.0
2025-08-02,CMP-1020,Organic Social,2924,47,0.0,2,153.94
2025-05-27,CMP-1016,Affiliate,862,18,13.1,1,83.43
2025-05-12,CMP-1011,Email,6365,200,37.16,17,2036.41
2025-05-03,CMP-1014,Display,998,7,6.14,0,0.0
2025-07-01,CMP-1004,Paid Social,1610,8,11.69,0,0.0
2025-07-13,CMP-1002,Paid Search,698,38,66.54,1,103.76
2025-05-09,CMP-1000,Paid Search,2516,85,111.95,2,216.28
2025-04-12,CMP-1014,Display,1098,5,3.94,0,0.0
2025-02-07,CMP-1016,Affiliate,1141,22,9.94,0,0.0
2025-03-06,CMP-1000,Paid Search,2750,163,370.97,14,1449.04
2025-03-14,CMP-1010,Email,1208,22,3.21,2,249.27
2025-03-06,CMP-1001,Paid Search,3884,207,443.48,8,820.97
2025-04-11,CMP-1015,Affiliate,5383,119,90.48,2,134.21
2025-05-26,CMP-1008,Email,1284,55,8.35,5,591.29
2025-04-02,CMP-1002,Paid Search,815,18,33.77,3,272.74
2025-06-17,CMP-1008,Email,1541,70,7.27,3,287.23
2025-05-26,CMP-1003,Paid Search,1502,62,108.97,3,502.57
2025-02-20,CMP-1016,Affiliate,876,17,14.29,0,0.0
2025-02-14,CMP-1018,Organic Social,4725,73,0.0,3,176.65
2025-04-29,CMP-1020,Organic Social,4799,87,0.0,0,0.0
2025-03-19,CMP-1017,Affiliate,639,8,8.34,0,0.0
2025-07-17,CMP-1017,Affiliate,577,14,15.47,1,73.33
2025-04-16,CMP-1011,Email,5923,193,35.43,17,1340.43
2025-05-08,CMP-1013,Display,1993,8,7.63,0,0.0
2025-03-25,CMP-1014,Display,1385,8,7.22,0,0.0
2025-03-18,CMP-1016,Affiliate,701,13,15.33,0,0.0
2025-03-07,CMP-1002,Paid Search,686,37,56.73,2,221.08
2025-08-25,CMP-1019,Organic Social,3385,70,0.0,1,70.43
2025-04-18,CMP-1005,Paid Social,7784,95,164.95,3,239.99
2025-06-23,CMP-1009,Email,1272,34,4.99,1,77.37
2025-04-10,CMP-1011,Email,6873,201,22.42,5,607.67
2025-03-04,CMP-1000,Paid Search,2209,100,162.79,4,552.18
2025-03-08,CMP-1011,Email,3534,114,17.97,6,539.91
2025-03-18,CMP-1014,Display,2032,9,7.47,0,0.0
2025-08-29,CMP-1019,Organic Social,4122,70,0.0,0,0.0
2025-08-01,CMP-1019,Organic Social,5520,129,0.0,3,299.48
2025-06-27,CMP-1004,Paid Social,1538,21,15.18,0,0.0
2025-05-02,CMP-1014,Display,2011,11,9.68,0,0.0
2025-03-02,CMP-1012,Display,4312,16,10.6,0,0.0
2025-02-02,CMP-1012,Display,4115,14,12.83,0,0.0
2025-04-27,CMP-1020,Organic Social,2674,52,0.0,0,0.0
2025-09-09,CMP-1017,affiliates,427,12,7.86,1,113.93
2025-09-10,CMP-1016,Affiliate,1015,28,14.69,2,237.78
2025-07-19,CMP-1020,Organic Social,2859,37,0.0,1,90.21
2025-03-11,CMP-1007,Paid Social,4600,45,34.55,1,109.84
2025-06-23,CMP-1002,Paid Search,1096,49,90.31,3,338.76
2025-03-22,CMP-1010,Email,461,12,1.76,3,322.47
2025-05-04,CMP-1009,Email,1119,26,3.2,2,227.31
2025-05-23,CMP-1001,Paid Search,4352,184,452.88,9,1172.1
2025-06-01,CMP-1002,Paid Search,698,42,85.82,0,0.0
2025-10-30,CMP-1004,Paid Social,1655,14,11.15,0,0.0
2025-02-19,CMP-1002,Paid Search,1126,32,48.99,2,175.51
2025-07-19,CMP-1008,Email,716,18,1.36,1,67.5
2025-05-05,CMP-1015,Affiliate,5428,131,93.87,8,1059.72
2025-04-09,CMP-1012,Display,4802,14,14.27,0,0.0
2025-05-12,CMP-1017,Affiliate,535,7,5.62,0,0.0
2025-05-30,CMP-1006,Paid Social,1620,20,24.98,0,0.0
2025-11-08,CMP-1008,Email,1812,55,10.58,3,164.2
2025-05-19,CMP-1002,Paid Search,1149,68,132.8,1,85.37
2025-07-21,CMP-1014,Display,1442,11,6.72,0,0.0
2025-04-02,CMP-1006,Paid Social,2127,27,17.5,0,0.0
2025-04-14,CMP-1016,Affiliate,762,16,18.72,1,64.29
2025-05-19,CMP-1016,Affiliate,838,16,17.15,2,275.99
2025-07-24,CMP-1017,Affiliate ,925,9,7.12,0,0.0
2025-04-05,CMP-1013,Display,1969,17,12.78,0,0.0
2025-07-23,CMP-1003,Paid Search,1801,97,245.66,9,991.6
2025-05-31,CMP-1006,Paid Social,1468,17,27.17,1,83.6
2025-03-04,CMP-1007,Paid Social,4099,74,110.86,1,67.44
2025-03-26,CMP-1005,Paid Social,8061,121,128.24,4,340.35
2025-06-22,CMP-1003,PPC,999,51,119.67,3,353.82
2025-03-27,CMP-1019,Organic Social,3472,73,0.0,1,90.8
2025-04-24,CMP-1019,Organic Social,2714,52,0.0,1,65.42
2025-08-21,CMP-1016,Affiliate,877,16,7.69,0,0.0
2025-07-04,CMP-1003,Paid Search,1103,52,117.09,1,121.53
2025-04-07,CMP-1003,Paid Search,1196,52,103.62,3,409.05
2025-08-09,CMP-1008,Email,1056,43,4.12,2,181.81
2025-04-01,CMP-1001,Paid Search,2866,111,138.96,1,77.58
2025-03-03,CMP-1006,Paid Social,1550,15,10.96,0,0.0
2025-07-02,CMP-1014,Display,1384,6,4.17,0,0.0
2025-08-12,CMP-1008,Email,1487,46,8.21,2,197.67
2025-03-13,CMP-1001,Paid Search,4659,228,411.8,17,1328.01
2025-06-01,CMP-1014,Display,962,6,4.02,0,0.0
2025-04-11,CMP-1012,Display,7696,36,25.31,0,0.0
2025-05-09,CMP-1008,Email,1286,52,6.42,3,260.89
2025-03-22,CMP-1007,Paid Social,2496,31,20.93,0,0.0
2025-02-21,CMP-1009,Email,948,21,1.63,1,78.89
2025-04-19,CMP-1001,Paid Search,3018,116,290.57,12,1045.23
2025-04-06,CMP-1017,Affiliate,508,5,5.56,0,0.0
2025-10-12,CMP-1017,Affiliate,607,11,7.57,0,0.0
2025-06-03,CMP-1008,Email,1630,49,8.41,4,400.56
2025-08-23,CMP-1003,Paid Search,889,42,60.04,2,279.98
2025-01-16,CMP-1018,Organic Social,4953,90,0.0,1,54.95
2025-07-19,CMP-1000,Paid Search,1746,31,61.67,2,125.81
2025-03-22,CMP-1009,Email,1148,31,2.59,1,107.36
2025-03-11,CMP-1005,Paid Social,7900,52,36.04,1,89.75
2025-04-28,CMP-1008,Email,1145,36,,2,175.16
2025-09-29,CMP-1008,Email,1057,28,3.07,6,467.51
2025-06-02,CMP-1019,Organic Social,3133,44,,1,75.84
2025-04-22,CMP-1020,Organic Social,4270,65,0.0,0,0.0
2025-04-30,CMP-1000,Paid Search,2876,35,64.8,3,391.95
2025-09-22,CMP-1004,Paid Social,1431,13,13.95,0,0.0
2025-06-22,CMP-1002,Paid Search,713,33,36.62,0,0.0
2025-03-27,CMP-1009,Email,1222,24,1.23,0,0.0
2025-05-23,CMP-1008,Email,1047,29,4.33,0,0.0
2025-04-26,CMP-1005,Paid Social,5956,63,77.53,1,86.07
2025-05-20,CMP-1010,Email,1645,42,4.87,4,467.81
2025-06-16,CMP-1017,Affiliate,885,34,24.12,2,134.18
2025-04-23,CMP-1001,Paid Search,3825,146,205.71,9,654.94
2025-05-30,CMP-1013,Display,1776,7,7.29,0,0.0
2025-05-17,CMP-1020,Organic Social,3444,71,0.0,2,154.87
2025-06-08,CMP-1013,Display,2074,4,1.97,0,0.0
2025-09-17,CMP-1004,Paid Social,1595,24,15.77,0,0.0
2025-03-09,CMP-1005,Paid Social,4436,65,78.44,1,78.4
2025-05-04,CMP-1010,Email,888,27,3.98,2,175.9
2025-06-28,CMP-1006,Paid Social,1761,19,14.83,2,100.37
2025-02-18,CMP-1002,Paid Search,1354,47,109.3,6,650.56
2025-04-10,CMP-1005,Paid Social,10041,115,154.2,4,381.54
2025-02-07,CMP-1013,Display,1827,6,5.89,0,0.0
2025-02-06,CMP-1007,Paid Social,3019,24,34.75,1,72.67
2025-02-24,CMP-1007,Paid Social,4234,22,19.32,1,66.97
2025-03-03,CMP-1012,Display,7155,35,31.47,1,63.32
2025-06-09,CMP-1000,Paid Search,2382,81,87.3,2,294.74
2025-03-04,CMP-1010,Email,752,32,4.41,3,168.71
2025-09-07,CMP-1019,Organic Social,2953,81,0.0,1,107.8
2025-04-13,CMP-1003,Paid Search,995,35,52.42,3,406.68
2025-05-24,CMP-1018,Organic Social,2497,49,0.0,0,0.0
2025-08-01,CMP-1000,Paid Search,2532,108,176.53,14,987.17
2025-05-24,CMP-1016,Affiliate,595,16,17.43,2,262.67
2025-02-26,CMP-1016,Affiliate,970,18,12.77,0,0.0
2025-07-17,CMP-1020,Organic Social,3967,65,0.0,3,126.1
2025-03-24,CMP-1005,Paid Social,9918,146,196.72,6,665.87
2025-04-10,CMP-1010,Email,1256,52,6.14,2,229.72
2025-02-14,CMP-1007,Paid Social,4074,58,36.37,0,0.0
2025-08-19,CMP-1017,Affiliate,762,13,8.45,0,0.0
2025-04-16,CMP-1005,Paid Social,6095,77,58.44,1,55.06
2025-04-03,CMP-1017,Affiliate,686,17,16.31,0,0.0
2025-07-01,CMP-1009,Email,1207,26,3.59,0,0.0
2025-08-24,CMP-1003,Paid Search,773,15,22.87,1,103.12
2025-01-25,CMP-1013,Display,1427,6,5.74,0,0.0
2025-05-17,CMP-1001,Paid Search,2045,100,102.96,6,583.92
2025-05-15,CMP-1001,Paid-Search,3070,154,240.22,4,578.87
2025-07-03,CMP-1004,Paid Social,1410,21,21.88,0,0.0
2025-08-20,CMP-1017,Affiliate,878,16,6.9,0,0.0
2025-05-02,CMP-1019,Organic Social,3158,60,0.0,1,44.61
2025-08-22,CMP-1016,Affiliate,686,23,22.79,2,197.51
2025-06-02,CMP-1018,Organic Social,5159,79,0.0,0,0.0
2025-05-20,CMP-1014,Display,1545,12,9.44,1,61.12
2025-08-13,CMP-1004,Paid Social,2084,21,16.23,1,90.96
2025-04-20,CMP-1014,Display,1419,7,4.29,0,0.0
2025-06-30,CMP-1014,Display,1971,4,2.81,0,0.0
2025-08-16,CMP-1016,Affiliate,655,12,6.02,0,0.0
2025-02-19,CMP-1011,Email,5125,147,10.09,8,485.18
2025-06-05,CMP-1020,Organic Social,4108,61,0.0,1,65.84
2025-04-14,CMP-1009,Email,1129,36,5.14,4,379.93
2025-06-05,CMP-1000,Paid Search,2457,99,171.84,4,461.49
2025-06-19,CMP-1010,Email,1264,37,7.03,1,62.07
2025-01-20,CMP-1011,Email,6310,200,17.43,17,810.59
2025-06-04,CMP-1019,Organic Social,2992,42,0.0,0,0.0
2025-05-19,CMP-1008,Email,1367,48,3.37,5,711.23
2025-06-18,CMP-1004,Paid Social,1039,15,12.32,0,0.0
2025-03-23,CMP-1018,Organic Social,3105,41,0.0,0,0.0
2025-04-16,CMP-1009,Email,1266,26,2.18,1,120.56
2025-05-24,CMP-1006,Paid Social,1143,14,23.1,0,0.0
2025-04-14,CMP-1007,Paid Social,3969,41,27.95,0,0.0
2025-03-26,CMP-1006,Paid Social,1805,29,19.18,0,0.0
2025-07-05,CMP-1017,Affiliate,587,13,5.2,1,74.93
2025-05-30,CMP-1001,Paid Search,4679,266,376.39,24,1613.2
2025-04-19,CMP-1000,Paid Search,1983,51,56.04,2,150.38
2025-05-10,CMP-1016,affiliates,500,10,6.25,0,0.0
2025-02-07,CMP-1007,Paid Social,4024,58,55.99,1,95.64
2025-03-19,CMP-1005,Paid Social,6613,80,115.74,2,160.23
2025-07-27,CMP-1008,Email,592,16,1.33,1,83.56
2025-03-11,CMP-1017,Affiliate,670,12,6.78,0,0.0
2025-08-23,CMP-1004,Paid Social,1629,13,18.15,0,0.0
2025-05-03,CMP-1020,Organic Social,2221,27,0.0,1,102.12
2025-06-28,CMP-1014,Display,1002,6,4.3,0,0.0
2025-03-23,CMP-1000,Paid Search,1093,55,93.32,4,391.38
2025-05-03,CMP-1001,Paid Search,3319,137,144.1,6,795.23
2025-05-08,CMP-1000,Paid Search,2973,169,414.81,4,222.4
2025-03-21,CMP-1019,Organic Social,3791,39,0.0,0,0.0
2025-05-22,CMP-1020,Organic Social,4482,83,0.0,1,41.3
2025-11-13,CMP-1004,Paid Social,2864,26,18.95,1,88.42
2025-05-11,CMP-1002,Paid Search,725,34,84.15,0,0.0
2025-03-26,CMP-1013,Display,2843,12,10.06,0,0.0
2025-01-23,CMP-1012,Display,6097,22,13.54,0,0.0
2025-06-30,CMP-1019,Organic Social,2227,45,0.0,1,68.82
2025-10-01,CMP-1008,Email,1003,31,3.67,0,0.0
2025-04-19,CMP-1020,Organic Social,2737,53,0.0,1,54.51
2025-07-27,CMP-1004,Paid Social,1389,23,20.77,1,75.79
2025-09-01,CMP-1016,Affiliate,957,19,14.01,2,139.6
2025-06-11,CMP-1006,Paid Social,1825,17,11.57,1,110.96
2025-05-27,CMP-1008,Email,1262,26,4.46,0,0.0
2025-04-21,CMP-1017,Affiliate,719,15,10.29,0,0.0
2025-09-05,CMP-1016,Affiliate,983,18,16.56,0,0.0
2025-07-06,CMP-1014,Display,846,7,3.57,0,0.0
2025-05-30,CMP-1015,Affiliate,6367,96,82.91,4,285.53
2025-03-06,CMP-1005,Paid Social,9776,153,106.42,0,0.0
2025-03-15,CMP-1017,Affiliate,535,7,2.87,0,0.0
2025-02-04,CMP-1012,Display,5210,25,11.18,0,0.0
2025-09-03,CMP-1017,Affiliate,825,4,3.55,0,0.0
2025-04-24,CMP-1003,Paid Search,1512,83,149.29,3,295.53
2025-04-15,CMP-1001,Paid Search,3013,148,324.89,6,543.96
2025-09-27,CMP-1003,Paid Search,1147,43,63.97,0,0.0
2025-04-06,CMP-1001,Paid Search,3144,136,124.74,10,1329.25
2025-06-27,CMP-1006,Paid Social,2044,13,22.67,1,106.05
2025-02-25,CMP-1012,Display,5450,19,13.7,0,0.0
2025-04-02,CMP-1018,Organic Social,4227,76,0.0,1,111.0
2025-08-14,CMP-1000,Paid Search,3082,190,279.05,9,813.33
2025-02-22,CMP-1019,Organic Social,3093,75,0.0,1,39.98
2025-09-29,CMP-1017,Affiliate,803,18,12.57,0,0.0
2025-06-05,CMP-1018,Organic Social,4136,107,0.0,0,0.0
2025-04-14,CMP-1014,Display,1452,10,5.85,1,51.57
2025-07-23,CMP-1017,Affiliate,695,18,21.04,0,0.0
2025-04-05,CMP-1004,Paid Social,1394,9,14.26,0,0.0
2025-03-31,CMP-1000,Paid Search,2372,139,220.44,11,963.39
2025-05-05,CMP-1009,Email,1186,42,6.5,3,411.71
2025-05-24,CMP-1001,Paid Search,3089,84,109.93,3,171.28
2025-02-01,CMP-1007,Paid Social,2787,34,25.05,0,0.0
2025-07-21,CMP-1020,Organic Social,3382,90,0.0,0,0.0
2025-05-31,CMP-1008,Email,1293,35,6.3,0,0.0
2025-08-05,CMP-1020,organic social,3432,72,0.0,0,0.0
2025-05-31,CMP-1018,Organic Social,3161,78,0.0,1,81.47
2025-11-03,CMP-1004,Paid Social,2267,22,17.27,0,0.0
2025-05-20,CMP-1000,Paid Search,1500,49,123.23,7,667.16
2025-07-04,CMP-1014,Display,1699,5,5.2,0,0.0
2025-05-15,CMP-1016,Affiliate,969,15,9.08,2,161.27
2025-05-15,CMP-1020,Organic Social,3914,43,,1,104.71
2025-04-01,CMP-1002,Paid Search,969,43,58.7,1,84.31
2025-07-10,CMP-1019,Organic Social,2980,46,0.0,0,0.0
2025-06-10,CMP-1013,Display,2120,11,8.17,0,0.0
2025-09-28,CMP-1017,Affiliate,471,5,5.84,0,0.0
2025-05-13,CMP-1002,Paid Search,1044,51,69.44,3,207.13
2025-02-17,CMP-1009,Email,1560,67,8.62,7,545.45
2025-06-16,CMP-1002,Paid Search,934,47,77.66,2,277.93
2025-05-22,CMP-1004,Paid Social,1805,19,21.42,1,59.21
2025-06-26,CMP-1002,Paid Search,869,30,77.62,3,225.77
2025-11-22,CMP-1008,Email,2014,65,10.75,8,987.92
2025-07-09,CMP-1000,Paid Search,2060,70,71.26,4,315.84
2025-03-06,CMP-1010,Email,1338,44,5.07,1,62.87
2025-05-19,CMP-1015,Affiliate,6149,155,,6,718.79
2025-04-21,CMP-1006,Paid Social,1884,17,22.51,1,81.38
2025-03-01,CMP-1000,Paid Search,1780,52,67.77,4,469.75
2025-09-10,CMP-1019,Organic Social,3001,47,0.0,0,0.0
2025-06-15,CMP-1003,Paid Search,1076,41,104.69,1,89.18
2025-05-30,CMP-1002,Paid Search,1255,73,129.54,3,298.3
2025-11-06,CMP-1004,Paid Social,2974,23,38.21,1,114.81
2025-09-13,CMP-1017,Affiliate,508,9,4.52,0,0.0
2025-09-15,CMP-1004,Paid Social,1716,18,10.45,0,0.0
2025-01-29,CMP-1013,Display,1970,10,10.79,0,0.0
2025-03-29,CMP-1014,Display,1034,8,7.17,0,0.0
2025-05-10,CMP-1017,affiliates,497,12,13.02,1,81.49
2025-05-26,CMP-1002,Paid Search,725,55,62.9,2,255.67
2025-07-12,CMP-1014,Display,1068,7,6.26,0,0.0
2025-10-19,CMP-1004,Paid Social,1487,17,17.6,0,0.0
2025-03-11,CMP-1001,Paid Search,3589,176,389.39,12,1188.58
2025-01-18,CMP-1011,Email,5663,156,26.99,5,579.14
2025-05-03,CMP-1002,Paid Search,737,25,51.22,1,76.07
2025-05-03,CMP-1018,Organic Social,3771,94,0.0,0,0.0
2025-04-13,CMP-1007,Paid Social,3349,40,28.63,0,0.0
2025-05-05,CMP-1001,Paid Search,3839,204,256.04,3,312.63
2025-03-08,CMP-1005,Paid Social,6321,82,70.95,1,57.13
2025-02-02,CMP-1002,Paid Search,839,50,125.5,0,0.0
2025-07-12,CMP-1000,Paid Search,2218,92,207.21,8,1039.32
2025-03-14,CMP-1007,Paid Social,3114,35,36.27,0,0.0
2025-02-22,CMP-1002,Paid Search,812,37,43.39,4,474.86
2025-03-24,CMP-1002,Paid Search,974,39,75.52,4,574.86
2025-08-15,CMP-1004,Paid Social,1068,16,16.07,0,0.0
2025-02-23,CMP-1018,Organic Social,2907,25,0.0,0,0.0
2025-03-07,CMP-1017,Affiliate,736,25,13.52,0,0.0
2025-02-08,CMP-1011,Email,4109,71,5.13,4,406.0
2025-07-22,CMP-1017,Affiliate,751,22,20.82,0,0.0
2025-09-26,CMP-1019,Organic Social,3649,49,0.0,1,50.09
2025-03-27,CMP-1005,Paid Social,8650,163,279.72,4,354.54
2025-03-23,CMP-1013,Display,1496,8,3.04,0,0.0
2025-01-23,CMP-1018,Organic Social,4539,85,0.0,1,78.65
2025-05-15,CMP-1013,Display,2888,16,16.33,0,0.0
2025-04-09,CMP-1006,Paid Social,1243,17,22.2,0,0.0
2025-04-17,CMP-1020,Organic Social,2240,37,0.0,0,0.0
2025-05-29,CMP-1000,Paid Search,2569,181,397.07,10,1111.4
2025-08-08,CMP-1014,Display,1548,4,2.68,0,0.0
2025-04-04,CMP-1012,Display,8334,32,16.11,0,0.0
2025-04-07,CMP-1009,Email,978,29,2.54,3,183.7
2025-03-28,CMP-1000,Paid Search,2790,95,242.14,5,478.91
2025-10-26,CMP-1008,Email,936,25,3.67,3,283.93
2025-05-16,CMP-1002,Paid Search,923,47,71.15,1,57.34
2025-07-10,CMP-1008,Email,1160,34,89.5,0,0.0
2025-06-05,CMP-1014,Display,1367,6,5.98,0,0.0
2025-09-02,CMP-1019,Organic Social,3124,53,0.0,0,0.0
2025-03-27,CMP-1013,Display,2372,17,9.54,0,0.0
2025-08-12,CMP-1019,Organic Social,3601,50,0.0,0,0.0
2025-03-26,CMP-1001,Paid Search,3110,104,253.23,7,1002.38
2025-07-12,CMP-1006,Paid Social,1280,2,3.49,0,0.0
2025-06-06,CMP-1013,Display,2263,5,4.84,0,0.0
2025-08-27,CMP-1019,Organic Social,3037,27,0.0,1,40.93
2025-03-29,CMP-1009,Email,755,25,2.61,2,288.63
2025-09-29,CMP-1019,Organic Social,3757,81,0.0,1,66.13
2025-03-25,CMP-1001,Paid Search,4073,171,224.22,8,836.79
2025-07-16,CMP-1017,Affiliate,968,19,11.21,0,0.0
2025-05-31,CMP-1017,Affiliate,505,3,2.33,0,0.0
2025-05-28,CMP-1016,Affiliate,853,28,22.28,1,97.72
2025-03-05,CMP-1013,Display,1991,9,7.79,1,77.03
2025-07-16,CMP-1004,Paid Social,2208,16,21.23,0,0.0
2025-06-06,CMP-1006,Paid Social,2052,21,17.98,0,0.0
2025-03-24,CMP-1014,Display,1479,3,3.24,0,0.0
2025-02-20,CMP-1009,Email,1167,42,6.98,2,214.59
2025-10-04,CMP-1019,Organic Social,2311,50,0.0,1,55.44
2025-05-13,CMP-1019,Organic Social,3399,73,0.0,1,91.91
2025-02-18,CMP-1011,Email,3321,110,18.61,8,824.79
2025-08-04,CMP-1014,Display,1638,4,1.58,0,0.0
2025-05-02,CMP-1018,Organic Social,2452,44,0.0,2,134.07
